ISO-10303-21;
HEADER;
FILE_DESCRIPTION (( 'STEP AP214' ),
    '1' );
FILE_NAME ('User Library-SIL_Socket06_.STEP',
    '2026-08-28T19:40:54',
    ( '' ),
    ( '' ),
    'SwSTEP 2.0',
    'SolidWorks 2022',
    '' );
FILE_SCHEMA (( 'AUTOMOTIVE_DESIGN' ));
ENDSEC;

DATA;
#1 = SURFACE_STYLE_USAGE ( .BOTH. , #1095 ) ;
#2 = ADVANCED_FACE ( 'NONE', ( #743 ), #1066, .F. ) ;
#3 = DIRECTION ( 'NONE',  ( -0.0000000000000000000, 1.000000000000000000, 0.0000000000000000000 ) ) ;
#4 = SURFACE_STYLE_FILL_AREA ( #657 ) ;
#5 = SURFACE_SIDE_STYLE ('',( #1645 ) ) ;
#6 = ORIENTED_EDGE ( 'NONE', *, *, #1757, .F. ) ;
#7 = ORIENTED_EDGE ( 'NONE', *, *, #1057, .F. ) ;
#8 = FACE_OUTER_BOUND ( 'NONE', #510, .T. ) ;
#9 = DIRECTION ( 'NONE',  ( 1.000000000000000000, 0.0000000000000000000, 0.0000000000000000000 ) ) ;
#10 = CARTESIAN_POINT ( 'NONE',  ( 0.0000000000000000000, -0.1000000000000000056, 0.0000000000000000000 ) ) ;
#11 = VERTEX_POINT ( 'NONE', #783 ) ;
#12 =( NAMED_UNIT ( * ) SI_UNIT ( $, .STERADIAN. ) SOLID_ANGLE_UNIT ( ) );
#13 = ORIENTED_EDGE ( 'NONE', *, *, #1506, .F. ) ;
#14 = LINE ( 'NONE', #1013, #459 ) ;
#15 = CARTESIAN_POINT ( 'NONE',  ( 0.5080000000000000071, 0.0000000000000000000, 0.0000000000000000000 ) ) ;
#16 = DIRECTION ( 'NONE',  ( -0.0000000000000000000, 0.0000000000000000000, 1.000000000000000000 ) ) ;
#17 = SURFACE_SIDE_STYLE ('',( #952 ) ) ;
#18 = STYLED_ITEM ( 'NONE', ( #436 ), #2 ) ;
#19 = ORIENTED_EDGE ( 'NONE', *, *, #1869, .T. ) ;
#20 = PRESENTATION_STYLE_ASSIGNMENT (( #491 ) ) ;
#21 = EDGE_CURVE ( 'NONE', #1713, #241, #1414, .T. ) ;
#22 = CARTESIAN_POINT ( 'NONE',  ( 0.07499999999999999722, 0.0000000000000000000, 0.8250000000000000666 ) ) ;
#23 = AXIS2_PLACEMENT_3D ( 'NONE', #645, #972, #1106 ) ;
#24 = ORIENTED_EDGE ( 'NONE', *, *, #1164, .F. ) ;
#25 = MECHANICAL_DESIGN_GEOMETRIC_PRESENTATION_REPRESENTATION (  '', ( #1534 ), #200 ) ;
#26 = COLOUR_RGB ( '',0.05882352941176470507, 0.05882352941176470507, 0.05882352941176470507 ) ;
#27 = DIRECTION ( 'NONE',  ( 1.000000000000000000, 0.0000000000000000000, 0.0000000000000000000 ) ) ;
#28 = PRESENTATION_LAYER_ASSIGNMENT (  '', '', ( #363 ) ) ;
#29 =( GEOMETRIC_REPRESENTATION_CONTEXT ( 3 ) GLOBAL_UNCERTAINTY_ASSIGNED_CONTEXT ( ( #635 ) ) GLOBAL_UNIT_ASSIGNED_CONTEXT ( ( #1824, #876, #1683 ) ) REPRESENTATION_CONTEXT ( 'NONE', 'WORKASPACE' ) );
#30 = PRESENTATION_STYLE_ASSIGNMENT (( #1461 ) ) ;
#31 = ORIENTED_EDGE ( 'NONE', *, *, #1270, .F. ) ;
#32 = PRESENTATION_STYLE_ASSIGNMENT (( #1432 ) ) ;
#33 = DIRECTION ( 'NONE',  ( -0.5773502691896249539, 0.5773502691896269523, -0.5773502691896253980 ) ) ;
#34 = EDGE_CURVE ( 'NONE', #1214, #1402, #637, .T. ) ;
#35 = ORIENTED_EDGE ( 'NONE', *, *, #1910, .F. ) ;
#36 = FILL_AREA_STYLE_COLOUR ( '', #194 ) ;
#37 = CONTEXT_DEPENDENT_SHAPE_REPRESENTATION ( #341, #1076 ) ;
#38 = FACE_OUTER_BOUND ( 'NONE', #671, .T. ) ;
#39 = DIRECTION ( 'NONE',  ( 0.7071067811865460184, 0.0000000000000000000, 0.7071067811865490160 ) ) ;
#40 = CARTESIAN_POINT ( 'NONE',  ( 0.06003131717443468962, 0.02000000000000000042, 0.7330832898901311623 ) ) ;
#41 = DIRECTION ( 'NONE',  ( 1.000000000000000000, 0.0000000000000000000, -0.0000000000000000000 ) ) ;
#42 = ORIENTED_EDGE ( 'NONE', *, *, #1893, .F. ) ;
#43 = SURFACE_SIDE_STYLE ('',( #505 ) ) ;
#44 = SURFACE_STYLE_USAGE ( .BOTH. , #998 ) ;
#45 = ORIENTED_EDGE ( 'NONE', *, *, #949, .T. ) ;
#46 = CARTESIAN_POINT ( 'NONE',  ( 0.06003131717443468962, 0.02000000000000000042, 0.5529086589813229091 ) ) ;
#47 = PLANE ( 'NONE',  #317 ) ;
#48 = DIRECTION ( 'NONE',  ( 0.0000000000000000000, 0.0000000000000000000, 1.000000000000000000 ) ) ;
#49 = SURFACE_SIDE_STYLE ('',( #521 ) ) ;
#50 = EDGE_LOOP ( 'NONE', ( #417, #907, #1936, #2026 ) ) ;
#51 = FACE_OUTER_BOUND ( 'NONE', #1009, .T. ) ;
#52 = LINE ( 'NONE', #1168, #1125 ) ;
#53 = AXIS2_PLACEMENT_3D ( 'NONE', #1278, #990, #155 ) ;
#54 = VECTOR ( 'NONE', #440, 100.0000000000000000 ) ;
#55 = STYLED_ITEM ( 'NONE', ( #1726 ), #306 ) ;
#56 = CIRCLE ( 'NONE', #596, 0.009999999999999939493 ) ;
#57 = PRESENTATION_LAYER_ASSIGNMENT (  '', '', ( #1228 ) ) ;
#58 = EDGE_CURVE ( 'NONE', #1987, #1879, #383, .T. ) ;
#59 = FILL_AREA_STYLE_COLOUR ( '', #655 ) ;
#60 = DIRECTION ( 'NONE',  ( 1.658928450709476921E-64, -7.979599084288239752E-33, -1.000000000000000000 ) ) ;
#61 = DIRECTION ( 'NONE',  ( -0.0000000000000000000, 1.000000000000000000, 0.0000000000000000000 ) ) ;
#62 = FILL_AREA_STYLE_COLOUR ( '', #299 ) ;
#63 = PRESENTATION_LAYER_ASSIGNMENT (  '', '', ( #1296 ) ) ;
#64 = ORIENTED_EDGE ( 'NONE', *, *, #311, .F. ) ;
#65 = AXIS2_PLACEMENT_3D ( 'NONE', #1041, #1479, #41 ) ;
#66 =( LENGTH_UNIT ( ) NAMED_UNIT ( * ) SI_UNIT ( .CENTI., .METRE. ) );
#67 = CARTESIAN_POINT ( 'NONE',  ( -0.07256359958761600393, 0.02000000000000000042, 0.7621829240858799537 ) ) ;
#68 = ORIENTED_EDGE ( 'NONE', *, *, #328, .T. ) ;
#69 = APPLICATION_PROTOCOL_DEFINITION ( 'draft international standard', 'automotive_design', 1998, #2052 ) ;
#70 =( NAMED_UNIT ( * ) SI_UNIT ( $, .STERADIAN. ) SOLID_ANGLE_UNIT ( ) );
#71 = FILL_AREA_STYLE_COLOUR ( '', #1401 ) ;
#72 = ADVANCED_FACE ( 'NONE', ( #38 ), #248, .T. ) ;
#73 = VERTEX_POINT ( 'NONE', #535 ) ;
#74 = FACE_OUTER_BOUND ( 'NONE', #165, .T. ) ;
#75 = CARTESIAN_POINT ( 'NONE',  ( -0.06836365425400149631, 0.02000000000000000042, 0.08882838487625120683 ) ) ;
#76 = LINE ( 'NONE', #67, #1059 ) ;
#77 = ORIENTED_EDGE ( 'NONE', *, *, #1680, .T. ) ;
#78 =( LENGTH_UNIT ( ) NAMED_UNIT ( * ) SI_UNIT ( .CENTI., .METRE. ) );
#79 = FILL_AREA_STYLE ('',( #875 ) ) ;
#80 = ORIENTED_EDGE ( 'NONE', *, *, #1236, .F. ) ;
#81 = FILL_AREA_STYLE ('',( #1215 ) ) ;
#82 = FILL_AREA_STYLE_COLOUR ( '', #362 ) ;
#83 = EDGE_CURVE ( 'NONE', #1859, #336, #1973, .T. ) ;
#84 = FACE_OUTER_BOUND ( 'NONE', #1932, .T. ) ;
#85 = ORIENTED_EDGE ( 'NONE', *, *, #1606, .F. ) ;
#86 = FACE_OUTER_BOUND ( 'NONE', #1393, .T. ) ;
#87 =( REPRESENTATION_RELATIONSHIP ('NONE','NONE', #281, #1918 ) REPRESENTATION_RELATIONSHIP_WITH_TRANSFORMATION ( #884 )SHAPE_REPRESENTATION_RELATIONSHIP( ) );
#88 = AXIS2_PLACEMENT_3D ( 'NONE', #748, #1892, #1386 ) ;
#89 = AXIS2_PLACEMENT_3D ( 'NONE', #192, #1966, #1152 ) ;
#90 =( LENGTH_UNIT ( ) NAMED_UNIT ( * ) SI_UNIT ( .CENTI., .METRE. ) );
#91 = CARTESIAN_POINT ( 'NONE',  ( -0.1000000000000000056, 0.0000000000000000000, 0.8500000000000000888 ) ) ;
#92 = UNCERTAINTY_MEASURE_WITH_UNIT (LENGTH_MEASURE( 1.000000000000000082E-05 ), #1209, 'distance_accuracy_value', 'NONE');
#93 = EDGE_LOOP ( 'NONE', ( #6, #212, #996, #414 ) ) ;
#94 = DIRECTION ( 'NONE',  ( 0.0000000000000000000, 0.0000000000000000000, 1.000000000000000000 ) ) ;
#95 = SURFACE_STYLE_USAGE ( .BOTH. , #1390 ) ;
#96 = VECTOR ( 'NONE', #906, 100.0000000000000000 ) ;
#97 =( NAMED_UNIT ( * ) PLANE_ANGLE_UNIT ( ) SI_UNIT ( $, .RADIAN. ) );
#98 = COLOUR_RGB ( '',0.1019607843137254888, 0.1019607843137254888, 0.1019607843137254888 ) ;
#99 = MECHANICAL_DESIGN_GEOMETRIC_PRESENTATION_REPRESENTATION (  '', ( #569 ), #29 ) ;
#100 = EDGE_CURVE ( 'NONE', #438, #615, #518, .T. ) ;
#101 = VERTEX_POINT ( 'NONE', #1994 ) ;
#102 = CARTESIAN_POINT ( 'NONE',  ( -0.09428034581422810312, -0.02000000000000000042, 0.7873271032559990834 ) ) ;
#103 = CARTESIAN_POINT ( 'NONE',  ( 6.071532165918820208E-18, -0.02000000000000000042, 0.02843064381840689978 ) ) ;
#104 = CONTEXT_DEPENDENT_SHAPE_REPRESENTATION ( #667, #472 ) ;
#105 = SURFACE_SIDE_STYLE ('',( #2048 ) ) ;
#106 = ORIENTED_EDGE ( 'NONE', *, *, #1053, .T. ) ;
#107 = ORIENTED_EDGE ( 'NONE', *, *, #274, .F. ) ;
#108 = LINE ( 'NONE', #1722, #1463 ) ;
#109 = SURFACE_SIDE_STYLE ('',( #947 ) ) ;
#110 = FILL_AREA_STYLE_COLOUR ( '', #662 ) ;
#111 = VERTEX_POINT ( 'NONE', #403 ) ;
#112 = FACE_OUTER_BOUND ( 'NONE', #443, .T. ) ;
#113 = DIRECTION ( 'NONE',  ( -0.1400372197710414990, 0.0000000000000000000, -0.9901462402487811731 ) ) ;
#114 = DIRECTION ( 'NONE',  ( -0.0000000000000000000, 1.000000000000000000, 0.0000000000000000000 ) ) ;
#115 = UNCERTAINTY_MEASURE_WITH_UNIT (LENGTH_MEASURE( 1.000000000000000082E-05 ), #739, 'distance_accuracy_value', 'NONE');
#116 = DIRECTION ( 'NONE',  ( -1.000000000000000000, 0.0000000000000000000, -0.0000000000000000000 ) ) ;
#117 = DIRECTION ( 'NONE',  ( -1.658928450709476921E-64, 7.979599084288239752E-33, 1.000000000000000000 ) ) ;
#118 = CARTESIAN_POINT ( 'NONE',  ( 0.1270000000000000018, -0.1270000000000000018, 0.8500000000000000888 ) ) ;
#119 = APPLICATION_CONTEXT ( 'automotive_design' ) ;
#120 = ORIENTED_EDGE ( 'NONE', *, *, #1766, .T. ) ;
#121 = LINE ( 'NONE', #150, #1200 ) ;
#122 = CARTESIAN_POINT ( 'NONE',  ( 0.06003131717443470350, -0.02000000000000000042, 0.7330832898901310513 ) ) ;
#123 = PRODUCT_DEFINITION_SHAPE ( 'NONE', 'NONE',  #2068 ) ;
#124 = MECHANICAL_DESIGN_GEOMETRIC_PRESENTATION_REPRESENTATION (  '', ( #1739 ), #1526 ) ;
#125 = ADVANCED_FACE ( 'NONE', ( #375 ), #1158, .T. ) ;
#126 = DIRECTION ( 'NONE',  ( -0.9184463813430879808, 0.0000000000000000000, 0.3955455025629632249 ) ) ;
#127 =( GEOMETRIC_REPRESENTATION_CONTEXT ( 3 ) GLOBAL_UNCERTAINTY_ASSIGNED_CONTEXT ( ( #656 ) ) GLOBAL_UNIT_ASSIGNED_CONTEXT ( ( #618, #1384, #1600 ) ) REPRESENTATION_CONTEXT ( 'NONE', 'WORKASPACE' ) );
#128 = VECTOR ( 'NONE', #94, 100.0000000000000000 ) ;
#129 = VERTEX_POINT ( 'NONE', #1356 ) ;
#130 = STYLED_ITEM ( 'NONE', ( #891 ), #1790 ) ;
#131 = COLOUR_RGB ( '',0.1019607843137254888, 0.1019607843137254888, 0.1019607843137254888 ) ;
#132 = DIRECTION ( 'NONE',  ( 0.0000000000000000000, 0.0000000000000000000, 1.000000000000000000 ) ) ;
#133 = VECTOR ( 'NONE', #1560, 100.0000000000000000 ) ;
#134 = AXIS2_PLACEMENT_3D ( 'NONE', #1556, #1880, #1545 ) ;
#135 = FACE_OUTER_BOUND ( 'NONE', #1300, .T. ) ;
#136 = FILL_AREA_STYLE_COLOUR ( '', #858 ) ;
#137 =( NAMED_UNIT ( * ) PLANE_ANGLE_UNIT ( ) SI_UNIT ( $, .RADIAN. ) );
#138 =( LENGTH_UNIT ( ) NAMED_UNIT ( * ) SI_UNIT ( .CENTI., .METRE. ) );
#139 = UNCERTAINTY_MEASURE_WITH_UNIT (LENGTH_MEASURE( 1.000000000000000082E-05 ), #246, 'distance_accuracy_value', 'NONE');
#140 = EDGE_LOOP ( 'NONE', ( #887, #1265, #1551, #1087 ) ) ;
#141 = CARTESIAN_POINT ( 'NONE',  ( -0.1000000000000000056, 0.0000000000000000000, 0.7399999999999999911 ) ) ;
#142 = CARTESIAN_POINT ( 'NONE',  ( -0.06003131717443468962, 0.02000000000000000042, 0.5529086589813230201 ) ) ;
#143 = EDGE_CURVE ( 'NONE', #1731, #470, #1015, .T. ) ;
#144 = DIRECTION ( 'NONE',  ( 0.9184463813430879808, 0.0000000000000000000, 0.3955455025629632249 ) ) ;
#145 = DIRECTION ( 'NONE',  ( 0.0000000000000000000, 0.0000000000000000000, 1.000000000000000000 ) ) ;
#146 = MANIFOLD_SOLID_BREP ( 'Imported1', #719 ) ;
#147 = SURFACE_STYLE_USAGE ( .BOTH. , #303 ) ;
#148 = LINE ( 'NONE', #156, #525 ) ;
#149 = LINE ( 'NONE', #582, #133 ) ;
#150 = CARTESIAN_POINT ( 'NONE',  ( 9.462128050782550710E-19, -0.04999999999999991257, 0.8000000000000000444 ) ) ;
#151 = DIRECTION ( 'NONE',  ( -0.0000000000000000000, -1.000000000000000000, 0.0000000000000000000 ) ) ;
#152 = DIRECTION ( 'NONE',  ( -0.0000000000000000000, -0.0000000000000000000, 1.000000000000000000 ) ) ;
#153 =( LENGTH_UNIT ( ) NAMED_UNIT ( * ) SI_UNIT ( .CENTI., .METRE. ) );
#154 = UNCERTAINTY_MEASURE_WITH_UNIT (LENGTH_MEASURE( 1.000000000000000082E-05 ), #1269, 'distance_accuracy_value', 'NONE');
#155 = DIRECTION ( 'NONE',  ( 0.0000000000000000000, -0.0000000000000000000, 1.000000000000000000 ) ) ;
#156 = CARTESIAN_POINT ( 'NONE',  ( -0.02129999999999999949, -0.02000000000000000042, -1.045954227447509988 ) ) ;
#157 =( NAMED_UNIT ( * ) SI_UNIT ( $, .STERADIAN. ) SOLID_ANGLE_UNIT ( ) );
#158 = UNCERTAINTY_MEASURE_WITH_UNIT (LENGTH_MEASURE( 1.000000000000000082E-05 ), #78, 'distance_accuracy_value', 'NONE');
#159 = STYLED_ITEM ( 'NONE', ( #1815 ), #1351 ) ;
#160 = COLOUR_RGB ( '',0.8666666666666666963, 0.7725490196078431682, 0.2156862745098039325 ) ;
#161 = ORIENTED_EDGE ( 'NONE', *, *, #370, .T. ) ;
#162 = LINE ( 'NONE', #1354, #1532 ) ;
#163 = AXIS2_PLACEMENT_3D ( 'NONE', #369, #1762, #1948 ) ;
#164 = CARTESIAN_POINT ( 'NONE',  ( 0.06003131717443468962, -0.02000000000000000042, 0.5529086589813229091 ) ) ;
#165 = EDGE_LOOP ( 'NONE', ( #1348, #551, #1467, #713 ) ) ;
#166 = DIRECTION ( 'NONE',  ( 1.000000000000000000, 0.0000000000000000000, 0.0000000000000000000 ) ) ;
#167 = VECTOR ( 'NONE', #754, 100.0000000000000000 ) ;
#168 = COLOUR_RGB ( '',0.8666666666666666963, 0.7725490196078431682, 0.2156862745098039325 ) ;
#169 = FACE_BOUND ( 'NONE', #253, .T. ) ;
#170 =( GEOMETRIC_REPRESENTATION_CONTEXT ( 3 ) GLOBAL_UNCERTAINTY_ASSIGNED_CONTEXT ( ( #742 ) ) GLOBAL_UNIT_ASSIGNED_CONTEXT ( ( #751, #588, #578 ) ) REPRESENTATION_CONTEXT ( 'NONE', 'WORKASPACE' ) );
#171 = DIRECTION ( 'NONE',  ( 0.0000000000000000000, 1.000000000000000000, 0.0000000000000000000 ) ) ;
#172 = DIRECTION ( 'NONE',  ( 0.0000000000000000000, -0.0000000000000000000, 1.000000000000000000 ) ) ;
#173 = DIRECTION ( 'NONE',  ( 0.0000000000000000000, -0.0000000000000000000, -1.000000000000000000 ) ) ;
#174 = MANIFOLD_SOLID_BREP ( 'Imported1', #1898 ) ;
#175 = ORIENTED_EDGE ( 'NONE', *, *, #565, .F. ) ;
#176 = ORIENTED_EDGE ( 'NONE', *, *, #251, .F. ) ;
#177 = FILL_AREA_STYLE ('',( #214 ) ) ;
#178 = CARTESIAN_POINT ( 'NONE',  ( 0.0000000000000000000, 0.0000000000000000000, 0.0000000000000000000 ) ) ;
#179 = PRODUCT_DEFINITION_CONTEXT ( 'detailed design', #2052, 'design' ) ;
#180 = ADVANCED_FACE ( 'NONE', ( #1555 ), #1240, .T. ) ;
#181 = CARTESIAN_POINT ( 'NONE',  ( -0.1000000000000000056, 0.0000000000000000000, 0.0000000000000000000 ) ) ;
#182 = CARTESIAN_POINT ( 'NONE',  ( 0.03244696269377490144, -0.02000000000000000042, -0.4391551009237280034 ) ) ;
#183 = VERTEX_POINT ( 'NONE', #187 ) ;
#184 = LINE ( 'NONE', #969, #424 ) ;
#185 = EDGE_LOOP ( 'NONE', ( #479, #13, #1702, #689 ) ) ;
#186 =( LENGTH_UNIT ( ) NAMED_UNIT ( * ) SI_UNIT ( .CENTI., .METRE. ) );
#187 = CARTESIAN_POINT ( 'NONE',  ( 0.1270000000000000018, 0.1270000000000000018, 0.8500000000000000888 ) ) ;
#188 = CARTESIAN_POINT ( 'NONE',  ( -0.1270000000000000018, 0.1270000000000000018, 0.8500000000000000888 ) ) ;
#189 = FILL_AREA_STYLE ('',( #806 ) ) ;
#190 = CARTESIAN_POINT ( 'NONE',  ( 0.0000000000000000000, -0.1270000000000000018, 0.8500000000000000888 ) ) ;
#191 = VERTEX_POINT ( 'NONE', #1423 ) ;
#192 = CARTESIAN_POINT ( 'NONE',  ( 6.071532165918820208E-18, 0.02000000000000000042, 0.02843064381840689978 ) ) ;
#193 = PLANE ( 'NONE',  #2005 ) ;
#194 = COLOUR_RGB ( '',0.06666666666666666574, 0.06666666666666666574, 0.06666666666666666574 ) ;
#195 = EDGE_CURVE ( 'NONE', #882, #1028, #1257, .T. ) ;
#196 = ORIENTED_EDGE ( 'NONE', *, *, #195, .F. ) ;
#197 = STYLED_ITEM ( 'NONE', ( #1975 ), #1073 ) ;
#198 = AXIS2_PLACEMENT_3D ( 'NONE', #1508, #879, #1344 ) ;
#199 = STYLED_ITEM ( 'NONE', ( #1171 ), #1366 ) ;
#200 =( GEOMETRIC_REPRESENTATION_CONTEXT ( 3 ) GLOBAL_UNCERTAINTY_ASSIGNED_CONTEXT ( ( #1445 ) ) GLOBAL_UNIT_ASSIGNED_CONTEXT ( ( #1251, #2019, #784 ) ) REPRESENTATION_CONTEXT ( 'NONE', 'WORKASPACE' ) );
#201 = AXIS2_PLACEMENT_3D ( 'NONE', #1632, #646, #172 ) ;
#202 = ITEM_DEFINED_TRANSFORMATION ( 'NONE', 'NONE', #432,  #801 ) ;
#203 = STYLED_ITEM ( 'NONE', ( #776 ), #1821 ) ;
#204 = CARTESIAN_POINT ( 'NONE',  ( -0.04999999999999991257, 0.0000000000000000000, 0.8000000000000000444 ) ) ;
#205 = DIRECTION ( 'NONE',  ( 0.0000000000000000000, -1.000000000000000000, -0.0000000000000000000 ) ) ;
#206 = AXIS2_PLACEMENT_3D ( 'NONE', #484, #654, #2055 ) ;
#207 =( GEOMETRIC_REPRESENTATION_CONTEXT ( 3 ) GLOBAL_UNCERTAINTY_ASSIGNED_CONTEXT ( ( #974 ) ) GLOBAL_UNIT_ASSIGNED_CONTEXT ( ( #216, #222, #534 ) ) REPRESENTATION_CONTEXT ( 'NONE', 'WORKASPACE' ) );
#208 = ORIENTED_EDGE ( 'NONE', *, *, #919, .T. ) ;
#209 = ADVANCED_FACE ( 'NONE', ( #330, #169 ), #307, .F. ) ;
#210 = PLANE ( 'NONE',  #198 ) ;
#211 = CARTESIAN_POINT ( 'NONE',  ( -0.05000000000000000278, -0.05000000000000000278, 0.7399999999999999911 ) ) ;
#212 = ORIENTED_EDGE ( 'NONE', *, *, #549, .F. ) ;
#213 = ADVANCED_FACE ( 'NONE', ( #633 ), #978, .T. ) ;
#214 = FILL_AREA_STYLE_COLOUR ( '', #2032 ) ;
#215 = CARTESIAN_POINT ( 'NONE',  ( 6.071532165918820208E-18, -0.02000000000000000042, 0.08882838487625120683 ) ) ;
#216 =( LENGTH_UNIT ( ) NAMED_UNIT ( * ) SI_UNIT ( .CENTI., .METRE. ) );
#217 = PLANE ( 'NONE',  #2028 ) ;
#218 = EDGE_LOOP ( 'NONE', ( #955, #1060, #1284, #379 ) ) ;
#219 = CARTESIAN_POINT ( 'NONE',  ( -0.06003131717443468962, -0.02000000000000000042, 0.02843064381840689978 ) ) ;
#220 = EDGE_CURVE ( 'NONE', #73, #258, #1747, .T. ) ;
#221 =( NAMED_UNIT ( * ) PLANE_ANGLE_UNIT ( ) SI_UNIT ( $, .RADIAN. ) );
#222 =( NAMED_UNIT ( * ) PLANE_ANGLE_UNIT ( ) SI_UNIT ( $, .RADIAN. ) );
#223 = DIRECTION ( 'NONE',  ( 0.0000000000000000000, -0.0000000000000000000, -1.000000000000000000 ) ) ;
#224 = LINE ( 'NONE', #537, #392 ) ;
#225 = DIRECTION ( 'NONE',  ( 1.000000000000000000, 0.0000000000000000000, 0.0000000000000000000 ) ) ;
#226 = EDGE_LOOP ( 'NONE', ( #651, #512, #1043, #1851 ) ) ;
#227 = DIRECTION ( 'NONE',  ( 1.658928450709476921E-64, -7.979599084288239752E-33, -1.000000000000000000 ) ) ;
#228 = DIRECTION ( 'NONE',  ( 0.0000000000000000000, -0.0000000000000000000, 1.000000000000000000 ) ) ;
#229 = VECTOR ( 'NONE', #866, 100.0000000000000000 ) ;
#230 = DIRECTION ( 'NONE',  ( -1.000000000000000000, 0.0000000000000000000, 0.0000000000000000000 ) ) ;
#231 = MECHANICAL_DESIGN_GEOMETRIC_PRESENTATION_REPRESENTATION (  '', ( #489 ), #1495 ) ;
#232 = ORIENTED_EDGE ( 'NONE', *, *, #710, .F. ) ;
#233 = PRESENTATION_LAYER_ASSIGNMENT (  '', '', ( #763 ) ) ;
#234 = ITEM_DEFINED_TRANSFORMATION ( 'NONE', 'NONE', #1619,  #801 ) ;
#235 = VECTOR ( 'NONE', #1350, 100.0000000000000000 ) ;
#236 = MECHANICAL_DESIGN_GEOMETRIC_PRESENTATION_REPRESENTATION (  '', ( #1746 ), #622 ) ;
#237 = SURFACE_STYLE_USAGE ( .BOTH. , #1818 ) ;
#238 = DIRECTION ( 'NONE',  ( -0.0000000000000000000, 0.0000000000000000000, -1.000000000000000000 ) ) ;
#239 = LINE ( 'NONE', #715, #1813 ) ;
#240 = VECTOR ( 'NONE', #915, 100.0000000000000000 ) ;
#241 = VERTEX_POINT ( 'NONE', #1503 ) ;
#242 =( NAMED_UNIT ( * ) PLANE_ANGLE_UNIT ( ) SI_UNIT ( $, .RADIAN. ) );
#243 = PRESENTATION_LAYER_ASSIGNMENT (  '', '', ( #1534 ) ) ;
#244 = DIRECTION ( 'NONE',  ( -0.0000000000000000000, -1.000000000000000000, -0.0000000000000000000 ) ) ;
#245 = ORIENTED_EDGE ( 'NONE', *, *, #21, .F. ) ;
#246 =( LENGTH_UNIT ( ) NAMED_UNIT ( * ) SI_UNIT ( .CENTI., .METRE. ) );
#247 = APPLICATION_PROTOCOL_DEFINITION ( 'draft international standard', 'automotive_design', 1998, #305 ) ;
#248 = CYLINDRICAL_SURFACE ( 'NONE', #290, 0.009999999999999939493 ) ;
#249 = DIRECTION ( 'NONE',  ( -0.0000000000000000000, -1.000000000000000000, -0.0000000000000000000 ) ) ;
#250 = LINE ( 'NONE', #1008, #696 ) ;
#251 = EDGE_CURVE ( 'NONE', #1232, #701, #1802, .T. ) ;
#252 = EDGE_LOOP ( 'NONE', ( #1842, #755, #176, #271 ) ) ;
#253 = EDGE_LOOP ( 'NONE', ( #683, #1834, #1737, #1496 ) ) ;
#254 = SURFACE_STYLE_FILL_AREA ( #1074 ) ;
#255 = ITEM_DEFINED_TRANSFORMATION ( 'NONE', 'NONE', #538,  #801 ) ;
#256 = SURFACE_STYLE_FILL_AREA ( #1689 ) ;
#257 = SURFACE_STYLE_USAGE ( .BOTH. , #1380 ) ;
#258 = VERTEX_POINT ( 'NONE', #1174 ) ;
#259 = DIRECTION ( 'NONE',  ( 1.000000000000000000, 0.0000000000000000000, 0.0000000000000000000 ) ) ;
#260 = EDGE_CURVE ( 'NONE', #1144, #815, #684, .T. ) ;
#261 =( LENGTH_UNIT ( ) NAMED_UNIT ( * ) SI_UNIT ( .CENTI., .METRE. ) );
#262 = PLANE ( 'NONE',  #1290 ) ;
#263 = ORIENTED_EDGE ( 'NONE', *, *, #143, .T. ) ;
#264 =( GEOMETRIC_REPRESENTATION_CONTEXT ( 3 ) GLOBAL_UNCERTAINTY_ASSIGNED_CONTEXT ( ( #954 ) ) GLOBAL_UNIT_ASSIGNED_CONTEXT ( ( #714, #1984, #2000 ) ) REPRESENTATION_CONTEXT ( 'NONE', 'WORKASPACE' ) );
#265 = DIRECTION ( 'NONE',  ( -0.0000000000000000000, -1.000000000000000000, -0.0000000000000000000 ) ) ;
#266 = STYLED_ITEM ( 'NONE', ( #1760 ), #994 ) ;
#267 =( GEOMETRIC_REPRESENTATION_CONTEXT ( 3 ) GLOBAL_UNCERTAINTY_ASSIGNED_CONTEXT ( ( #1388 ) ) GLOBAL_UNIT_ASSIGNED_CONTEXT ( ( #1759, #811, #653 ) ) REPRESENTATION_CONTEXT ( 'NONE', 'WORKASPACE' ) );
#268 = UNCERTAINTY_MEASURE_WITH_UNIT (LENGTH_MEASURE( 1.000000000000000082E-05 ), #741, 'distance_accuracy_value', 'NONE');
#269 =( NAMED_UNIT ( * ) SI_UNIT ( $, .STERADIAN. ) SOLID_ANGLE_UNIT ( ) );
#270 = DIRECTION ( 'NONE',  ( 0.0000000000000000000, 1.000000000000000000, 0.0000000000000000000 ) ) ;
#271 = ORIENTED_EDGE ( 'NONE', *, *, #1757, .T. ) ;
#272 = CARTESIAN_POINT ( 'NONE',  ( 0.08509588200079713782, -0.02000000000000000042, 0.7912825582816289671 ) ) ;
#273 = AXIS2_PLACEMENT_3D ( 'NONE', #1456, #1593, #27 ) ;
#274 = EDGE_CURVE ( 'NONE', #1507, #1154, #1022, .T. ) ;
#275 = ORIENTED_EDGE ( 'NONE', *, *, #2054, .T. ) ;
#276 = PLANE ( 'NONE',  #89 ) ;
#277 = FILL_AREA_STYLE ('',( #1327 ) ) ;
#278 = CARTESIAN_POINT ( 'NONE',  ( 0.08509588200079709619, 0.02000000000000000042, 0.7912825582816289671 ) ) ;
#279 = LINE ( 'NONE', #1235, #829 ) ;
#280 = FACE_OUTER_BOUND ( 'NONE', #185, .T. ) ;
#281 = SHAPE_REPRESENTATION ( 'User Library-SIL_Socket06_', ( #2040, #432, #1619, #1981, #273, #1430, #1677, #206, #538, #1717, #1067, #1620, #1875 ), #207 ) ;
#282 = DIRECTION ( 'NONE',  ( -0.1400372197710402777, 0.0000000000000000000, 0.9901462402487812842 ) ) ;
#283 = DIRECTION ( 'NONE',  ( -1.000000000000000000, -2.078962154847970352E-32, 0.0000000000000000000 ) ) ;
#284 = ADVANCED_FACE ( 'NONE', ( #1816 ), #47, .F. ) ;
#285 = CARTESIAN_POINT ( 'NONE',  ( 0.06836365425400149631, -0.02000000000000000042, 0.08882838487625120683 ) ) ;
#286 = UNCERTAINTY_MEASURE_WITH_UNIT (LENGTH_MEASURE( 1.000000000000000082E-05 ), #501, 'distance_accuracy_value', 'NONE');
#287 =( NAMED_UNIT ( * ) PLANE_ANGLE_UNIT ( ) SI_UNIT ( $, .RADIAN. ) );
#288 = CARTESIAN_POINT ( 'NONE',  ( -0.2982794916698709997, -0.02000000000000000042, 0.6429959744357269802 ) ) ;
#289 = CARTESIAN_POINT ( 'NONE',  ( 6.071532165918820208E-18, 0.02000000000000000042, 0.08882838487625120683 ) ) ;
#290 = AXIS2_PLACEMENT_3D ( 'NONE', #1005, #1817, #364 ) ;
#291 = VECTOR ( 'NONE', #1919, 100.0000000000000000 ) ;
#292 = STYLED_ITEM ( 'NONE', ( #798 ), #451 ) ;
#293 = DIRECTION ( 'NONE',  ( -0.0000000000000000000, -1.000000000000000000, -0.0000000000000000000 ) ) ;
#294 = CARTESIAN_POINT ( 'NONE',  ( 0.07256359958761590678, -0.02000000000000000042, 0.7621829240858799537 ) ) ;
#295 = LINE ( 'NONE', #1598, #1128 ) ;
#296 = STYLED_ITEM ( 'NONE', ( #574 ), #1448 ) ;
#297 = STYLED_ITEM ( 'NONE', ( #344 ), #1599 ) ;
#298 = VECTOR ( 'NONE', #1856, 100.0000000000000000 ) ;
#299 = COLOUR_RGB ( '',0.06666666666666666574, 0.06666666666666666574, 0.06666666666666666574 ) ;
#300 =( GEOMETRIC_REPRESENTATION_CONTEXT ( 3 ) GLOBAL_UNCERTAINTY_ASSIGNED_CONTEXT ( ( #579 ) ) GLOBAL_UNIT_ASSIGNED_CONTEXT ( ( #138, #411, #1584 ) ) REPRESENTATION_CONTEXT ( 'NONE', 'WORKASPACE' ) );
#301 = CARTESIAN_POINT ( 'NONE',  ( -0.1000000000000000056, -0.1000000000000000056, 0.0000000000000000000 ) ) ;
#302 = CARTESIAN_POINT ( 'NONE',  ( -0.1042803458142280149, 0.02000000000000000042, 0.4380777440661250410 ) ) ;
#303 = SURFACE_SIDE_STYLE ('',( #589 ) ) ;
#304 = DIRECTION ( 'NONE',  ( -1.000000000000000000, 0.0000000000000000000, -0.0000000000000000000 ) ) ;
#305 = APPLICATION_CONTEXT ( 'automotive_design' ) ;
#306 = ADVANCED_FACE ( 'NONE', ( #346 ), #1146, .T. ) ;
#307 = PLANE ( 'NONE',  #23 ) ;
#308 = CARTESIAN_POINT ( 'NONE',  ( -0.03244696269377474185, -0.02000000000000000042, -0.9671385867237092260 ) ) ;
#309 = DIRECTION ( 'NONE',  ( 0.0000000000000000000, -1.000000000000000000, 0.0000000000000000000 ) ) ;
#310 = ORIENTED_EDGE ( 'NONE', *, *, #941, .T. ) ;
#311 = EDGE_CURVE ( 'NONE', #73, #615, #1874, .T. ) ;
#312 = ADVANCED_FACE ( 'NONE', ( #86 ), #2009, .T. ) ;
#313 = CYLINDRICAL_SURFACE ( 'NONE', #1740, 0.2547114388012230446 ) ;
#314 = SURFACE_SIDE_STYLE ('',( #1413 ) ) ;
#315 = PRESENTATION_LAYER_ASSIGNMENT (  '', '', ( #1222 ) ) ;
#316 = UNCERTAINTY_MEASURE_WITH_UNIT (LENGTH_MEASURE( 1.000000000000000082E-05 ), #502, 'distance_accuracy_value', 'NONE');
#317 = AXIS2_PLACEMENT_3D ( 'NONE', #839, #1474, #1186 ) ;
#318 =( NAMED_UNIT ( * ) SI_UNIT ( $, .STERADIAN. ) SOLID_ANGLE_UNIT ( ) );
#319 = PLANE ( 'NONE',  #769 ) ;
#320 = MECHANICAL_DESIGN_GEOMETRIC_PRESENTATION_REPRESENTATION (  '', ( #197 ), #1969 ) ;
#321 =( GEOMETRIC_REPRESENTATION_CONTEXT ( 3 ) GLOBAL_UNCERTAINTY_ASSIGNED_CONTEXT ( ( #1719 ) ) GLOBAL_UNIT_ASSIGNED_CONTEXT ( ( #1385, #2023, #1048 ) ) REPRESENTATION_CONTEXT ( 'NONE', 'WORKASPACE' ) );
#322 = EDGE_LOOP ( 'NONE', ( #1779, #921, #1207, #1047 ) ) ;
#323 = LINE ( 'NONE', #825, #461 ) ;
#324 = COLOUR_RGB ( '',0.05882352941176470507, 0.05882352941176470507, 0.05882352941176470507 ) ;
#325 = CIRCLE ( 'NONE', #600, 0.06003131717443499493 ) ;
#326 = ORIENTED_EDGE ( 'NONE', *, *, #1115, .F. ) ;
#327 = FACE_BOUND ( 'NONE', #666, .T. ) ;
#328 = EDGE_CURVE ( 'NONE', #191, #1170, #1888, .T. ) ;
#329 = MECHANICAL_DESIGN_GEOMETRIC_PRESENTATION_REPRESENTATION (  '', ( #2007 ), #463 ) ;
#330 = FACE_OUTER_BOUND ( 'NONE', #1072, .T. ) ;
#331 = FILL_AREA_STYLE ('',( #1438 ) ) ;
#332 =( NAMED_UNIT ( * ) SI_UNIT ( $, .STERADIAN. ) SOLID_ANGLE_UNIT ( ) );
#333 = LINE ( 'NONE', #993, #1839 ) ;
#334 = ORIENTED_EDGE ( 'NONE', *, *, #1115, .T. ) ;
#335 = LINE ( 'NONE', #1627, #1097 ) ;
#336 = VERTEX_POINT ( 'NONE', #898 ) ;
#337 =( NAMED_UNIT ( * ) PLANE_ANGLE_UNIT ( ) SI_UNIT ( $, .RADIAN. ) );
#338 = EDGE_CURVE ( 'NONE', #408, #1666, #1211, .T. ) ;
#339 = DIRECTION ( 'NONE',  ( 0.0000000000000000000, 0.0000000000000000000, 1.000000000000000000 ) ) ;
#340 = PRODUCT_DEFINITION_CONTEXT ( 'detailed design', #1113, 'design' ) ;
#341 =( REPRESENTATION_RELATIONSHIP ('NONE','NONE', #281, #1918 ) REPRESENTATION_RELATIONSHIP_WITH_TRANSFORMATION ( #509 )SHAPE_REPRESENTATION_RELATIONSHIP( ) );
#342 = DIRECTION ( 'NONE',  ( 1.000000000000000000, 0.0000000000000000000, 0.0000000000000000000 ) ) ;
#343 = ORIENTED_EDGE ( 'NONE', *, *, #1236, .T. ) ;
#344 = PRESENTATION_STYLE_ASSIGNMENT (( #956 ) ) ;
#345 = EDGE_LOOP ( 'NONE', ( #1346, #68, #1471, #1925 ) ) ;
#346 = FACE_OUTER_BOUND ( 'NONE', #1527, .T. ) ;
#347 = ORIENTED_EDGE ( 'NONE', *, *, #1018, .F. ) ;
#348 = SURFACE_SIDE_STYLE ('',( #4 ) ) ;
#349 = DIRECTION ( 'NONE',  ( -1.658928450709476921E-64, 7.979599084288239752E-33, 1.000000000000000000 ) ) ;
#350 =( NAMED_UNIT ( * ) PLANE_ANGLE_UNIT ( ) SI_UNIT ( $, .RADIAN. ) );
#351 = EDGE_CURVE ( 'NONE', #470, #561, #162, .T. ) ;
#352 = PRESENTATION_LAYER_ASSIGNMENT (  '', '', ( #18 ) ) ;
#353 = ORIENTED_EDGE ( 'NONE', *, *, #1012, .T. ) ;
#354 = AXIS2_PLACEMENT_3D ( 'NONE', #727, #1120, #1437 ) ;
#355 = VERTEX_POINT ( 'NONE', #1852 ) ;
#356 = COLOUR_RGB ( '',0.1019607843137254888, 0.1019607843137254888, 0.1019607843137254888 ) ;
#357 = COLOUR_RGB ( '',0.05882352941176470507, 0.05882352941176470507, 0.05882352941176470507 ) ;
#358 = SURFACE_STYLE_USAGE ( .BOTH. , #1781 ) ;
#359 = PRESENTATION_LAYER_ASSIGNMENT (  '', '', ( #199 ) ) ;
#360 = COLOUR_RGB ( '',0.8666666666666666963, 0.7725490196078431682, 0.2156862745098039325 ) ;
#361 = PRESENTATION_STYLE_ASSIGNMENT (( #873 ) ) ;
#362 = COLOUR_RGB ( '',0.8666666666666666963, 0.7725490196078431682, 0.2156862745098039325 ) ;
#363 = STYLED_ITEM ( 'NONE', ( #30 ), #1961 ) ;
#364 = DIRECTION ( 'NONE',  ( 0.0000000000000000000, 0.0000000000000000000, 1.000000000000000000 ) ) ;
#365 =( NAMED_UNIT ( * ) PLANE_ANGLE_UNIT ( ) SI_UNIT ( $, .RADIAN. ) );
#366 = COLOUR_RGB ( '',0.7921568627450980005, 0.8196078431372548767, 0.9333333333333333481 ) ;
#367 = LINE ( 'NONE', #1809, #1615 ) ;
#368 = ORIENTED_EDGE ( 'NONE', *, *, #83, .T. ) ;
#369 = CARTESIAN_POINT ( 'NONE',  ( 9.462128050782550710E-19, 0.07499999999999999722, 0.8250000000000000666 ) ) ;
#370 = EDGE_CURVE ( 'NONE', #1379, #1214, #585, .T. ) ;
#371 = ORIENTED_EDGE ( 'NONE', *, *, #1828, .T. ) ;
#372 = SURFACE_SIDE_STYLE ('',( #1926 ) ) ;
#373 =( REPRESENTATION_RELATIONSHIP ('NONE','NONE', #281, #985 ) REPRESENTATION_RELATIONSHIP_WITH_TRANSFORMATION ( #1983 )SHAPE_REPRESENTATION_RELATIONSHIP( ) );
#374 =( NAMED_UNIT ( * ) SI_UNIT ( $, .STERADIAN. ) SOLID_ANGLE_UNIT ( ) );
#375 = FACE_OUTER_BOUND ( 'NONE', #1847, .T. ) ;
#376 = FACE_OUTER_BOUND ( 'NONE', #1318, .T. ) ;
#377 = CARTESIAN_POINT ( 'NONE',  ( 0.1270000000000000018, 0.0000000000000000000, 0.8500000000000000888 ) ) ;
#378 = SURFACE_STYLE_USAGE ( .BOTH. , #49 ) ;
#379 = ORIENTED_EDGE ( 'NONE', *, *, #565, .T. ) ;
#380 = CARTESIAN_POINT ( 'NONE',  ( -0.05000000000000000278, -0.04999999999999991257, 0.8000000000000000444 ) ) ;
#381 = DIRECTION ( 'NONE',  ( -1.000000000000000000, 0.0000000000000000000, 0.0000000000000000000 ) ) ;
#382 = PLANE ( 'NONE',  #1742 ) ;
#383 = LINE ( 'NONE', #204, #229 ) ;
#384 = CARTESIAN_POINT ( 'NONE',  ( 0.02687348134688750251, 0.02000000000000002123, -1.006546407085610051 ) ) ;
#385 = LINE ( 'NONE', #1316, #1489 ) ;
#386 = PRESENTATION_STYLE_ASSIGNMENT (( #1986 ) ) ;
#387 = ORIENTED_EDGE ( 'NONE', *, *, #1611, .F. ) ;
#388 = CARTESIAN_POINT ( 'NONE',  ( 0.1042803458142280149, -0.02000000000000000042, 0.02843064381840689978 ) ) ;
#389 = VECTOR ( 'NONE', #3, 100.0000000000000000 ) ;
#390 = PRESENTATION_LAYER_ASSIGNMENT (  '', '', ( #526 ) ) ;
#391 =( NAMED_UNIT ( * ) PLANE_ANGLE_UNIT ( ) SI_UNIT ( $, .RADIAN. ) );
#392 = VECTOR ( 'NONE', #205, 100.0000000000000000 ) ;
#393 = PRESENTATION_LAYER_ASSIGNMENT (  '', '', ( #722 ) ) ;
#394 = ORIENTED_EDGE ( 'NONE', *, *, #58, .T. ) ;
#395 = SURFACE_SIDE_STYLE ('',( #695 ) ) ;
#396 = CIRCLE ( 'NONE', #1577, 0.2547114388012230446 ) ;
#397 = ADVANCED_FACE ( 'NONE', ( #112 ), #276, .T. ) ;
#398 = CARTESIAN_POINT ( 'NONE',  ( 0.0000000000000000000, -0.02000000000000000042, 0.2677666470408440191 ) ) ;
#399 = COLOUR_RGB ( '',0.06666666666666666574, 0.06666666666666666574, 0.06666666666666666574 ) ;
#400 = CARTESIAN_POINT ( 'NONE',  ( -0.1000000000000000056, 0.0000000000000000000, 0.0000000000000000000 ) ) ;
#401 = EDGE_LOOP ( 'NONE', ( #1991, #35, #1080, #7 ) ) ;
#402 = CONTEXT_DEPENDENT_SHAPE_REPRESENTATION ( #474, #790 ) ;
#403 = CARTESIAN_POINT ( 'NONE',  ( -0.03244696269377497083, 0.02000000000000001082, -0.9671385867237070055 ) ) ;
#404 = LINE ( 'NONE', #1670, #2033 ) ;
#405 = CARTESIAN_POINT ( 'NONE',  ( -0.04999999999999998890, -0.04999999999999998890, 0.8000000000000000444 ) ) ;
#406 = CARTESIAN_POINT ( 'NONE',  ( 0.02130000000000010704, 0.02000000000000001082, -1.045954227447509988 ) ) ;
#407 = FILL_AREA_STYLE ('',( #1529 ) ) ;
#408 = VERTEX_POINT ( 'NONE', #1924 ) ;
#409 = DIRECTION ( 'NONE',  ( 0.0000000000000000000, 1.000000000000000000, 0.0000000000000000000 ) ) ;
#410 = SURFACE_STYLE_FILL_AREA ( #1728 ) ;
#411 =( NAMED_UNIT ( * ) PLANE_ANGLE_UNIT ( ) SI_UNIT ( $, .RADIAN. ) );
#412 = SURFACE_STYLE_FILL_AREA ( #1855 ) ;
#413 = EDGE_CURVE ( 'NONE', #701, #1367, #661, .T. ) ;
#414 = ORIENTED_EDGE ( 'NONE', *, *, #1910, .T. ) ;
#415 = DIRECTION ( 'NONE',  ( 0.0000000000000000000, 0.0000000000000000000, -1.000000000000000000 ) ) ;
#416 = PRODUCT_DEFINITION_SHAPE ( 'NONE', 'NONE',  #2069 ) ;
#417 = ORIENTED_EDGE ( 'NONE', *, *, #1259, .T. ) ;
#418 = MECHANICAL_DESIGN_GEOMETRIC_PRESENTATION_REPRESENTATION (  '', ( #18 ), #1525 ) ;
#419 = DIRECTION ( 'NONE',  ( -0.0000000000000000000, -0.0000000000000000000, -1.000000000000000000 ) ) ;
#420 = CIRCLE ( 'NONE', #528, 0.009999999999999939493 ) ;
#421 = PRESENTATION_LAYER_ASSIGNMENT (  '', '', ( #55 ) ) ;
#422 =( NAMED_UNIT ( * ) SI_UNIT ( $, .STERADIAN. ) SOLID_ANGLE_UNIT ( ) );
#423 = COLOUR_RGB ( '',0.8666666666666666963, 0.7725490196078431682, 0.2156862745098039325 ) ;
#424 = VECTOR ( 'NONE', #817, 100.0000000000000000 ) ;
#425 = SURFACE_STYLE_USAGE ( .BOTH. , #912 ) ;
#426 = LINE ( 'NONE', #923, #726 ) ;
#427 =( GEOMETRIC_REPRESENTATION_CONTEXT ( 3 ) GLOBAL_UNCERTAINTY_ASSIGNED_CONTEXT ( ( #1754 ) ) GLOBAL_UNIT_ASSIGNED_CONTEXT ( ( #1784, #814, #157 ) ) REPRESENTATION_CONTEXT ( 'NONE', 'WORKASPACE' ) );
#428 = COLOUR_RGB ( '',0.8666666666666666963, 0.7725490196078431682, 0.2156862745098039325 ) ;
#429 = PLANE ( 'NONE',  #1102 ) ;
#430 = ORIENTED_EDGE ( 'NONE', *, *, #1147, .T. ) ;
#431 = FILL_AREA_STYLE ('',( #1224 ) ) ;
#432 = AXIS2_PLACEMENT_3D ( 'NONE', #804, #1625, #9 ) ;
#433 = CARTESIAN_POINT ( 'NONE',  ( 6.071532165918820208E-18, -0.02000000000000000042, 0.08882838487625120683 ) ) ;
#434 = ITEM_DEFINED_TRANSFORMATION ( 'NONE', 'NONE', #1875,  #801 ) ;
#435 = LINE ( 'NONE', #774, #499 ) ;
#436 = PRESENTATION_STYLE_ASSIGNMENT (( #425 ) ) ;
#437 = CARTESIAN_POINT ( 'NONE',  ( 0.1042803458142280149, 0.02000000000000000042, 0.08882838487625122070 ) ) ;
#438 = VERTEX_POINT ( 'NONE', #1129 ) ;
#439 = SURFACE_STYLE_USAGE ( .BOTH. , #1998 ) ;
#440 = DIRECTION ( 'NONE',  ( -1.000000000000000000, -2.078962154847970352E-32, 0.0000000000000000000 ) ) ;
#441 = SURFACE_STYLE_USAGE ( .BOTH. , #105 ) ;
#442 = UNCERTAINTY_MEASURE_WITH_UNIT (LENGTH_MEASURE( 1.000000000000000082E-05 ), #186, 'distance_accuracy_value', 'NONE');
#443 = EDGE_LOOP ( 'NONE', ( #1873, #786, #1470, #1451, #1820, #1663, #1502, #2008, #570, #1696, #1109, #1148, #1321, #1381, #1947, #716, #897, #1678, #1959, #660 ) ) ;
#444 = SURFACE_STYLE_FILL_AREA ( #744 ) ;
#445 = LINE ( 'NONE', #141, #298 ) ;
#446 =( REPRESENTATION_RELATIONSHIP ('NONE','NONE', #281, #1918 ) REPRESENTATION_RELATIONSHIP_WITH_TRANSFORMATION ( #840 )SHAPE_REPRESENTATION_RELATIONSHIP( ) );
#447 = DIRECTION ( 'NONE',  ( -0.0000000000000000000, -0.0000000000000000000, 1.000000000000000000 ) ) ;
#448 = CARTESIAN_POINT ( 'NONE',  ( -0.02130000000000010704, -0.02000000000000000042, -1.045954227447509988 ) ) ;
#449 = COLOUR_RGB ( '',1.000000000000000000, 1.000000000000000000, 1.000000000000000000 ) ;
#450 = DIRECTION ( 'NONE',  ( 0.0000000000000000000, 0.0000000000000000000, -1.000000000000000000 ) ) ;
#451 = ADVANCED_FACE ( 'NONE', ( #986 ), #997, .T. ) ;
#452 = MECHANICAL_DESIGN_GEOMETRIC_PRESENTATION_REPRESENTATION (  '', ( #1359 ), #1056 ) ;
#453 = SHAPE_REPRESENTATION_RELATIONSHIP ( 'NONE' , 'NONE' ,  #1918, #1687 ) ;
#454 = MECHANICAL_DESIGN_GEOMETRIC_PRESENTATION_REPRESENTATION (  '', ( #1025 ), #995 ) ;
#455 = COLOUR_RGB ( '',0.8666666666666666963, 0.7725490196078431682, 0.2156862745098039325 ) ;
#456 = VERTEX_POINT ( 'NONE', #1656 ) ;
#457 = FACE_OUTER_BOUND ( 'NONE', #50, .T. ) ;
#458 = PRESENTATION_STYLE_ASSIGNMENT (( #1901 ) ) ;
#459 = VECTOR ( 'NONE', #166, 100.0000000000000000 ) ;
#460 = AXIS2_PLACEMENT_3D ( 'NONE', #794, #39, #1307 ) ;
#461 = VECTOR ( 'NONE', #33, 100.0000000000000000 ) ;
#462 =( NAMED_UNIT ( * ) SI_UNIT ( $, .STERADIAN. ) SOLID_ANGLE_UNIT ( ) );
#463 =( GEOMETRIC_REPRESENTATION_CONTEXT ( 3 ) GLOBAL_UNCERTAINTY_ASSIGNED_CONTEXT ( ( #485 ) ) GLOBAL_UNIT_ASSIGNED_CONTEXT ( ( #1662, #1493, #1190 ) ) REPRESENTATION_CONTEXT ( 'NONE', 'WORKASPACE' ) );
#464 = LINE ( 'NONE', #611, #291 ) ;
#465 = PRODUCT_DEFINITION_FORMATION_WITH_SPECIFIED_SOURCE ( 'ANY', '', #1886, .NOT_KNOWN. ) ;
#466 = CARTESIAN_POINT ( 'NONE',  ( 0.7620000000000000107, 0.0000000000000000000, 0.0000000000000000000 ) ) ;
#467 = ADVANCED_FACE ( 'NONE', ( #1648 ), #210, .T. ) ;
#468 = FILL_AREA_STYLE ('',( #601 ) ) ;
#469 = SURFACE_STYLE_FILL_AREA ( #1280 ) ;
#470 = VERTEX_POINT ( 'NONE', #406 ) ;
#471 = CARTESIAN_POINT ( 'NONE',  ( 0.1042803458142280149, -0.02000000000000000042, 0.7873271032559990834 ) ) ;
#472 = PRODUCT_DEFINITION_SHAPE ( 'NONE', 'NONE',  #2065 ) ;
#473 = CARTESIAN_POINT ( 'NONE',  ( 0.09428034581422810312, 0.02000000000000000042, 0.7873271032559990834 ) ) ;
#474 =( REPRESENTATION_RELATIONSHIP ('NONE','NONE', #281, #985 ) REPRESENTATION_RELATIONSHIP_WITH_TRANSFORMATION ( #1522 )SHAPE_REPRESENTATION_RELATIONSHIP( ) );
#475 = SURFACE_STYLE_FILL_AREA ( #1927 ) ;
#476 = CARTESIAN_POINT ( 'NONE',  ( 0.2540000000000000036, 0.0000000000000000000, 0.0000000000000000000 ) ) ;
#477 =( NAMED_UNIT ( * ) PLANE_ANGLE_UNIT ( ) SI_UNIT ( $, .RADIAN. ) );
#478 = EDGE_CURVE ( 'NONE', #1987, #1666, #547, .T. ) ;
#479 = ORIENTED_EDGE ( 'NONE', *, *, #274, .T. ) ;
#480 = CARTESIAN_POINT ( 'NONE',  ( -0.1270000000000000018, 0.1270000000000000018, 0.8500000000000000888 ) ) ;
#481 = EDGE_CURVE ( 'NONE', #1798, #101, #56, .T. ) ;
#482 = VERTEX_POINT ( 'NONE', #1517 ) ;
#483 = FILL_AREA_STYLE ('',( #1275 ) ) ;
#484 = CARTESIAN_POINT ( 'NONE',  ( 0.7620000000000000107, 0.0000000000000000000, 0.0000000000000000000 ) ) ;
#485 = UNCERTAINTY_MEASURE_WITH_UNIT (LENGTH_MEASURE( 1.000000000000000082E-05 ), #1662, 'distance_accuracy_value', 'NONE');
#486 =( GEOMETRIC_REPRESENTATION_CONTEXT ( 3 ) GLOBAL_UNCERTAINTY_ASSIGNED_CONTEXT ( ( #886 ) ) GLOBAL_UNIT_ASSIGNED_CONTEXT ( ( #931, #1878, #1565 ) ) REPRESENTATION_CONTEXT ( 'NONE', 'WORKASPACE' ) );
#487 = DIRECTION ( 'NONE',  ( 0.0000000000000000000, -1.000000000000000000, 0.0000000000000000000 ) ) ;
#488 = VECTOR ( 'NONE', #1007, 100.0000000000000000 ) ;
#489 = STYLED_ITEM ( 'NONE', ( #32 ), #467 ) ;
#490 = ORIENTED_EDGE ( 'NONE', *, *, #260, .T. ) ;
#491 = SURFACE_STYLE_USAGE ( .BOTH. , #1311 ) ;
#492 = MECHANICAL_DESIGN_GEOMETRIC_PRESENTATION_REPRESENTATION (  '', ( #1970 ), #692 ) ;
#493 = MECHANICAL_DESIGN_GEOMETRIC_PRESENTATION_REPRESENTATION (  '', ( #763 ), #531 ) ;
#494 = DIRECTION ( 'NONE',  ( 0.0000000000000000000, 1.000000000000000000, 0.0000000000000000000 ) ) ;
#495 = VECTOR ( 'NONE', #1967, 100.0000000000000000 ) ;
#496 = STYLED_ITEM ( 'NONE', ( #1189 ), #836 ) ;
#497 = ADVANCED_FACE ( 'NONE', ( #74 ), #1349, .F. ) ;
#498 = AXIS2_PLACEMENT_3D ( 'NONE', #1946, #342, #983 ) ;
#499 = VECTOR ( 'NONE', #114, 100.0000000000000000 ) ;
#500 = DIRECTION ( 'NONE',  ( 1.000000000000000000, 0.0000000000000000000, 0.0000000000000000000 ) ) ;
#501 =( LENGTH_UNIT ( ) NAMED_UNIT ( * ) SI_UNIT ( .CENTI., .METRE. ) );
#502 =( LENGTH_UNIT ( ) NAMED_UNIT ( * ) SI_UNIT ( .CENTI., .METRE. ) );
#503 =( NAMED_UNIT ( * ) SI_UNIT ( $, .STERADIAN. ) SOLID_ANGLE_UNIT ( ) );
#504 = ORIENTED_EDGE ( 'NONE', *, *, #1491, .T. ) ;
#505 = SURFACE_STYLE_FILL_AREA ( #1465 ) ;
#506 = CARTESIAN_POINT ( 'NONE',  ( 9.462128050782550710E-19, -0.07499999999999999722, 0.8250000000000000666 ) ) ;
#507 = VERTEX_POINT ( 'NONE', #1035 ) ;
#508 =( NAMED_UNIT ( * ) PLANE_ANGLE_UNIT ( ) SI_UNIT ( $, .RADIAN. ) );
#509 = ITEM_DEFINED_TRANSFORMATION ( 'NONE', 'NONE', #1430,  #801 ) ;
#510 = EDGE_LOOP ( 'NONE', ( #1001, #673, #1761, #612 ) ) ;
#511 = FACE_OUTER_BOUND ( 'NONE', #2011, .T. ) ;
#512 = ORIENTED_EDGE ( 'NONE', *, *, #351, .F. ) ;
#513 = LINE ( 'NONE', #1117, #1972 ) ;
#514 = ORIENTED_EDGE ( 'NONE', *, *, #1520, .T. ) ;
#515 = DIRECTION ( 'NONE',  ( 0.0000000000000000000, 0.0000000000000000000, 1.000000000000000000 ) ) ;
#516 = CARTESIAN_POINT ( 'NONE',  ( -0.2982794916698709997, -0.02000000000000000042, 0.6429959744357269802 ) ) ;
#517 = EDGE_CURVE ( 'NONE', #834, #1713, #1044, .T. ) ;
#518 = LINE ( 'NONE', #874, #1452 ) ;
#519 = PRESENTATION_STYLE_ASSIGNMENT (( #728 ) ) ;
#520 = CARTESIAN_POINT ( 'NONE',  ( 0.03244696269377490144, 0.02000000000000000042, 0.08882838487625120683 ) ) ;
#521 = SURFACE_STYLE_FILL_AREA ( #708 ) ;
#522 = ORIENTED_EDGE ( 'NONE', *, *, #576, .F. ) ;
#523 = SURFACE_STYLE_USAGE ( .BOTH. , #1142 ) ;
#524 = LINE ( 'NONE', #75, #599 ) ;
#525 = VECTOR ( 'NONE', #1654, 100.0000000000000142 ) ;
#526 = STYLED_ITEM ( 'NONE', ( #750 ), #180 ) ;
#527 = EDGE_LOOP ( 'NONE', ( #1210, #844, #837, #106 ) ) ;
#528 = AXIS2_PLACEMENT_3D ( 'NONE', #1340, #1161, #1861 ) ;
#529 =( NAMED_UNIT ( * ) SI_UNIT ( $, .STERADIAN. ) SOLID_ANGLE_UNIT ( ) );
#530 = COLOUR_RGB ( '',0.8666666666666666963, 0.7725490196078431682, 0.2156862745098039325 ) ;
#531 =( GEOMETRIC_REPRESENTATION_CONTEXT ( 3 ) GLOBAL_UNCERTAINTY_ASSIGNED_CONTEXT ( ( #598 ) ) GLOBAL_UNIT_ASSIGNED_CONTEXT ( ( #1088, #1729, #269 ) ) REPRESENTATION_CONTEXT ( 'NONE', 'WORKASPACE' ) );
#532 =( GEOMETRIC_REPRESENTATION_CONTEXT ( 3 ) GLOBAL_UNCERTAINTY_ASSIGNED_CONTEXT ( ( #1775 ) ) GLOBAL_UNIT_ASSIGNED_CONTEXT ( ( #1433, #1797, #1949 ) ) REPRESENTATION_CONTEXT ( 'NONE', 'WORKASPACE' ) );
#533 =( GEOMETRIC_REPRESENTATION_CONTEXT ( 3 ) GLOBAL_UNCERTAINTY_ASSIGNED_CONTEXT ( ( #782 ) ) GLOBAL_UNIT_ASSIGNED_CONTEXT ( ( #1985, #365, #803 ) ) REPRESENTATION_CONTEXT ( 'NONE', 'WORKASPACE' ) );
#534 =( NAMED_UNIT ( * ) SI_UNIT ( $, .STERADIAN. ) SOLID_ANGLE_UNIT ( ) );
#535 = CARTESIAN_POINT ( 'NONE',  ( -0.1042803458142280149, 0.02000000000000000042, 0.7873271032559990834 ) ) ;
#536 = DIRECTION ( 'NONE',  ( -0.0000000000000000000, -1.000000000000000000, -0.0000000000000000000 ) ) ;
#537 = CARTESIAN_POINT ( 'NONE',  ( -0.08509588200079723497, -0.02000000000000000042, 0.7912825582816289671 ) ) ;
#538 = AXIS2_PLACEMENT_3D ( 'NONE', #466, #1774, #950 ) ;
#539 = SURFACE_STYLE_FILL_AREA ( #1328 ) ;
#540 = EDGE_LOOP ( 'NONE', ( #629, #1965, #353, #1201 ) ) ;
#541 = PRESENTATION_STYLE_ASSIGNMENT (( #1208 ) ) ;
#542 = CARTESIAN_POINT ( 'NONE',  ( 0.06003131717443468962, -0.02000000000000000042, 0.4103376530110829923 ) ) ;
#543 = PRESENTATION_STYLE_ASSIGNMENT (( #1513 ) ) ;
#544 = LINE ( 'NONE', #1524, #964 ) ;
#545 = SURFACE_STYLE_FILL_AREA ( #277 ) ;
#546 = ORIENTED_EDGE ( 'NONE', *, *, #1564, .F. ) ;
#547 = LINE ( 'NONE', #380, #961 ) ;
#548 = DIRECTION ( 'NONE',  ( 1.000000000000000000, 0.0000000000000000000, 0.0000000000000000000 ) ) ;
#549 = EDGE_CURVE ( 'NONE', #834, #1232, #888, .T. ) ;
#550 = SURFACE_SIDE_STYLE ('',( #702 ) ) ;
#551 = ORIENTED_EDGE ( 'NONE', *, *, #777, .T. ) ;
#552 = DIRECTION ( 'NONE',  ( 0.0000000000000000000, 0.0000000000000000000, 1.000000000000000000 ) ) ;
#553 = APPLICATION_PROTOCOL_DEFINITION ( 'draft international standard', 'automotive_design', 1998, #1014 ) ;
#554 = LINE ( 'NONE', #384, #1229 ) ;
#555 = CARTESIAN_POINT ( 'NONE',  ( 0.0000000000000000000, -0.02000000000000000042, 0.2677666470408440191 ) ) ;
#556 = DIRECTION ( 'NONE',  ( 1.000000000000000000, -0.0000000000000000000, 0.0000000000000000000 ) ) ;
#557 = MECHANICAL_DESIGN_GEOMETRIC_PRESENTATION_REPRESENTATION (  '', ( #1222 ), #1358 ) ;
#558 =( REPRESENTATION_RELATIONSHIP ('NONE','NONE', #281, #1918 ) REPRESENTATION_RELATIONSHIP_WITH_TRANSFORMATION ( #202 )SHAPE_REPRESENTATION_RELATIONSHIP( ) );
#559 = MECHANICAL_DESIGN_GEOMETRIC_PRESENTATION_REPRESENTATION (  '', ( #526 ), #1573 ) ;
#560 = MECHANICAL_DESIGN_GEOMETRIC_PRESENTATION_REPRESENTATION (  '', ( #1769 ), #761 ) ;
#561 = VERTEX_POINT ( 'NONE', #731 ) ;
#562 = DIRECTION ( 'NONE',  ( -0.0000000000000000000, -1.000000000000000000, -0.0000000000000000000 ) ) ;
#563 = COLOUR_RGB ( '',0.8666666666666666963, 0.7725490196078431682, 0.2156862745098039325 ) ;
#564 = COLOUR_RGB ( '',0.05882352941176470507, 0.05882352941176470507, 0.05882352941176470507 ) ;
#565 = EDGE_CURVE ( 'NONE', #1879, #1281, #1372, .T. ) ;
#566 = MECHANICAL_DESIGN_GEOMETRIC_PRESENTATION_REPRESENTATION (  '', ( #297 ), #1745 ) ;
#567 = PRESENTATION_LAYER_ASSIGNMENT (  '', '', ( #967 ) ) ;
#568 = PRESENTATION_STYLE_ASSIGNMENT (( #1659 ) ) ;
#569 = STYLED_ITEM ( 'NONE', ( #386 ), #2018 ) ;
#570 = ORIENTED_EDGE ( 'NONE', *, *, #1952, .F. ) ;
#571 = PRESENTATION_LAYER_ASSIGNMENT (  '', '', ( #1541 ) ) ;
#572 = DIRECTION ( 'NONE',  ( 0.0000000000000000000, 1.000000000000000000, 0.0000000000000000000 ) ) ;
#573 = PRODUCT_DEFINITION_FORMATION_WITH_SPECIFIED_SOURCE ( 'ANY', '', #1738, .NOT_KNOWN. ) ;
#574 = PRESENTATION_STYLE_ASSIGNMENT (( #1827 ) ) ;
#575 = ORIENTED_EDGE ( 'NONE', *, *, #1923, .F. ) ;
#576 = EDGE_CURVE ( 'NONE', #1154, #191, #1017, .T. ) ;
#577 = ADVANCED_FACE ( 'NONE', ( #51 ), #1980, .T. ) ;
#578 =( NAMED_UNIT ( * ) SI_UNIT ( $, .STERADIAN. ) SOLID_ANGLE_UNIT ( ) );
#579 = UNCERTAINTY_MEASURE_WITH_UNIT (LENGTH_MEASURE( 1.000000000000000082E-05 ), #138, 'distance_accuracy_value', 'NONE');
#580 = FILL_AREA_STYLE_COLOUR ( '', #925 ) ;
#581 = CARTESIAN_POINT ( 'NONE',  ( -0.05000000000000000278, 0.05000000000000000278, 0.8500000000000000888 ) ) ;
#582 = CARTESIAN_POINT ( 'NONE',  ( 0.1000000000000000056, 0.0000000000000000000, 0.8500000000000000888 ) ) ;
#583 = SURFACE_SIDE_STYLE ('',( #2006 ) ) ;
#584 = ORIENTED_EDGE ( 'NONE', *, *, #1649, .T. ) ;
#585 = LINE ( 'NONE', #1552, #1903 ) ;
#586 = CARTESIAN_POINT ( 'NONE',  ( 0.2982794916698709997, -0.02000000000000000042, 0.6429959744357269802 ) ) ;
#587 = FILL_AREA_STYLE_COLOUR ( '', #1487 ) ;
#588 =( NAMED_UNIT ( * ) PLANE_ANGLE_UNIT ( ) SI_UNIT ( $, .RADIAN. ) );
#589 = SURFACE_STYLE_FILL_AREA ( #1497 ) ;
#590 =( LENGTH_UNIT ( ) NAMED_UNIT ( * ) SI_UNIT ( .CENTI., .METRE. ) );
#591 = SURFACE_SIDE_STYLE ('',( #771 ) ) ;
#592 = PRESENTATION_LAYER_ASSIGNMENT (  '', '', ( #1054 ) ) ;
#593 = PLANE ( 'NONE',  #1608 ) ;
#594 = AXIS2_PLACEMENT_3D ( 'NONE', #473, #1111, #145 ) ;
#595 = COLOUR_RGB ( '',0.8666666666666666963, 0.7725490196078431682, 0.2156862745098039325 ) ;
#596 = AXIS2_PLACEMENT_3D ( 'NONE', #1685, #572, #1330 ) ;
#597 = ORIENTED_EDGE ( 'NONE', *, *, #1421, .F. ) ;
#598 = UNCERTAINTY_MEASURE_WITH_UNIT (LENGTH_MEASURE( 1.000000000000000082E-05 ), #1088, 'distance_accuracy_value', 'NONE');
#599 = VECTOR ( 'NONE', #556, 100.0000000000000000 ) ;
#600 = AXIS2_PLACEMENT_3D ( 'NONE', #398, #1357, #1020 ) ;
#601 = FILL_AREA_STYLE_COLOUR ( '', #564 ) ;
#602 = CARTESIAN_POINT ( 'NONE',  ( 0.1000000000000000056, 0.1000000000000000056, 0.0000000000000000000 ) ) ;
#603 = EDGE_CURVE ( 'NONE', #129, #1402, #1721, .T. ) ;
#604 =( NAMED_UNIT ( * ) SI_UNIT ( $, .STERADIAN. ) SOLID_ANGLE_UNIT ( ) );
#605 = ORIENTED_EDGE ( 'NONE', *, *, #100, .T. ) ;
#606 =( LENGTH_UNIT ( ) NAMED_UNIT ( * ) SI_UNIT ( .CENTI., .METRE. ) );
#607 = PRESENTATION_STYLE_ASSIGNMENT (( #1547 ) ) ;
#608 = CARTESIAN_POINT ( 'NONE',  ( 0.1000000000000000056, 0.0000000000000000000, 0.0000000000000000000 ) ) ;
#609 = PLANE ( 'NONE',  #1230 ) ;
#610 = ADVANCED_FACE ( 'NONE', ( #457 ), #1558, .T. ) ;
#611 = CARTESIAN_POINT ( 'NONE',  ( 0.1000000000000000888, 0.1000000000000000056, 0.8500000000000000888 ) ) ;
#612 = ORIENTED_EDGE ( 'NONE', *, *, #710, .T. ) ;
#613 = DIRECTION ( 'NONE',  ( -0.0000000000000000000, 1.000000000000000000, 0.0000000000000000000 ) ) ;
#614 = UNCERTAINTY_MEASURE_WITH_UNIT (LENGTH_MEASURE( 1.000000000000000082E-05 ), #1509, 'distance_accuracy_value', 'NONE');
#615 = VERTEX_POINT ( 'NONE', #767 ) ;
#616 = FACE_OUTER_BOUND ( 'NONE', #1996, .T. ) ;
#617 = CARTESIAN_POINT ( 'NONE',  ( -0.04999999999999998890, 0.04999999999999998890, 0.8000000000000000444 ) ) ;
#618 =( LENGTH_UNIT ( ) NAMED_UNIT ( * ) SI_UNIT ( .CENTI., .METRE. ) );
#619 = LINE ( 'NONE', #1075, #959 ) ;
#620 = EDGE_CURVE ( 'NONE', #1539, #1360, #1403, .T. ) ;
#621 =( REPRESENTATION_RELATIONSHIP ('NONE','NONE', #281, #1918 ) REPRESENTATION_RELATIONSHIP_WITH_TRANSFORMATION ( #1679 )SHAPE_REPRESENTATION_RELATIONSHIP( ) );
#622 =( GEOMETRIC_REPRESENTATION_CONTEXT ( 3 ) GLOBAL_UNCERTAINTY_ASSIGNED_CONTEXT ( ( #1426 ) ) GLOBAL_UNIT_ASSIGNED_CONTEXT ( ( #1777, #477, #1585 ) ) REPRESENTATION_CONTEXT ( 'NONE', 'WORKASPACE' ) );
#623 = PRESENTATION_STYLE_ASSIGNMENT (( #1920 ) ) ;
#624 = MECHANICAL_DESIGN_GEOMETRIC_PRESENTATION_REPRESENTATION (  '', ( #159 ), #1325 ) ;
#625 = AXIS2_PLACEMENT_3D ( 'NONE', #1714, #1226, #282 ) ;
#626 = CARTESIAN_POINT ( 'NONE',  ( -0.1000000000000000056, 0.1000000000000000056, 0.0000000000000000000 ) ) ;
#627 = FACE_OUTER_BOUND ( 'NONE', #1375, .T. ) ;
#628 = FILL_AREA_STYLE ('',( #823 ) ) ;
#629 = ORIENTED_EDGE ( 'NONE', *, *, #919, .F. ) ;
#630 =( GEOMETRIC_REPRESENTATION_CONTEXT ( 3 ) GLOBAL_UNCERTAINTY_ASSIGNED_CONTEXT ( ( #764 ) ) GLOBAL_UNIT_ASSIGNED_CONTEXT ( ( #590, #1559, #1930 ) ) REPRESENTATION_CONTEXT ( 'NONE', 'WORKASPACE' ) );
#631 = VECTOR ( 'NONE', #854, 100.0000000000000000 ) ;
#632 = ADVANCED_BREP_SHAPE_REPRESENTATION ( '', ( #146, #801 ), #1264 ) ;
#633 = FACE_OUTER_BOUND ( 'NONE', #401, .T. ) ;
#634 =( NAMED_UNIT ( * ) PLANE_ANGLE_UNIT ( ) SI_UNIT ( $, .RADIAN. ) );
#635 = UNCERTAINTY_MEASURE_WITH_UNIT (LENGTH_MEASURE( 1.000000000000000082E-05 ), #1824, 'distance_accuracy_value', 'NONE');
#636 = EDGE_CURVE ( 'NONE', #1379, #129, #913, .T. ) ;
#637 = LINE ( 'NONE', #1642, #1799 ) ;
#638 = LINE ( 'NONE', #1138, #1641 ) ;
#639 = FILL_AREA_STYLE_COLOUR ( '', #939 ) ;
#640 = ORIENTED_EDGE ( 'NONE', *, *, #1053, .F. ) ;
#641 =( LENGTH_UNIT ( ) NAMED_UNIT ( * ) SI_UNIT ( .CENTI., .METRE. ) );
#642 = FILL_AREA_STYLE ('',( #1143 ) ) ;
#643 = PRODUCT_DEFINITION_SHAPE ( 'NONE', 'NONE',  #2063 ) ;
#644 = ORIENTED_EDGE ( 'NONE', *, *, #478, .F. ) ;
#645 = CARTESIAN_POINT ( 'NONE',  ( 0.0000000000000000000, 0.0000000000000000000, 0.0000000000000000000 ) ) ;
#646 = DIRECTION ( 'NONE',  ( -0.0000000000000000000, 1.000000000000000000, 0.0000000000000000000 ) ) ;
#647 = DIRECTION ( 'NONE',  ( 0.0000000000000000000, -0.0000000000000000000, -1.000000000000000000 ) ) ;
#648 = EDGE_CURVE ( 'NONE', #709, #680, #1652, .T. ) ;
#649 = ORIENTED_EDGE ( 'NONE', *, *, #850, .T. ) ;
#650 =( LENGTH_UNIT ( ) NAMED_UNIT ( * ) SI_UNIT ( .CENTI., .METRE. ) );
#651 = ORIENTED_EDGE ( 'NONE', *, *, #1134, .T. ) ;
#652 = CARTESIAN_POINT ( 'NONE',  ( 0.1042803458142280149, -0.02000000000000000042, 0.08882838487625120683 ) ) ;
#653 =( NAMED_UNIT ( * ) SI_UNIT ( $, .STERADIAN. ) SOLID_ANGLE_UNIT ( ) );
#654 = DIRECTION ( 'NONE',  ( 0.0000000000000000000, 0.0000000000000000000, 1.000000000000000000 ) ) ;
#655 = COLOUR_RGB ( '',0.1019607843137254888, 0.1019607843137254888, 0.1019607843137254888 ) ;
#656 = UNCERTAINTY_MEASURE_WITH_UNIT (LENGTH_MEASURE( 1.000000000000000082E-05 ), #618, 'distance_accuracy_value', 'NONE');
#657 = FILL_AREA_STYLE ('',( #1427 ) ) ;
#658 = SURFACE_STYLE_USAGE ( .BOTH. , #17 ) ;
#659 =( GEOMETRIC_REPRESENTATION_CONTEXT ( 3 ) GLOBAL_UNCERTAINTY_ASSIGNED_CONTEXT ( ( #1079 ) ) GLOBAL_UNIT_ASSIGNED_CONTEXT ( ( #1282, #1297, #1622 ) ) REPRESENTATION_CONTEXT ( 'NONE', 'WORKASPACE' ) );
#660 = ORIENTED_EDGE ( 'NONE', *, *, #1520, .F. ) ;
#661 = LINE ( 'NONE', #480, #1288 ) ;
#662 = COLOUR_RGB ( '',0.8666666666666666963, 0.7725490196078431682, 0.2156862745098039325 ) ;
#663 = STYLED_ITEM ( 'NONE', ( #607 ), #675 ) ;
#664 = DIRECTION ( 'NONE',  ( 0.7071067811865490160, 0.0000000000000000000, 0.7071067811865460184 ) ) ;
#665 = AXIS2_PLACEMENT_3D ( 'NONE', #542, #381, #1024 ) ;
#666 = EDGE_LOOP ( 'NONE', ( #1343, #1441, #275, #208 ) ) ;
#667 =( REPRESENTATION_RELATIONSHIP ('NONE','NONE', #281, #985 ) REPRESENTATION_RELATIONSHIP_WITH_TRANSFORMATION ( #255 )SHAPE_REPRESENTATION_RELATIONSHIP( ) );
#668 = PRESENTATION_LAYER_ASSIGNMENT (  '', '', ( #970 ) ) ;
#669 = CARTESIAN_POINT ( 'NONE',  ( 0.1270000000000000018, 0.0000000000000000000, 0.8500000000000000888 ) ) ;
#670 = VECTOR ( 'NONE', #1472, 100.0000000000000000 ) ;
#671 = EDGE_LOOP ( 'NONE', ( #2013, #1724, #326, #1218 ) ) ;
#672 = ORIENTED_EDGE ( 'NONE', *, *, #1436, .T. ) ;
#673 = ORIENTED_EDGE ( 'NONE', *, *, #1436, .F. ) ;
#674 = CARTESIAN_POINT ( 'NONE',  ( 0.05000000000000000278, 0.0000000000000000000, 0.8500000000000000888 ) ) ;
#675 = ADVANCED_FACE ( 'NONE', ( #2042 ), #1243, .T. ) ;
#676 = SURFACE_STYLE_FILL_AREA ( #1807 ) ;
#677 = CARTESIAN_POINT ( 'NONE',  ( 0.09428034581422810312, 0.02000000000000000042, 0.7873271032559990834 ) ) ;
#678 = DIRECTION ( 'NONE',  ( 0.0000000000000000000, 0.0000000000000000000, 1.000000000000000000 ) ) ;
#679 = PLANE ( 'NONE',  #1651 ) ;
#680 = VERTEX_POINT ( 'NONE', #1603 ) ;
#681 = SURFACE_STYLE_FILL_AREA ( #1796 ) ;
#682 = PRESENTATION_STYLE_ASSIGNMENT (( #44 ) ) ;
#683 = ORIENTED_EDGE ( 'NONE', *, *, #936, .F. ) ;
#684 = LINE ( 'NONE', #215, #1490 ) ;
#685 = SURFACE_STYLE_FILL_AREA ( #699 ) ;
#686 = EDGE_CURVE ( 'NONE', #482, #902, #1458, .T. ) ;
#687 = CARTESIAN_POINT ( 'NONE',  ( -0.1270000000000000018, -0.1270000000000000018, 0.0000000000000000000 ) ) ;
#688 = LINE ( 'NONE', #1178, #1669 ) ;
#689 = ORIENTED_EDGE ( 'NONE', *, *, #749, .T. ) ;
#690 = APPLICATION_CONTEXT ( 'automotive_design' ) ;
#691 = DIRECTION ( 'NONE',  ( 1.000000000000000000, 0.0000000000000000000, -1.140612731871519894E-31 ) ) ;
#692 =( GEOMETRIC_REPRESENTATION_CONTEXT ( 3 ) GLOBAL_UNCERTAINTY_ASSIGNED_CONTEXT ( ( #1736 ) ) GLOBAL_UNIT_ASSIGNED_CONTEXT ( ( #1676, #391, #1199 ) ) REPRESENTATION_CONTEXT ( 'NONE', 'WORKASPACE' ) );
#693 = DIRECTION ( 'NONE',  ( 1.000000000000000000, 0.0000000000000000000, 0.0000000000000000000 ) ) ;
#694 = VECTOR ( 'NONE', #16, 100.0000000000000000 ) ;
#695 = SURFACE_STYLE_FILL_AREA ( #1830 ) ;
#696 = VECTOR ( 'NONE', #225, 100.0000000000000000 ) ;
#697 = PRESENTATION_LAYER_ASSIGNMENT (  '', '', ( #1616 ) ) ;
#698 = SHAPE_DEFINITION_REPRESENTATION ( #1900, #985 ) ;
#699 = FILL_AREA_STYLE ('',( #59 ) ) ;
#700 = EDGE_CURVE ( 'NONE', #1798, #1634, #638, .T. ) ;
#701 = VERTEX_POINT ( 'NONE', #188 ) ;
#702 = SURFACE_STYLE_FILL_AREA ( #1990 ) ;
#703 = ORIENTED_EDGE ( 'NONE', *, *, #1249, .T. ) ;
#704 = CARTESIAN_POINT ( 'NONE',  ( -0.1270000000000000018, 0.0000000000000000000, 0.8500000000000000888 ) ) ;
#705 = CONTEXT_DEPENDENT_SHAPE_REPRESENTATION ( #621, #1765 ) ;
#706 = SURFACE_SIDE_STYLE ('',( #685 ) ) ;
#707 = DIRECTION ( 'NONE',  ( 0.0000000000000000000, 1.000000000000000000, 0.0000000000000000000 ) ) ;
#708 = FILL_AREA_STYLE ('',( #71 ) ) ;
#709 = VERTEX_POINT ( 'NONE', #981 ) ;
#710 = EDGE_CURVE ( 'NONE', #11, #1623, #822, .T. ) ;
#711 = CARTESIAN_POINT ( 'NONE',  ( 1.892425610156520157E-18, -0.1270000000000000018, 0.8500000000000000888 ) ) ;
#712 = CARTESIAN_POINT ( 'NONE',  ( -0.06003131717443475901, -0.02000000000000000042, 0.7330832898901312733 ) ) ;
#713 = ORIENTED_EDGE ( 'NONE', *, *, #2044, .F. ) ;
#714 =( LENGTH_UNIT ( ) NAMED_UNIT ( * ) SI_UNIT ( .CENTI., .METRE. ) );
#715 = CARTESIAN_POINT ( 'NONE',  ( 0.1042803458142280149, 0.02000000000000000042, 0.4380777440661250410 ) ) ;
#716 = ORIENTED_EDGE ( 'NONE', *, *, #779, .F. ) ;
#717 = SURFACE_SIDE_STYLE ('',( #1997 ) ) ;
#718 = SURFACE_STYLE_USAGE ( .BOTH. , #846 ) ;
#719 = CLOSED_SHELL ( 'NONE', ( #908, #312, #1073, #2034, #1448, #180, #865, #1313, #1790, #497, #1667, #1538, #1518, #72, #467, #610, #1468, #306, #994, #1821, #980, #397 ) ) ;
#720 = VECTOR ( 'NONE', #152, 100.0000000000000000 ) ;
#721 = AXIS2_PLACEMENT_3D ( 'NONE', #736, #1478, #1376 ) ;
#722 = STYLED_ITEM ( 'NONE', ( #20 ), #397 ) ;
#723 = ADVANCED_FACE ( 'NONE', ( #511 ), #962, .F. ) ;
#724 = VERTEX_POINT ( 'NONE', #1617 ) ;
#725 = PRESENTATION_LAYER_ASSIGNMENT (  '', '', ( #663 ) ) ;
#726 = VECTOR ( 'NONE', #117, 100.0000000000000000 ) ;
#727 = CARTESIAN_POINT ( 'NONE',  ( 0.09428034581422810312, -0.02000000000000000042, 0.7873271032559990834 ) ) ;
#728 = SURFACE_STYLE_USAGE ( .BOTH. , #885 ) ;
#729 =( GEOMETRIC_REPRESENTATION_CONTEXT ( 3 ) GLOBAL_UNCERTAINTY_ASSIGNED_CONTEXT ( ( #1594 ) ) GLOBAL_UNIT_ASSIGNED_CONTEXT ( ( #1103, #350, #503 ) ) REPRESENTATION_CONTEXT ( 'NONE', 'WORKASPACE' ) );
#730 = ORIENTED_EDGE ( 'NONE', *, *, #1923, .T. ) ;
#731 = CARTESIAN_POINT ( 'NONE',  ( 0.02129999999999999949, -0.02000000000000000042, -1.045954227447509988 ) ) ;
#732 =( NAMED_UNIT ( * ) SI_UNIT ( $, .STERADIAN. ) SOLID_ANGLE_UNIT ( ) );
#733 =( NAMED_UNIT ( * ) SI_UNIT ( $, .STERADIAN. ) SOLID_ANGLE_UNIT ( ) );
#734 = FILL_AREA_STYLE ('',( #110 ) ) ;
#735 = EDGE_LOOP ( 'NONE', ( #1118, #975, #2022, #161 ) ) ;
#736 = CARTESIAN_POINT ( 'NONE',  ( 0.09428034581422810312, -0.02000000000000000042, 0.7873271032559990834 ) ) ;
#737 = EDGE_CURVE ( 'NONE', #965, #1151, #1446, .T. ) ;
#738 = CONTEXT_DEPENDENT_SHAPE_REPRESENTATION ( #87, #890 ) ;
#739 =( LENGTH_UNIT ( ) NAMED_UNIT ( * ) SI_UNIT ( .CENTI., .METRE. ) );
#740 = ORIENTED_EDGE ( 'NONE', *, *, #1134, .F. ) ;
#741 =( LENGTH_UNIT ( ) NAMED_UNIT ( * ) SI_UNIT ( .CENTI., .METRE. ) );
#742 = UNCERTAINTY_MEASURE_WITH_UNIT (LENGTH_MEASURE( 1.000000000000000082E-05 ), #751, 'distance_accuracy_value', 'NONE');
#743 = FACE_OUTER_BOUND ( 'NONE', #322, .T. ) ;
#744 = FILL_AREA_STYLE ('',( #2050 ) ) ;
#745 =( LENGTH_UNIT ( ) NAMED_UNIT ( * ) SI_UNIT ( .CENTI., .METRE. ) );
#746 = DIRECTION ( 'NONE',  ( -0.1400372197710402777, 0.0000000000000000000, -0.9901462402487812842 ) ) ;
#747 = PLANE ( 'NONE',  #1331 ) ;
#748 = CARTESIAN_POINT ( 'NONE',  ( -0.09428034581422810312, -0.02000000000000000042, 0.7873271032559990834 ) ) ;
#749 = EDGE_CURVE ( 'NONE', #818, #1507, #1944, .T. ) ;
#750 = PRESENTATION_STYLE_ASSIGNMENT (( #441 ) ) ;
#751 =( LENGTH_UNIT ( ) NAMED_UNIT ( * ) SI_UNIT ( .CENTI., .METRE. ) );
#752 = EDGE_CURVE ( 'NONE', #709, #882, #544, .T. ) ;
#753 = DIRECTION ( 'NONE',  ( 0.0000000000000000000, 0.0000000000000000000, 1.000000000000000000 ) ) ;
#754 = DIRECTION ( 'NONE',  ( -0.0000000000000000000, 0.0000000000000000000, 1.000000000000000000 ) ) ;
#755 = ORIENTED_EDGE ( 'NONE', *, *, #2010, .F. ) ;
#756 = SURFACE_SIDE_STYLE ('',( #1725 ) ) ;
#757 = PRODUCT_DEFINITION_SHAPE ( 'NONE', 'NONE',  #2064 ) ;
#758 =( LENGTH_UNIT ( ) NAMED_UNIT ( * ) SI_UNIT ( .CENTI., .METRE. ) );
#759 = CARTESIAN_POINT ( 'NONE',  ( 0.06003131717443462717, -0.02000000000000000042, 0.7330832898901309402 ) ) ;
#760 = VECTOR ( 'NONE', #283, 100.0000000000000000 ) ;
#761 =( GEOMETRIC_REPRESENTATION_CONTEXT ( 3 ) GLOBAL_UNCERTAINTY_ASSIGNED_CONTEXT ( ( #951 ) ) GLOBAL_UNIT_ASSIGNED_CONTEXT ( ( #66, #1481, #1848 ) ) REPRESENTATION_CONTEXT ( 'NONE', 'WORKASPACE' ) );
#762 = SURFACE_STYLE_USAGE ( .BOTH. , #1889 ) ;
#763 = STYLED_ITEM ( 'NONE', ( #1883 ), #577 ) ;
#764 = UNCERTAINTY_MEASURE_WITH_UNIT (LENGTH_MEASURE( 1.000000000000000082E-05 ), #590, 'distance_accuracy_value', 'NONE');
#765 =( GEOMETRIC_REPRESENTATION_CONTEXT ( 3 ) GLOBAL_UNCERTAINTY_ASSIGNED_CONTEXT ( ( #614 ) ) GLOBAL_UNIT_ASSIGNED_CONTEXT ( ( #1509, #1838, #1345 ) ) REPRESENTATION_CONTEXT ( 'NONE', 'WORKASPACE' ) );
#766 = ORIENTED_EDGE ( 'NONE', *, *, #1098, .F. ) ;
#767 = CARTESIAN_POINT ( 'NONE',  ( -0.1042803458142280149, -0.02000000000000000042, 0.7873271032559990834 ) ) ;
#768 = PLANE ( 'NONE',  #1581 ) ;
#769 = AXIS2_PLACEMENT_3D ( 'NONE', #190, #487, #173 ) ;
#770 = EDGE_CURVE ( 'NONE', #470, #507, #554, .T. ) ;
#771 = SURFACE_STYLE_FILL_AREA ( #734 ) ;
#772 = SURFACE_STYLE_USAGE ( .BOTH. , #1248 ) ;
#773 = FILL_AREA_STYLE_COLOUR ( '', #449 ) ;
#774 = CARTESIAN_POINT ( 'NONE',  ( -0.05000000000000000278, 0.0000000000000000000, 0.7399999999999999911 ) ) ;
#775 = DIRECTION ( 'NONE',  ( -0.0000000000000000000, -0.0000000000000000000, 1.000000000000000000 ) ) ;
#776 = PRESENTATION_STYLE_ASSIGNMENT (( #1588 ) ) ;
#777 = EDGE_CURVE ( 'NONE', #191, #336, #325, .T. ) ;
#778 = SURFACE_STYLE_USAGE ( .BOTH. , #591 ) ;
#779 = EDGE_CURVE ( 'NONE', #1897, #818, #2036, .T. ) ;
#780 = LINE ( 'NONE', #942, #1454 ) ;
#781 = DIRECTION ( 'NONE',  ( 0.0000000000000000000, 0.0000000000000000000, 1.000000000000000000 ) ) ;
#782 = UNCERTAINTY_MEASURE_WITH_UNIT (LENGTH_MEASURE( 1.000000000000000082E-05 ), #1985, 'distance_accuracy_value', 'NONE');
#783 = CARTESIAN_POINT ( 'NONE',  ( 0.1042803458142280149, 0.02000000000000000042, 0.7873271032559990834 ) ) ;
#784 =( NAMED_UNIT ( * ) SI_UNIT ( $, .STERADIAN. ) SOLID_ANGLE_UNIT ( ) );
#785 = CARTESIAN_POINT ( 'NONE',  ( 0.03244696269377574105, -0.02000000000000000042, -0.9671385867236962364 ) ) ;
#786 = ORIENTED_EDGE ( 'NONE', *, *, #686, .F. ) ;
#787 = DIRECTION ( 'NONE',  ( -1.000000000000000000, 5.703063659357579763E-32, 5.703063659357603848E-32 ) ) ;
#788 = EDGE_CURVE ( 'NONE', #561, #1295, #404, .T. ) ;
#789 = PRESENTATION_LAYER_ASSIGNMENT (  '', '', ( #1982 ) ) ;
#790 = PRODUCT_DEFINITION_SHAPE ( 'NONE', 'NONE',  #2067 ) ;
#791 = SHAPE_REPRESENTATION_RELATIONSHIP ( 'NONE' , 'NONE' ,  #985, #632 ) ;
#792 = MECHANICAL_DESIGN_GEOMETRIC_PRESENTATION_REPRESENTATION (  '', ( #199 ), #1363 ) ;
#793 = PRESENTATION_LAYER_ASSIGNMENT (  '', '', ( #292 ) ) ;
#794 = CARTESIAN_POINT ( 'NONE',  ( -0.07499999999999999722, 0.0000000000000000000, 0.8250000000000000666 ) ) ;
#795 = SURFACE_SIDE_STYLE ('',( #1899 ) ) ;
#796 = EDGE_LOOP ( 'NONE', ( #1895, #644, #394, #1626 ) ) ;
#797 = COLOUR_RGB ( '',0.1019607843137254888, 0.1019607843137254888, 0.1019607843137254888 ) ;
#798 = PRESENTATION_STYLE_ASSIGNMENT (( #523 ) ) ;
#799 = PLANE ( 'NONE',  #1940 ) ;
#800 = ORIENTED_EDGE ( 'NONE', *, *, #1378, .T. ) ;
#801 = AXIS2_PLACEMENT_3D ( 'NONE', #1400, #1370, #1567 ) ;
#802 = LINE ( 'NONE', #652, #1494 ) ;
#803 =( NAMED_UNIT ( * ) SI_UNIT ( $, .STERADIAN. ) SOLID_ANGLE_UNIT ( ) );
#804 = CARTESIAN_POINT ( 'NONE',  ( 0.0000000000000000000, 0.0000000000000000000, 0.0000000000000000000 ) ) ;
#805 = UNCERTAINTY_MEASURE_WITH_UNIT (LENGTH_MEASURE( 1.000000000000000082E-05 ), #1322, 'distance_accuracy_value', 'NONE');
#806 = FILL_AREA_STYLE_COLOUR ( '', #901 ) ;
#807 = LINE ( 'NONE', #1341, #631 ) ;
#808 = ORIENTED_EDGE ( 'NONE', *, *, #1564, .T. ) ;
#809 = SURFACE_STYLE_FILL_AREA ( #642 ) ;
#810 = ORIENTED_EDGE ( 'NONE', *, *, #251, .T. ) ;
#811 =( NAMED_UNIT ( * ) PLANE_ANGLE_UNIT ( ) SI_UNIT ( $, .RADIAN. ) );
#812 = DIRECTION ( 'NONE',  ( 1.000000000000000000, 0.0000000000000000000, 0.0000000000000000000 ) ) ;
#813 = DIRECTION ( 'NONE',  ( 0.0000000000000000000, 0.0000000000000000000, 1.000000000000000000 ) ) ;
#814 =( NAMED_UNIT ( * ) PLANE_ANGLE_UNIT ( ) SI_UNIT ( $, .RADIAN. ) );
#815 = VERTEX_POINT ( 'NONE', #1660 ) ;
#816 = SURFACE_STYLE_FILL_AREA ( #1319 ) ;
#817 = DIRECTION ( 'NONE',  ( 0.0000000000000000000, 1.000000000000000000, 0.0000000000000000000 ) ) ;
#818 = VERTEX_POINT ( 'NONE', #1974 ) ;
#819 = SURFACE_STYLE_USAGE ( .BOTH. , #372 ) ;
#820 = DIRECTION ( 'NONE',  ( 1.000000000000000000, 0.0000000000000000000, 0.0000000000000000000 ) ) ;
#821 = STYLED_ITEM ( 'NONE', ( #1630 ), #213 ) ;
#822 = LINE ( 'NONE', #1459, #1063 ) ;
#823 = FILL_AREA_STYLE_COLOUR ( '', #98 ) ;
#824 = ORIENTED_EDGE ( 'NONE', *, *, #1690, .F. ) ;
#825 = CARTESIAN_POINT ( 'NONE',  ( 0.1000000000000000056, -0.1000000000000000888, 0.8500000000000000888 ) ) ;
#826 =( GEOMETRIC_REPRESENTATION_CONTEXT ( 3 ) GLOBAL_UNCERTAINTY_ASSIGNED_CONTEXT ( ( #1943 ) ) GLOBAL_UNIT_ASSIGNED_CONTEXT ( ( #1246, #1084, #462 ) ) REPRESENTATION_CONTEXT ( 'NONE', 'WORKASPACE' ) );
#827 = PRESENTATION_LAYER_ASSIGNMENT (  '', '', ( #1746 ) ) ;
#828 = VERTEX_POINT ( 'NONE', #1177 ) ;
#829 = VECTOR ( 'NONE', #924, 100.0000000000000000 ) ;
#830 =( GEOMETRIC_REPRESENTATION_CONTEXT ( 3 ) GLOBAL_UNCERTAINTY_ASSIGNED_CONTEXT ( ( #1921 ) ) GLOBAL_UNIT_ASSIGNED_CONTEXT ( ( #153, #634, #1783 ) ) REPRESENTATION_CONTEXT ( 'NONE', 'WORKASPACE' ) );
#831 = DIRECTION ( 'NONE',  ( -0.0000000000000000000, -0.0000000000000000000, -1.000000000000000000 ) ) ;
#832 = PRESENTATION_LAYER_ASSIGNMENT (  '', '', ( #1163 ) ) ;
#833 = CARTESIAN_POINT ( 'NONE',  ( 0.1000000000000000056, -0.1000000000000000056, 0.7399999999999999911 ) ) ;
#834 = VERTEX_POINT ( 'NONE', #687 ) ;
#835 = FACE_OUTER_BOUND ( 'NONE', #345, .T. ) ;
#836 = ADVANCED_FACE ( 'NONE', ( #1682 ), #1845, .T. ) ;
#837 = ORIENTED_EDGE ( 'NONE', *, *, #1411, .T. ) ;
#838 = LINE ( 'NONE', #1444, #670 ) ;
#839 = CARTESIAN_POINT ( 'NONE',  ( 0.1000000000000000056, 0.0000000000000000000, 0.0000000000000000000 ) ) ;
#840 = ITEM_DEFINED_TRANSFORMATION ( 'NONE', 'NONE', #206,  #801 ) ;
#841 =( NAMED_UNIT ( * ) SI_UNIT ( $, .STERADIAN. ) SOLID_ANGLE_UNIT ( ) );
#842 = CARTESIAN_POINT ( 'NONE',  ( 0.0000000000000000000, 0.05000000000000000278, 0.8500000000000000888 ) ) ;
#843 = DIRECTION ( 'NONE',  ( -1.000000000000000000, -2.078962154847970352E-32, 0.0000000000000000000 ) ) ;
#844 = ORIENTED_EDGE ( 'NONE', *, *, #1963, .T. ) ;
#845 =( NAMED_UNIT ( * ) SI_UNIT ( $, .STERADIAN. ) SOLID_ANGLE_UNIT ( ) );
#846 = SURFACE_SIDE_STYLE ('',( #1675 ) ) ;
#847 = DIRECTION ( 'NONE',  ( 0.0000000000000000000, 0.0000000000000000000, 1.000000000000000000 ) ) ;
#848 = EDGE_CURVE ( 'NONE', #456, #1623, #1000, .T. ) ;
#849 = FILL_AREA_STYLE ('',( #1658 ) ) ;
#850 = EDGE_CURVE ( 'NONE', #815, #977, #1326, .T. ) ;
#851 = DIRECTION ( 'NONE',  ( 0.1400372197710402777, -0.0000000000000000000, 0.9901462402487812842 ) ) ;
#852 = LINE ( 'NONE', #1808, #488 ) ;
#853 = VECTOR ( 'NONE', #1844, 100.0000000000000000 ) ;
#854 = DIRECTION ( 'NONE',  ( 1.000000000000000000, 0.0000000000000000000, 0.0000000000000000000 ) ) ;
#855 = ORIENTED_EDGE ( 'NONE', *, *, #620, .F. ) ;
#856 = FILL_AREA_STYLE_COLOUR ( '', #899 ) ;
#857 = LINE ( 'NONE', #711, #1462 ) ;
#858 = COLOUR_RGB ( '',0.8666666666666666963, 0.7725490196078431682, 0.2156862745098039325 ) ;
#859 = PRESENTATION_LAYER_ASSIGNMENT (  '', '', ( #489 ) ) ;
#860 = AXIS2_PLACEMENT_3D ( 'NONE', #1032, #536, #1006 ) ;
#861 = CARTESIAN_POINT ( 'NONE',  ( -0.02130000000000031868, -0.02000000000000000042, -1.045954227447509988 ) ) ;
#862 = VECTOR ( 'NONE', #1482, 100.0000000000000000 ) ;
#863 = EDGE_LOOP ( 'NONE', ( #605, #64, #1516, #371 ) ) ;
#864 = CIRCLE ( 'NONE', #1334, 0.009999999999999939493 ) ;
#865 = ADVANCED_FACE ( 'NONE', ( #376 ), #768, .T. ) ;
#866 = DIRECTION ( 'NONE',  ( -0.0000000000000000000, 1.000000000000000000, 0.0000000000000000000 ) ) ;
#867 = DIRECTION ( 'NONE',  ( 1.000000000000000000, 0.0000000000000000000, -0.0000000000000000000 ) ) ;
#868 =( NAMED_UNIT ( * ) PLANE_ANGLE_UNIT ( ) SI_UNIT ( $, .RADIAN. ) );
#869 = ORIENTED_EDGE ( 'NONE', *, *, #946, .F. ) ;
#870 = ORIENTED_EDGE ( 'NONE', *, *, #892, .T. ) ;
#871 = FILL_AREA_STYLE_COLOUR ( '', #1833 ) ;
#872 = ORIENTED_EDGE ( 'NONE', *, *, #636, .T. ) ;
#873 = SURFACE_STYLE_USAGE ( .BOTH. , #395 ) ;
#874 = CARTESIAN_POINT ( 'NONE',  ( -0.1042803458142280149, -0.02000000000000000042, 0.02843064381840689978 ) ) ;
#875 = FILL_AREA_STYLE_COLOUR ( '', #131 ) ;
#876 =( NAMED_UNIT ( * ) PLANE_ANGLE_UNIT ( ) SI_UNIT ( $, .RADIAN. ) );
#877 = PRODUCT_DEFINITION ( 'UNKNOWN', '', #1132, #340 ) ;
#878 = ORIENTED_EDGE ( 'NONE', *, *, #1988, .T. ) ;
#879 = DIRECTION ( 'NONE',  ( -1.000000000000000000, 0.0000000000000000000, 0.0000000000000000000 ) ) ;
#880 = CARTESIAN_POINT ( 'NONE',  ( -0.1000000000000000472, 0.1000000000000000194, 0.8500000000000000888 ) ) ;
#881 = CARTESIAN_POINT ( 'NONE',  ( -0.06003131717443468962, -0.02000000000000000042, 0.5529086589813230201 ) ) ;
#882 = VERTEX_POINT ( 'NONE', #602 ) ;
#883 = SURFACE_STYLE_USAGE ( .BOTH. , #1579 ) ;
#884 = ITEM_DEFINED_TRANSFORMATION ( 'NONE', 'NONE', #1717,  #801 ) ;
#885 = SURFACE_SIDE_STYLE ('',( #256 ) ) ;
#886 = UNCERTAINTY_MEASURE_WITH_UNIT (LENGTH_MEASURE( 1.000000000000000082E-05 ), #931, 'distance_accuracy_value', 'NONE');
#887 = ORIENTED_EDGE ( 'NONE', *, *, #338, .F. ) ;
#888 = LINE ( 'NONE', #1528, #128 ) ;
#889 = DIRECTION ( 'NONE',  ( -1.000000000000000000, -0.0000000000000000000, -0.0000000000000000000 ) ) ;
#890 = PRODUCT_DEFINITION_SHAPE ( 'NONE', 'NONE',  #2066 ) ;
#891 = PRESENTATION_STYLE_ASSIGNMENT (( #718 ) ) ;
#892 = EDGE_CURVE ( 'NONE', #336, #1592, #426, .T. ) ;
#893 = MECHANICAL_DESIGN_GEOMETRIC_PRESENTATION_REPRESENTATION (  '', ( #967 ), #630 ) ;
#894 = PRESENTATION_LAYER_ASSIGNMENT (  '', '', ( #1739 ) ) ;
#895 = LINE ( 'NONE', #861, #1673 ) ;
#896 = MECHANICAL_DESIGN_GEOMETRIC_PRESENTATION_REPRESENTATION (  '', ( #722 ), #1971 ) ;
#897 = ORIENTED_EDGE ( 'NONE', *, *, #1811, .F. ) ;
#898 = CARTESIAN_POINT ( 'NONE',  ( 0.06003131717443468962, -0.02000000000000000042, 0.2677666470408440191 ) ) ;
#899 = COLOUR_RGB ( '',0.1019607843137254888, 0.1019607843137254888, 0.1019607843137254888 ) ;
#900 = PRESENTATION_LAYER_ASSIGNMENT (  '', '', ( #130 ) ) ;
#901 = COLOUR_RGB ( '',0.8666666666666666963, 0.7725490196078431682, 0.2156862745098039325 ) ;
#902 = VERTEX_POINT ( 'NONE', #278 ) ;
#903 = SURFACE_SIDE_STYLE ('',( #1703 ) ) ;
#904 = DIRECTION ( 'NONE',  ( 0.9901462402487813952, 0.0000000000000000000, -0.1400372197710403055 ) ) ;
#905 = VERTEX_POINT ( 'NONE', #437 ) ;
#906 = DIRECTION ( 'NONE',  ( -0.0000000000000000000, -1.000000000000000000, -0.0000000000000000000 ) ) ;
#907 = ORIENTED_EDGE ( 'NONE', *, *, #1828, .F. ) ;
#908 = ADVANCED_FACE ( 'NONE', ( #1373 ), #1571, .T. ) ;
#909 = ORIENTED_EDGE ( 'NONE', *, *, #260, .F. ) ;
#910 = DIRECTION ( 'NONE',  ( -1.000000000000000000, 0.0000000000000000000, -0.0000000000000000000 ) ) ;
#911 = UNCERTAINTY_MEASURE_WITH_UNIT (LENGTH_MEASURE( 1.000000000000000082E-05 ), #641, 'distance_accuracy_value', 'NONE');
#912 = SURFACE_SIDE_STYLE ('',( #412 ) ) ;
#913 = LINE ( 'NONE', #2030, #1709 ) ;
#914 = SURFACE_STYLE_FILL_AREA ( #407 ) ;
#915 = DIRECTION ( 'NONE',  ( -0.0000000000000000000, -0.0000000000000000000, -1.000000000000000000 ) ) ;
#916 = DIRECTION ( 'NONE',  ( 0.3955455025629631693, 0.0000000000000000000, -0.9184463813430878698 ) ) ;
#917 = DIRECTION ( 'NONE',  ( 0.0000000000000000000, 0.0000000000000000000, 1.000000000000000000 ) ) ;
#918 = DIRECTION ( 'NONE',  ( -0.0000000000000000000, -1.000000000000000000, -0.0000000000000000000 ) ) ;
#919 = EDGE_CURVE ( 'NONE', #1787, #1789, #1382, .T. ) ;
#920 = DIRECTION ( 'NONE',  ( 0.0000000000000000000, 0.0000000000000000000, -1.000000000000000000 ) ) ;
#921 = ORIENTED_EDGE ( 'NONE', *, *, #752, .T. ) ;
#922 = SURFACE_STYLE_USAGE ( .BOTH. , #938 ) ;
#923 = CARTESIAN_POINT ( 'NONE',  ( 0.06003131717443468962, -0.02000000000000000042, 0.02843064381840689978 ) ) ;
#924 = DIRECTION ( 'NONE',  ( 0.5773502691896249539, -0.5773502691896269523, -0.5773502691896253980 ) ) ;
#925 = COLOUR_RGB ( '',0.06666666666666666574, 0.06666666666666666574, 0.06666666666666666574 ) ;
#926 = ORIENTED_EDGE ( 'NONE', *, *, #1554, .F. ) ;
#927 = STYLED_ITEM ( 'NONE', ( #1753 ), #209 ) ;
#928 = FILL_AREA_STYLE ('',( #136 ) ) ;
#929 = VECTOR ( 'NONE', #918, 100.0000000000000000 ) ;
#930 = VECTOR ( 'NONE', #265, 100.0000000000000000 ) ;
#931 =( LENGTH_UNIT ( ) NAMED_UNIT ( * ) SI_UNIT ( .CENTI., .METRE. ) );
#932 = VECTOR ( 'NONE', #1081, 100.0000000000000000 ) ;
#933 = UNCERTAINTY_MEASURE_WITH_UNIT (LENGTH_MEASURE( 1.000000000000000082E-05 ), #650, 'distance_accuracy_value', 'NONE');
#934 = COLOUR_RGB ( '',0.8666666666666666963, 0.7725490196078431682, 0.2156862745098039325 ) ;
#935 = VECTOR ( 'NONE', #889, 100.0000000000000000 ) ;
#936 = EDGE_CURVE ( 'NONE', #882, #965, #2020, .T. ) ;
#937 = ORIENTED_EDGE ( 'NONE', *, *, #1094, .F. ) ;
#938 = SURFACE_SIDE_STYLE ('',( #444 ) ) ;
#939 = COLOUR_RGB ( '',0.1019607843137254888, 0.1019607843137254888, 0.1019607843137254888 ) ;
#940 = LINE ( 'NONE', #1405, #240 ) ;
#941 = EDGE_CURVE ( 'NONE', #241, #1367, #1244, .T. ) ;
#942 = CARTESIAN_POINT ( 'NONE',  ( 0.0000000000000000000, -0.05000000000000000278, 0.7399999999999999911 ) ) ;
#943 = CARTESIAN_POINT ( 'NONE',  ( 0.1000000000000000056, 0.1000000000000000056, 0.0000000000000000000 ) ) ;
#944 = DIRECTION ( 'NONE',  ( 1.000000000000000000, 0.0000000000000000000, 0.0000000000000000000 ) ) ;
#945 = CARTESIAN_POINT ( 'NONE',  ( 9.462128050782550710E-19, 0.04999999999999991257, 0.8000000000000000444 ) ) ;
#946 = EDGE_CURVE ( 'NONE', #828, #680, #445, .T. ) ;
#947 = SURFACE_STYLE_FILL_AREA ( #1217 ) ;
#948 = ORIENTED_EDGE ( 'NONE', *, *, #34, .F. ) ;
#949 = EDGE_CURVE ( 'NONE', #507, #1183, #108, .T. ) ;
#950 = DIRECTION ( 'NONE',  ( 1.000000000000000000, 0.0000000000000000000, 0.0000000000000000000 ) ) ;
#951 = UNCERTAINTY_MEASURE_WITH_UNIT (LENGTH_MEASURE( 1.000000000000000082E-05 ), #66, 'distance_accuracy_value', 'NONE');
#952 = SURFACE_STYLE_FILL_AREA ( #1415 ) ;
#953 = CARTESIAN_POINT ( 'NONE',  ( -0.08509588200079719333, -0.02000000000000000042, 0.7912825582816289671 ) ) ;
#954 = UNCERTAINTY_MEASURE_WITH_UNIT (LENGTH_MEASURE( 1.000000000000000082E-05 ), #714, 'distance_accuracy_value', 'NONE');
#955 = ORIENTED_EDGE ( 'NONE', *, *, #1421, .T. ) ;
#956 = SURFACE_STYLE_USAGE ( .BOTH. , #1272 ) ;
#957 = ADVANCED_FACE ( 'NONE', ( #616 ), #1252, .T. ) ;
#958 = CARTESIAN_POINT ( 'NONE',  ( 0.2982794916698709997, -0.02000000000000000042, 0.6429959744357269802 ) ) ;
#959 = VECTOR ( 'NONE', #1227, 100.0000000000000000 ) ;
#960 = PRESENTATION_LAYER_ASSIGNMENT (  '', '', ( #927 ) ) ;
#961 = VECTOR ( 'NONE', #1193, 100.0000000000000000 ) ;
#962 = PLANE ( 'NONE',  #1613 ) ;
#963 = PRESENTATION_STYLE_ASSIGNMENT (( #1794 ) ) ;
#964 = VECTOR ( 'NONE', #867, 100.0000000000000000 ) ;
#965 = VERTEX_POINT ( 'NONE', #1279 ) ;
#966 = MECHANICAL_DESIGN_GEOMETRIC_PRESENTATION_REPRESENTATION (  '', ( #363 ), #1203 ) ;
#967 = STYLED_ITEM ( 'NONE', ( #1051 ), #957 ) ;
#968 = FILL_AREA_STYLE_COLOUR ( '', #423 ) ;
#969 = CARTESIAN_POINT ( 'NONE',  ( 0.09428034581422810312, -0.02000000000000000042, 0.7973271032559993143 ) ) ;
#970 = STYLED_ITEM ( 'NONE', ( #1735 ), #1687 ) ;
#971 = EDGE_LOOP ( 'NONE', ( #870, #1829, #1185, #368 ) ) ;
#972 = DIRECTION ( 'NONE',  ( 0.0000000000000000000, 0.0000000000000000000, 1.000000000000000000 ) ) ;
#973 = CARTESIAN_POINT ( 'NONE',  ( 0.0000000000000000000, 0.0000000000000000000, 0.0000000000000000000 ) ) ;
#974 = UNCERTAINTY_MEASURE_WITH_UNIT (LENGTH_MEASURE( 1.000000000000000082E-05 ), #216, 'distance_accuracy_value', 'NONE');
#975 = ORIENTED_EDGE ( 'NONE', *, *, #603, .F. ) ;
#976 =( NAMED_UNIT ( * ) PLANE_ANGLE_UNIT ( ) SI_UNIT ( $, .RADIAN. ) );
#977 = VERTEX_POINT ( 'NONE', #785 ) ;
#978 = PLANE ( 'NONE',  #1392 ) ;
#979 = DIRECTION ( 'NONE',  ( 0.0000000000000000000, 0.0000000000000000000, 1.000000000000000000 ) ) ;
#980 = ADVANCED_FACE ( 'NONE', ( #1124 ), #1108, .T. ) ;
#981 = CARTESIAN_POINT ( 'NONE',  ( -0.1000000000000000056, 0.1000000000000000056, 0.0000000000000000000 ) ) ;
#982 = DIRECTION ( 'NONE',  ( 0.0000000000000000000, 0.0000000000000000000, -1.000000000000000000 ) ) ;
#983 = DIRECTION ( 'NONE',  ( 0.0000000000000000000, 0.0000000000000000000, -1.000000000000000000 ) ) ;
#984 = ORIENTED_EDGE ( 'NONE', *, *, #737, .F. ) ;
#985 = SHAPE_REPRESENTATION ( 'SIL_SocketPin', ( #801 ), #1264 ) ;
#986 = FACE_OUTER_BOUND ( 'NONE', #540, .T. ) ;
#987 = ORIENTED_EDGE ( 'NONE', *, *, #413, .F. ) ;
#988 = CARTESIAN_POINT ( 'NONE',  ( -0.1270000000000000018, 0.1270000000000000018, 0.0000000000000000000 ) ) ;
#989 = ORIENTED_EDGE ( 'NONE', *, *, #1649, .F. ) ;
#990 = DIRECTION ( 'NONE',  ( -0.0000000000000000000, 1.000000000000000000, 0.0000000000000000000 ) ) ;
#991 = COLOUR_RGB ( '',0.8666666666666666963, 0.7725490196078431682, 0.2156862745098039325 ) ;
#992 = LINE ( 'NONE', #1671, #1394 ) ;
#993 = CARTESIAN_POINT ( 'NONE',  ( -0.02687348134688750251, 0.02000000000000002123, -1.006546407085610051 ) ) ;
#994 = ADVANCED_FACE ( 'NONE', ( #627 ), #1139, .T. ) ;
#995 =( GEOMETRIC_REPRESENTATION_CONTEXT ( 3 ) GLOBAL_UNCERTAINTY_ASSIGNED_CONTEXT ( ( #2041 ) ) GLOBAL_UNIT_ASSIGNED_CONTEXT ( ( #606, #2053, #1406 ) ) REPRESENTATION_CONTEXT ( 'NONE', 'WORKASPACE' ) );
#996 = ORIENTED_EDGE ( 'NONE', *, *, #517, .T. ) ;
#997 = PLANE ( 'NONE',  #163 ) ;
#998 = SURFACE_SIDE_STYLE ('',( #1153 ) ) ;
#999 = VECTOR ( 'NONE', #1045, 100.0000000000000000 ) ;
#1000 = CIRCLE ( 'NONE', #1294, 0.01000000000000028644 ) ;
#1001 = ORIENTED_EDGE ( 'NONE', *, *, #1690, .T. ) ;
#1002 = DIRECTION ( 'NONE',  ( 1.000000000000000000, 0.0000000000000000000, -1.140612731871519894E-31 ) ) ;
#1003 = CONTEXT_DEPENDENT_SHAPE_REPRESENTATION ( #1846, #643 ) ;
#1004 = PRESENTATION_LAYER_ASSIGNMENT (  '', '', ( #821 ) ) ;
#1005 = CARTESIAN_POINT ( 'NONE',  ( -0.09428034581422810312, -0.02000000000000000042, 0.7873271032559990834 ) ) ;
#1006 = DIRECTION ( 'NONE',  ( -2.724217623112853370E-15, 0.0000000000000000000, 1.000000000000000000 ) ) ;
#1007 = DIRECTION ( 'NONE',  ( -1.000000000000000000, -0.0000000000000000000, -0.0000000000000000000 ) ) ;
#1008 = CARTESIAN_POINT ( 'NONE',  ( 0.0000000000000000000, 0.1270000000000000018, 0.8500000000000000888 ) ) ;
#1009 = EDGE_LOOP ( 'NONE', ( #343, #1449, #926, #1950 ) ) ;
#1010 = PRODUCT_RELATED_PRODUCT_CATEGORY ( 'part', '', ( #1543 ) ) ;
#1011 = PLANE ( 'NONE',  #665 ) ;
#1012 = EDGE_CURVE ( 'NONE', #1879, #1379, #1755, .T. ) ;
#1013 = CARTESIAN_POINT ( 'NONE',  ( 0.0000000000000000000, 0.05000000000000000278, 0.7399999999999999911 ) ) ;
#1014 = APPLICATION_CONTEXT ( 'automotive_design' ) ;
#1015 = LINE ( 'NONE', #1324, #2025 ) ;
#1016 = VERTEX_POINT ( 'NONE', #308 ) ;
#1017 = LINE ( 'NONE', #219, #1291 ) ;
#1018 = EDGE_CURVE ( 'NONE', #1295, #1016, #148, .T. ) ;
#1019 = APPLICATION_PROTOCOL_DEFINITION ( 'draft international standard', 'automotive_design', 1998, #119 ) ;
#1020 = DIRECTION ( 'NONE',  ( 0.0000000000000000000, 0.0000000000000000000, 1.000000000000000000 ) ) ;
#1021 = LINE ( 'NONE', #1308, #1361 ) ;
#1022 = CIRCLE ( 'NONE', #1254, 0.2547114388012230446 ) ;
#1023 = ORIENTED_EDGE ( 'NONE', *, *, #1299, .T. ) ;
#1024 = DIRECTION ( 'NONE',  ( 0.0000000000000000000, 0.0000000000000000000, 1.000000000000000000 ) ) ;
#1025 = STYLED_ITEM ( 'NONE', ( #1412 ), #1313 ) ;
#1026 = VECTOR ( 'NONE', #1085, 100.0000000000000000 ) ;
#1027 =( GEOMETRIC_REPRESENTATION_CONTEXT ( 3 ) GLOBAL_UNCERTAINTY_ASSIGNED_CONTEXT ( ( #1881 ) ) GLOBAL_UNIT_ASSIGNED_CONTEXT ( ( #1776, #1439, #332 ) ) REPRESENTATION_CONTEXT ( 'NONE', 'WORKASPACE' ) );
#1028 = VERTEX_POINT ( 'NONE', #1956 ) ;
#1029 = PRESENTATION_LAYER_ASSIGNMENT (  '', '', ( #203 ) ) ;
#1030 = COLOUR_RGB ( '',0.7921568627450980005, 0.8196078431372548767, 0.9333333333333333481 ) ;
#1031 = CARTESIAN_POINT ( 'NONE',  ( -0.1270000000000000018, 0.0000000000000000000, 0.8500000000000000888 ) ) ;
#1032 = CARTESIAN_POINT ( 'NONE',  ( -0.2982794916698709997, 0.02000000000000000042, 0.6429959744357269802 ) ) ;
#1033 = DIRECTION ( 'NONE',  ( -0.0000000000000000000, -0.0000000000000000000, -1.000000000000000000 ) ) ;
#1034 = VERTEX_POINT ( 'NONE', #40 ) ;
#1035 = CARTESIAN_POINT ( 'NONE',  ( 0.03244696269377505410, 0.02000000000000002817, -0.9671385867237070055 ) ) ;
#1036 = LINE ( 'NONE', #1826, #999 ) ;
#1037 =( NAMED_UNIT ( * ) SI_UNIT ( $, .STERADIAN. ) SOLID_ANGLE_UNIT ( ) );
#1038 = ORIENTED_EDGE ( 'NONE', *, *, #848, .T. ) ;
#1039 = SURFACE_STYLE_USAGE ( .BOTH. , #1337 ) ;
#1040 = FILL_AREA_STYLE_COLOUR ( '', #168 ) ;
#1041 = CARTESIAN_POINT ( 'NONE',  ( -6.308085367188389609E-19, 0.0000000000000000000, 0.7399999999999999911 ) ) ;
#1042 = EDGE_CURVE ( 'NONE', #724, #1634, #420, .T. ) ;
#1043 = ORIENTED_EDGE ( 'NONE', *, *, #770, .T. ) ;
#1044 = LINE ( 'NONE', #1692, #2001 ) ;
#1045 = DIRECTION ( 'NONE',  ( 0.3955455025629641130, 0.0000000000000000000, 0.9184463813430875367 ) ) ;
#1046 = LINE ( 'NONE', #881, #1938 ) ;
#1047 = ORIENTED_EDGE ( 'NONE', *, *, #1963, .F. ) ;
#1048 =( NAMED_UNIT ( * ) SI_UNIT ( $, .STERADIAN. ) SOLID_ANGLE_UNIT ( ) );
#1049 = UNCERTAINTY_MEASURE_WITH_UNIT (LENGTH_MEASURE( 1.000000000000000082E-05 ), #758, 'distance_accuracy_value', 'NONE');
#1050 = DIRECTION ( 'NONE',  ( 0.0000000000000000000, -0.0000000000000000000, -1.000000000000000000 ) ) ;
#1051 = PRESENTATION_STYLE_ASSIGNMENT (( #95 ) ) ;
#1052 = PRODUCT_DEFINITION_SHAPE ( 'NONE', 'NONE',  #2058 ) ;
#1053 = EDGE_CURVE ( 'NONE', #1151, #828, #852, .T. ) ;
#1054 = STYLED_ITEM ( 'NONE', ( #1212 ), #146 ) ;
#1055 = COLOUR_RGB ( '',0.8666666666666666963, 0.7725490196078431682, 0.2156862745098039325 ) ;
#1056 =( GEOMETRIC_REPRESENTATION_CONTEXT ( 3 ) GLOBAL_UNCERTAINTY_ASSIGNED_CONTEXT ( ( #139 ) ) GLOBAL_UNIT_ASSIGNED_CONTEXT ( ( #246, #221, #374 ) ) REPRESENTATION_CONTEXT ( 'NONE', 'WORKASPACE' ) );
#1057 = EDGE_CURVE ( 'NONE', #183, #241, #992, .T. ) ;
#1058 = PRESENTATION_STYLE_ASSIGNMENT (( #778 ) ) ;
#1059 = VECTOR ( 'NONE', #1840, 100.0000000000000142 ) ;
#1060 = ORIENTED_EDGE ( 'NONE', *, *, #370, .F. ) ;
#1061 =( NAMED_UNIT ( * ) PLANE_ANGLE_UNIT ( ) SI_UNIT ( $, .RADIAN. ) );
#1062 = STYLED_ITEM ( 'NONE', ( #2037 ), #1589 ) ;
#1063 = VECTOR ( 'NONE', #1955, 100.0000000000000000 ) ;
#1064 = STYLED_ITEM ( 'NONE', ( #519 ), #865 ) ;
#1065 =( NAMED_UNIT ( * ) SI_UNIT ( $, .STERADIAN. ) SOLID_ANGLE_UNIT ( ) );
#1066 = PLANE ( 'NONE',  #53 ) ;
#1067 = AXIS2_PLACEMENT_3D ( 'NONE', #1136, #339, #1425 ) ;
#1068 = CARTESIAN_POINT ( 'NONE',  ( -0.03244696269377490144, -0.02000000000000000042, 0.08882838487625120683 ) ) ;
#1069 = DIRECTION ( 'NONE',  ( 0.3955455025629631693, 0.0000000000000000000, 0.9184463813430878698 ) ) ;
#1070 = DIRECTION ( 'NONE',  ( -0.0000000000000000000, -1.000000000000000000, -0.0000000000000000000 ) ) ;
#1071 = PRESENTATION_LAYER_ASSIGNMENT (  '', '', ( #496 ) ) ;
#1072 = EDGE_LOOP ( 'NONE', ( #387, #1605, #245, #1521 ) ) ;
#1073 = ADVANCED_FACE ( 'NONE', ( #1644 ), #217, .F. ) ;
#1074 = FILL_AREA_STYLE ('',( #1238 ) ) ;
#1075 = CARTESIAN_POINT ( 'NONE',  ( 0.0000000000000000000, -0.1000000000000000056, 0.0000000000000000000 ) ) ;
#1076 = PRODUCT_DEFINITION_SHAPE ( 'NONE', 'NONE',  #2062 ) ;
#1077 = SURFACE_SIDE_STYLE ('',( #1231 ) ) ;
#1078 = FILL_AREA_STYLE_COLOUR ( '', #1030 ) ;
#1079 = UNCERTAINTY_MEASURE_WITH_UNIT (LENGTH_MEASURE( 1.000000000000000082E-05 ), #1282, 'distance_accuracy_value', 'NONE');
#1080 = ORIENTED_EDGE ( 'NONE', *, *, #21, .T. ) ;
#1081 = DIRECTION ( 'NONE',  ( -0.0000000000000000000, 0.0000000000000000000, -1.000000000000000000 ) ) ;
#1082 = SURFACE_STYLE_USAGE ( .BOTH. , #1884 ) ;
#1083 = LINE ( 'NONE', #118, #167 ) ;
#1084 =( NAMED_UNIT ( * ) PLANE_ANGLE_UNIT ( ) SI_UNIT ( $, .RADIAN. ) );
#1085 = DIRECTION ( 'NONE',  ( 0.0000000000000000000, 1.000000000000000000, 0.0000000000000000000 ) ) ;
#1086 = CARTESIAN_POINT ( 'NONE',  ( 0.03244696269377512349, -0.02000000000000000042, -0.9671385867237070055 ) ) ;
#1087 = ORIENTED_EDGE ( 'NONE', *, *, #478, .T. ) ;
#1088 =( LENGTH_UNIT ( ) NAMED_UNIT ( * ) SI_UNIT ( .CENTI., .METRE. ) );
#1089 = FILL_AREA_STYLE_COLOUR ( '', #428 ) ;
#1090 =( NAMED_UNIT ( * ) PLANE_ANGLE_UNIT ( ) SI_UNIT ( $, .RADIAN. ) );
#1091 = FILL_AREA_STYLE_COLOUR ( '', #356 ) ;
#1092 = AXIS2_PLACEMENT_3D ( 'NONE', #586, #1219, #678 ) ;
#1093 = AXIS2_PLACEMENT_3D ( 'NONE', #555, #1835, #1664 ) ;
#1094 = EDGE_CURVE ( 'NONE', #1544, #456, #1863, .T. ) ;
#1095 = SURFACE_SIDE_STYLE ('',( #1911 ) ) ;
#1096 = DIRECTION ( 'NONE',  ( 0.0000000000000000000, 0.0000000000000000000, 1.000000000000000000 ) ) ;
#1097 = VECTOR ( 'NONE', #1298, 100.0000000000000000 ) ;
#1098 = EDGE_CURVE ( 'NONE', #111, #1016, #385, .T. ) ;
#1099 = ORIENTED_EDGE ( 'NONE', *, *, #1601, .F. ) ;
#1100 = CARTESIAN_POINT ( 'NONE',  ( -0.06836365425400149631, -0.02000000000000000042, 0.08882838487625120683 ) ) ;
#1101 = CARTESIAN_POINT ( 'NONE',  ( 0.01064999999999999974, -0.02000000000000000042, -1.045954227447509988 ) ) ;
#1102 = AXIS2_PLACEMENT_3D ( 'NONE', #1245, #904, #746 ) ;
#1103 =( LENGTH_UNIT ( ) NAMED_UNIT ( * ) SI_UNIT ( .CENTI., .METRE. ) );
#1104 = CARTESIAN_POINT ( 'NONE',  ( -0.03244696269377490144, 0.02000000000000000042, 0.08882838487625120683 ) ) ;
#1105 = LINE ( 'NONE', #301, #1937 ) ;
#1106 = DIRECTION ( 'NONE',  ( 1.000000000000000000, 0.0000000000000000000, -0.0000000000000000000 ) ) ;
#1107 = DIRECTION ( 'NONE',  ( 0.0000000000000000000, 0.0000000000000000000, 1.000000000000000000 ) ) ;
#1108 = PLANE ( 'NONE',  #1801 ) ;
#1109 = ORIENTED_EDGE ( 'NONE', *, *, #1694, .F. ) ;
#1110 = DIRECTION ( 'NONE',  ( 8.065349974140638857E-32, 0.7071067811865460184, 0.7071067811865490160 ) ) ;
#1111 = DIRECTION ( 'NONE',  ( -0.0000000000000000000, -1.000000000000000000, -0.0000000000000000000 ) ) ;
#1112 = UNCERTAINTY_MEASURE_WITH_UNIT (LENGTH_MEASURE( 1.000000000000000082E-05 ), #1716, 'distance_accuracy_value', 'NONE');
#1113 = APPLICATION_CONTEXT ( 'automotive_design' ) ;
#1114 = ORIENTED_EDGE ( 'NONE', *, *, #1247, .F. ) ;
#1115 = EDGE_CURVE ( 'NONE', #724, #101, #224, .T. ) ;
#1116 = DIRECTION ( 'NONE',  ( -0.0000000000000000000, -0.0000000000000000000, -1.000000000000000000 ) ) ;
#1117 = CARTESIAN_POINT ( 'NONE',  ( 0.03244696269377490144, -0.02000000000000000042, 0.08882838487625120683 ) ) ;
#1118 = ORIENTED_EDGE ( 'NONE', *, *, #34, .T. ) ;
#1119 = MECHANICAL_DESIGN_GEOMETRIC_PRESENTATION_REPRESENTATION (  '', ( #1054 ), #486 ) ;
#1120 = DIRECTION ( 'NONE',  ( 0.0000000000000000000, 1.000000000000000000, 0.0000000000000000000 ) ) ;
#1121 = VECTOR ( 'NONE', #1732, 100.0000000000000000 ) ;
#1122 = DIRECTION ( 'NONE',  ( 1.000000000000000000, 0.0000000000000000000, 0.0000000000000000000 ) ) ;
#1123 =( NAMED_UNIT ( * ) PLANE_ANGLE_UNIT ( ) SI_UNIT ( $, .RADIAN. ) );
#1124 = FACE_OUTER_BOUND ( 'NONE', #1957, .T. ) ;
#1125 = VECTOR ( 'NONE', #228, 100.0000000000000000 ) ;
#1126 = PRESENTATION_LAYER_ASSIGNMENT (  '', '', ( #266 ) ) ;
#1127 = ORIENTED_EDGE ( 'NONE', *, *, #777, .F. ) ;
#1128 = VECTOR ( 'NONE', #1730, 100.0000000000000000 ) ;
#1129 = CARTESIAN_POINT ( 'NONE',  ( -0.1042803458142280149, -0.02000000000000000042, 0.08882838487625122070 ) ) ;
#1130 = MECHANICAL_DESIGN_GEOMETRIC_PRESENTATION_REPRESENTATION (  '', ( #970 ), #300 ) ;
#1131 = ORIENTED_EDGE ( 'NONE', *, *, #1221, .T. ) ;
#1132 = PRODUCT_DEFINITION_FORMATION_WITH_SPECIFIED_SOURCE ( 'ANY', '', #1543, .NOT_KNOWN. ) ;
#1133 = FILL_AREA_STYLE ('',( #1091 ) ) ;
#1134 = EDGE_CURVE ( 'NONE', #977, #561, #688, .T. ) ;
#1135 =( NAMED_UNIT ( * ) PLANE_ANGLE_UNIT ( ) SI_UNIT ( $, .RADIAN. ) );
#1136 = CARTESIAN_POINT ( 'NONE',  ( 1.016000000000000014, 0.0000000000000000000, 0.0000000000000000000 ) ) ;
#1137 = PRODUCT_DEFINITION_CONTEXT ( 'detailed design', #119, 'design' ) ;
#1138 = CARTESIAN_POINT ( 'NONE',  ( -0.09428034581422810312, -0.02000000000000000042, 0.7973271032559989813 ) ) ;
#1139 = PLANE ( 'NONE',  #1768 ) ;
#1140 = SURFACE_SIDE_STYLE ('',( #469 ) ) ;
#1141 = ORIENTED_EDGE ( 'NONE', *, *, #1018, .T. ) ;
#1142 = SURFACE_SIDE_STYLE ('',( #681 ) ) ;
#1143 = FILL_AREA_STYLE_COLOUR ( '', #26 ) ;
#1144 = VERTEX_POINT ( 'NONE', #1553 ) ;
#1145 =( NAMED_UNIT ( * ) SI_UNIT ( $, .STERADIAN. ) SOLID_ANGLE_UNIT ( ) );
#1146 = PLANE ( 'NONE',  #625 ) ;
#1147 = EDGE_CURVE ( 'NONE', #1016, #1360, #1021, .T. ) ;
#1148 = ORIENTED_EDGE ( 'NONE', *, *, #220, .F. ) ;
#1149 = DIRECTION ( 'NONE',  ( 0.0000000000000000000, 0.0000000000000000000, 1.000000000000000000 ) ) ;
#1150 = DIRECTION ( 'NONE',  ( -2.078962154847970352E-32, 1.000000000000000000, -7.979599084288239752E-33 ) ) ;
#1151 = VERTEX_POINT ( 'NONE', #833 ) ;
#1152 = DIRECTION ( 'NONE',  ( -1.000000000000000000, -2.078962154847970352E-32, 0.0000000000000000000 ) ) ;
#1153 = SURFACE_STYLE_FILL_AREA ( #1450 ) ;
#1154 = VERTEX_POINT ( 'NONE', #1469 ) ;
#1155 = LINE ( 'NONE', #1800, #1904 ) ;
#1156 = DIRECTION ( 'NONE',  ( 0.0000000000000000000, 1.000000000000000000, 0.0000000000000000000 ) ) ;
#1157 = PRODUCT_RELATED_PRODUCT_CATEGORY ( 'part', '', ( #1738 ) ) ;
#1158 = PLANE ( 'NONE',  #1698 ) ;
#1159 = COLOUR_RGB ( '',0.8666666666666666963, 0.7725490196078431682, 0.2156862745098039325 ) ;
#1160 =( GEOMETRIC_REPRESENTATION_CONTEXT ( 3 ) GLOBAL_UNCERTAINTY_ASSIGNED_CONTEXT ( ( #1242 ) ) GLOBAL_UNIT_ASSIGNED_CONTEXT ( ( #1772, #1135, #1782 ) ) REPRESENTATION_CONTEXT ( 'NONE', 'WORKASPACE' ) );
#1161 = DIRECTION ( 'NONE',  ( -0.0000000000000000000, -1.000000000000000000, -0.0000000000000000000 ) ) ;
#1162 = CIRCLE ( 'NONE', #88, 0.009999999999999939493 ) ;
#1163 = STYLED_ITEM ( 'NONE', ( #1562 ), #312 ) ;
#1164 = EDGE_CURVE ( 'NONE', #1592, #1306, #1574, .T. ) ;
#1165 = ORIENTED_EDGE ( 'NONE', *, *, #1164, .T. ) ;
#1166 = PRESENTATION_LAYER_ASSIGNMENT (  '', '', ( #1970 ) ) ;
#1167 = COLOUR_RGB ( '',0.06666666666666666574, 0.06666666666666666574, 0.06666666666666666574 ) ;
#1168 = CARTESIAN_POINT ( 'NONE',  ( -0.05000000000000000278, -0.05000000000000000278, 0.8500000000000000888 ) ) ;
#1169 = MECHANICAL_DESIGN_GEOMETRIC_PRESENTATION_REPRESENTATION (  '', ( #496 ), #1977 ) ;
#1170 = VERTEX_POINT ( 'NONE', #1964 ) ;
#1171 = PRESENTATION_STYLE_ASSIGNMENT (( #819 ) ) ;
#1172 = MECHANICAL_DESIGN_GEOMETRIC_PRESENTATION_REPRESENTATION (  '', ( #1296 ), #729 ) ;
#1173 = AXIS2_PLACEMENT_3D ( 'NONE', #973, #781, #1260 ) ;
#1174 = CARTESIAN_POINT ( 'NONE',  ( -0.1042803458142280149, 0.02000000000000000042, 0.08882838487625122070 ) ) ;
#1175 = DIRECTION ( 'NONE',  ( 0.0000000000000000000, 0.0000000000000000000, 1.000000000000000000 ) ) ;
#1176 = DIRECTION ( 'NONE',  ( -0.0000000000000000000, -1.000000000000000000, 0.0000000000000000000 ) ) ;
#1177 = CARTESIAN_POINT ( 'NONE',  ( -0.1000000000000000056, -0.1000000000000000056, 0.7399999999999999911 ) ) ;
#1178 = CARTESIAN_POINT ( 'NONE',  ( 0.03244696269377490144, -0.02000000000000000042, -0.9671385867237070055 ) ) ;
#1179 = SURFACE_SIDE_STYLE ('',( #539 ) ) ;
#1180 = ORIENTED_EDGE ( 'NONE', *, *, #1323, .F. ) ;
#1181 =( NAMED_UNIT ( * ) PLANE_ANGLE_UNIT ( ) SI_UNIT ( $, .RADIAN. ) );
#1182 = DIRECTION ( 'NONE',  ( -1.000000000000000000, -2.078962154847970352E-32, 0.0000000000000000000 ) ) ;
#1183 = VERTEX_POINT ( 'NONE', #520 ) ;
#1184 = FILL_AREA_STYLE_COLOUR ( '', #563 ) ;
#1185 = ORIENTED_EDGE ( 'NONE', *, *, #1887, .T. ) ;
#1186 = DIRECTION ( 'NONE',  ( 0.0000000000000000000, 0.0000000000000000000, -1.000000000000000000 ) ) ;
#1187 = APPLICATION_PROTOCOL_DEFINITION ( 'draft international standard', 'automotive_design', 1998, #1113 ) ;
#1188 = CARTESIAN_POINT ( 'NONE',  ( 0.06003131717443468962, -0.02000000000000000042, 0.2677666470408440191 ) ) ;
#1189 = PRESENTATION_STYLE_ASSIGNMENT (( #237 ) ) ;
#1190 =( NAMED_UNIT ( * ) SI_UNIT ( $, .STERADIAN. ) SOLID_ANGLE_UNIT ( ) );
#1191 = MECHANICAL_DESIGN_GEOMETRIC_PRESENTATION_REPRESENTATION (  '', ( #821 ), #267 ) ;
#1192 = EDGE_LOOP ( 'NONE', ( #824, #2049, #937, #1785, #24, #1431, #1127, #522, #107, #575, #1916, #1180, #1223, #1408, #1557, #347, #1310, #740, #1867, #909 ) ) ;
#1193 = DIRECTION ( 'NONE',  ( -0.5773502691896249539, -0.5773502691896269523, 0.5773502691896253980 ) ) ;
#1194 = CARTESIAN_POINT ( 'NONE',  ( 0.1270000000000000018, -0.1270000000000000018, 0.0000000000000000000 ) ) ;
#1195 =( GEOMETRIC_REPRESENTATION_CONTEXT ( 3 ) GLOBAL_UNCERTAINTY_ASSIGNED_CONTEXT ( ( #316 ) ) GLOBAL_UNIT_ASSIGNED_CONTEXT ( ( #502, #1262, #1460 ) ) REPRESENTATION_CONTEXT ( 'NONE', 'WORKASPACE' ) );
#1196 = MECHANICAL_DESIGN_GEOMETRIC_PRESENTATION_REPRESENTATION (  '', ( #292 ), #659 ) ;
#1197 = AXIS2_PLACEMENT_3D ( 'NONE', #1951, #1788, #1002 ) ;
#1198 = VECTOR ( 'NONE', #1050, 100.0000000000000000 ) ;
#1199 =( NAMED_UNIT ( * ) SI_UNIT ( $, .STERADIAN. ) SOLID_ANGLE_UNIT ( ) );
#1200 = VECTOR ( 'NONE', #787, 100.0000000000000000 ) ;
#1201 = ORIENTED_EDGE ( 'NONE', *, *, #1249, .F. ) ;
#1202 = FILL_AREA_STYLE_COLOUR ( '', #455 ) ;
#1203 =( GEOMETRIC_REPRESENTATION_CONTEXT ( 3 ) GLOBAL_UNCERTAINTY_ASSIGNED_CONTEXT ( ( #154 ) ) GLOBAL_UNIT_ASSIGNED_CONTEXT ( ( #1269, #1309, #1931 ) ) REPRESENTATION_CONTEXT ( 'NONE', 'WORKASPACE' ) );
#1204 =( REPRESENTATION_RELATIONSHIP ('NONE','NONE', #281, #985 ) REPRESENTATION_RELATIONSHIP_WITH_TRANSFORMATION ( #434 )SHAPE_REPRESENTATION_RELATIONSHIP( ) );
#1205 = SURFACE_SIDE_STYLE ('',( #676 ) ) ;
#1206 = FACE_BOUND ( 'NONE', #1954, .T. ) ;
#1207 = ORIENTED_EDGE ( 'NONE', *, *, #195, .T. ) ;
#1208 = SURFACE_STYLE_USAGE ( .BOTH. , #717 ) ;
#1209 =( LENGTH_UNIT ( ) NAMED_UNIT ( * ) SI_UNIT ( .CENTI., .METRE. ) );
#1210 = ORIENTED_EDGE ( 'NONE', *, *, #946, .T. ) ;
#1211 = LINE ( 'NONE', #1540, #1121 ) ;
#1212 = PRESENTATION_STYLE_ASSIGNMENT (( #1387 ) ) ;
#1213 = EDGE_CURVE ( 'NONE', #1882, #183, #1819, .T. ) ;
#1214 = VERTEX_POINT ( 'NONE', #1906 ) ;
#1215 = FILL_AREA_STYLE_COLOUR ( '', #595 ) ;
#1216 = CARTESIAN_POINT ( 'NONE',  ( 0.0000000000000000000, 0.1270000000000000018, 0.0000000000000000000 ) ) ;
#1217 = FILL_AREA_STYLE ('',( #2043 ) ) ;
#1218 = ORIENTED_EDGE ( 'NONE', *, *, #1042, .T. ) ;
#1219 = DIRECTION ( 'NONE',  ( 0.0000000000000000000, 1.000000000000000000, 0.0000000000000000000 ) ) ;
#1220 = MECHANICAL_DESIGN_GEOMETRIC_PRESENTATION_REPRESENTATION (  '', ( #1982 ), #264 ) ;
#1221 = EDGE_CURVE ( 'NONE', #965, #355, #619, .T. ) ;
#1222 = STYLED_ITEM ( 'NONE', ( #543 ), #125 ) ;
#1223 = ORIENTED_EDGE ( 'NONE', *, *, #100, .F. ) ;
#1224 = FILL_AREA_STYLE_COLOUR ( '', #324 ) ;
#1225 = ORIENTED_EDGE ( 'NONE', *, *, #1323, .T. ) ;
#1226 = DIRECTION ( 'NONE',  ( -0.9901462402487813952, 0.0000000000000000000, -0.1400372197710403055 ) ) ;
#1227 = DIRECTION ( 'NONE',  ( -1.000000000000000000, -0.0000000000000000000, 0.0000000000000000000 ) ) ;
#1228 = STYLED_ITEM ( 'NONE', ( #1058 ), #1538 ) ;
#1229 = VECTOR ( 'NONE', #851, 100.0000000000000142 ) ;
#1230 = AXIS2_PLACEMENT_3D ( 'NONE', #10, #309, #647 ) ;
#1231 = SURFACE_STYLE_FILL_AREA ( #2017 ) ;
#1232 = VERTEX_POINT ( 'NONE', #1255 ) ;
#1233 = PRESENTATION_LAYER_ASSIGNMENT (  '', '', ( #569 ) ) ;
#1234 = SURFACE_STYLE_FILL_AREA ( #1891 ) ;
#1235 = CARTESIAN_POINT ( 'NONE',  ( -0.1000000000000000056, 0.1000000000000000888, 0.8500000000000000888 ) ) ;
#1236 = EDGE_CURVE ( 'NONE', #1402, #1595, #780, .T. ) ;
#1237 = DIRECTION ( 'NONE',  ( -0.0000000000000000000, -1.000000000000000000, -0.0000000000000000000 ) ) ;
#1238 = FILL_AREA_STYLE_COLOUR ( '', #1575 ) ;
#1239 = PRODUCT_DEFINITION_SHAPE ( 'NONE', 'NONE',  #2059 ) ;
#1240 = CYLINDRICAL_SURFACE ( 'NONE', #354, 0.01000000000000028644 ) ;
#1241 = SURFACE_STYLE_FILL_AREA ( #1699 ) ;
#1242 = UNCERTAINTY_MEASURE_WITH_UNIT (LENGTH_MEASURE( 1.000000000000000082E-05 ), #1772, 'distance_accuracy_value', 'NONE');
#1243 = PLANE ( 'NONE',  #460 ) ;
#1244 = LINE ( 'NONE', #1216, #935 ) ;
#1245 = CARTESIAN_POINT ( 'NONE',  ( 0.02687348134688750251, -0.02000000000000000042, -1.006546407085610051 ) ) ;
#1246 =( LENGTH_UNIT ( ) NAMED_UNIT ( * ) SI_UNIT ( .CENTI., .METRE. ) );
#1247 = EDGE_CURVE ( 'NONE', #905, #1183, #1563, .T. ) ;
#1248 = SURFACE_SIDE_STYLE ('',( #1397 ) ) ;
#1249 = EDGE_CURVE ( 'NONE', #1789, #1379, #464, .T. ) ;
#1250 = ORIENTED_EDGE ( 'NONE', *, *, #749, .F. ) ;
#1251 =( LENGTH_UNIT ( ) NAMED_UNIT ( * ) SI_UNIT ( .CENTI., .METRE. ) );
#1252 = PLANE ( 'NONE',  #201 ) ;
#1253 = FACE_OUTER_BOUND ( 'NONE', #1636, .T. ) ;
#1254 = AXIS2_PLACEMENT_3D ( 'NONE', #516, #1156, #552 ) ;
#1255 = CARTESIAN_POINT ( 'NONE',  ( -0.1270000000000000018, -0.1270000000000000018, 0.8500000000000000888 ) ) ;
#1256 = VECTOR ( 'NONE', #151, 100.0000000000000000 ) ;
#1257 = LINE ( 'NONE', #943, #720 ) ;
#1258 = MECHANICAL_DESIGN_GEOMETRIC_PRESENTATION_REPRESENTATION (  '', ( #296 ), #1805 ) ;
#1259 = EDGE_CURVE ( 'NONE', #1360, #438, #1876, .T. ) ;
#1260 = DIRECTION ( 'NONE',  ( 1.000000000000000000, 0.0000000000000000000, 0.0000000000000000000 ) ) ;
#1261 = CARTESIAN_POINT ( 'NONE',  ( 0.1270000000000000018, 0.0000000000000000000, 0.0000000000000000000 ) ) ;
#1262 =( NAMED_UNIT ( * ) PLANE_ANGLE_UNIT ( ) SI_UNIT ( $, .RADIAN. ) );
#1263 = STYLED_ITEM ( 'NONE', ( #963 ), #1933 ) ;
#1264 =( GEOMETRIC_REPRESENTATION_CONTEXT ( 3 ) GLOBAL_UNCERTAINTY_ASSIGNED_CONTEXT ( ( #268 ) ) GLOBAL_UNIT_ASSIGNED_CONTEXT ( ( #741, #1862, #1065 ) ) REPRESENTATION_CONTEXT ( 'NONE', 'WORKASPACE' ) );
#1265 = ORIENTED_EDGE ( 'NONE', *, *, #1606, .T. ) ;
#1266 = DIRECTION ( 'NONE',  ( -1.000000000000000000, -0.0000000000000000000, -0.0000000000000000000 ) ) ;
#1267 = FILL_AREA_STYLE_COLOUR ( '', #1764 ) ;
#1268 = DIRECTION ( 'NONE',  ( 0.0000000000000000000, 0.0000000000000000000, 1.000000000000000000 ) ) ;
#1269 =( LENGTH_UNIT ( ) NAMED_UNIT ( * ) SI_UNIT ( .CENTI., .METRE. ) );
#1270 = EDGE_CURVE ( 'NONE', #507, #977, #1727, .T. ) ;
#1271 = ORIENTED_EDGE ( 'NONE', *, *, #788, .T. ) ;
#1272 = SURFACE_SIDE_STYLE ('',( #809 ) ) ;
#1273 = EDGE_LOOP ( 'NONE', ( #1434, #584, #1756, #808 ) ) ;
#1274 = FACE_OUTER_BOUND ( 'NONE', #252, .T. ) ;
#1275 = FILL_AREA_STYLE_COLOUR ( '', #2027 ) ;
#1276 = DIRECTION ( 'NONE',  ( 1.000000000000000000, 0.0000000000000000000, 0.0000000000000000000 ) ) ;
#1277 = UNCERTAINTY_MEASURE_WITH_UNIT (LENGTH_MEASURE( 1.000000000000000082E-05 ), #261, 'distance_accuracy_value', 'NONE');
#1278 = CARTESIAN_POINT ( 'NONE',  ( 0.0000000000000000000, 0.1000000000000000056, 0.0000000000000000000 ) ) ;
#1279 = CARTESIAN_POINT ( 'NONE',  ( 0.1000000000000000056, -0.1000000000000000056, 0.0000000000000000000 ) ) ;
#1280 = FILL_AREA_STYLE ('',( #639 ) ) ;
#1281 = VERTEX_POINT ( 'NONE', #1420 ) ;
#1282 =( LENGTH_UNIT ( ) NAMED_UNIT ( * ) SI_UNIT ( .CENTI., .METRE. ) );
#1283 = EDGE_CURVE ( 'NONE', #828, #355, #1105, .T. ) ;
#1284 = ORIENTED_EDGE ( 'NONE', *, *, #1012, .F. ) ;
#1285 = SURFACE_STYLE_FILL_AREA ( #1133 ) ;
#1286 = SURFACE_SIDE_STYLE ('',( #475 ) ) ;
#1287 = VECTOR ( 'NONE', #1597, 100.0000000000000000 ) ;
#1288 = VECTOR ( 'NONE', #1116, 100.0000000000000000 ) ;
#1289 = CARTESIAN_POINT ( 'NONE',  ( 1.016000000000000014, 0.0000000000000000000, 0.0000000000000000000 ) ) ;
#1290 = AXIS2_PLACEMENT_3D ( 'NONE', #1590, #144, #916 ) ;
#1291 = VECTOR ( 'NONE', #227, 100.0000000000000000 ) ;
#1292 = CARTESIAN_POINT ( 'NONE',  ( 0.1000000000000000056, -0.1000000000000000056, 0.0000000000000000000 ) ) ;
#1293 = MECHANICAL_DESIGN_GEOMETRIC_PRESENTATION_REPRESENTATION (  '', ( #1646 ), #765 ) ;
#1294 = AXIS2_PLACEMENT_3D ( 'NONE', #1492, #707, #1369 ) ;
#1295 = VERTEX_POINT ( 'NONE', #448 ) ;
#1296 = STYLED_ITEM ( 'NONE', ( #458 ), #1913 ) ;
#1297 =( NAMED_UNIT ( * ) PLANE_ANGLE_UNIT ( ) SI_UNIT ( $, .RADIAN. ) );
#1298 = DIRECTION ( 'NONE',  ( -0.0000000000000000000, -1.000000000000000000, 0.0000000000000000000 ) ) ;
#1299 = EDGE_CURVE ( 'NONE', #1034, #1306, #1591, .T. ) ;
#1300 = EDGE_LOOP ( 'NONE', ( #1165, #1443, #514, #120 ) ) ;
#1301 = PLANE ( 'NONE',  #1197 ) ;
#1302 = EDGE_CURVE ( 'NONE', #11, #482, #1803, .T. ) ;
#1303 = DIRECTION ( 'NONE',  ( 1.000000000000000000, 0.0000000000000000000, 0.0000000000000000000 ) ) ;
#1304 = DIRECTION ( 'NONE',  ( 1.000000000000000000, 0.0000000000000000000, 0.0000000000000000000 ) ) ;
#1305 =( REPRESENTATION_RELATIONSHIP ('NONE','NONE', #281, #985 ) REPRESENTATION_RELATIONSHIP_WITH_TRANSFORMATION ( #234 )SHAPE_REPRESENTATION_RELATIONSHIP( ) );
#1306 = VERTEX_POINT ( 'NONE', #759 ) ;
#1307 = DIRECTION ( 'NONE',  ( 0.7071067811865490160, 0.0000000000000000000, -0.7071067811865460184 ) ) ;
#1308 = CARTESIAN_POINT ( 'NONE',  ( -0.03244696269377490144, -0.02000000000000000042, 0.02843064381840689978 ) ) ;
#1309 =( NAMED_UNIT ( * ) PLANE_ANGLE_UNIT ( ) SI_UNIT ( $, .RADIAN. ) );
#1310 = ORIENTED_EDGE ( 'NONE', *, *, #788, .F. ) ;
#1311 = SURFACE_SIDE_STYLE ('',( #816 ) ) ;
#1312 = ORIENTED_EDGE ( 'NONE', *, *, #1601, .T. ) ;
#1313 = ADVANCED_FACE ( 'NONE', ( #135 ), #313, .T. ) ;
#1314 = ITEM_DEFINED_TRANSFORMATION ( 'NONE', 'NONE', #1677,  #801 ) ;
#1315 = DIRECTION ( 'NONE',  ( -0.0000000000000000000, -1.000000000000000000, -0.0000000000000000000 ) ) ;
#1316 = CARTESIAN_POINT ( 'NONE',  ( -0.03244696269377490144, -0.02000000000000000042, -0.9671385867237070055 ) ) ;
#1317 = PRESENTATION_STYLE_ASSIGNMENT (( #378 ) ) ;
#1318 = EDGE_LOOP ( 'NONE', ( #77, #546, #800, #1023 ) ) ;
#1319 = FILL_AREA_STYLE ('',( #1202 ) ) ;
#1320 = DIRECTION ( 'NONE',  ( -0.7071067811865460184, 0.0000000000000000000, 0.7071067811865490160 ) ) ;
#1321 = ORIENTED_EDGE ( 'NONE', *, *, #1869, .F. ) ;
#1322 =( LENGTH_UNIT ( ) NAMED_UNIT ( * ) SI_UNIT ( .CENTI., .METRE. ) );
#1323 = EDGE_CURVE ( 'NONE', #615, #1798, #1162, .T. ) ;
#1324 = CARTESIAN_POINT ( 'NONE',  ( 0.01064999999999999974, 0.02000000000000000042, -1.045954227447509988 ) ) ;
#1325 =( GEOMETRIC_REPRESENTATION_CONTEXT ( 3 ) GLOBAL_UNCERTAINTY_ASSIGNED_CONTEXT ( ( #442 ) ) GLOBAL_UNIT_ASSIGNED_CONTEXT ( ( #186, #337, #1145 ) ) REPRESENTATION_CONTEXT ( 'NONE', 'WORKASPACE' ) );
#1326 = LINE ( 'NONE', #1477, #1537 ) ;
#1327 = FILL_AREA_STYLE_COLOUR ( '', #1055 ) ;
#1328 = FILL_AREA_STYLE ('',( #62 ) ) ;
#1329 = ORIENTED_EDGE ( 'NONE', *, *, #2010, .T. ) ;
#1330 = DIRECTION ( 'NONE',  ( 0.0000000000000000000, 0.0000000000000000000, 1.000000000000000000 ) ) ;
#1331 = AXIS2_PLACEMENT_3D ( 'NONE', #22, #1320, #664 ) ;
#1332 = MECHANICAL_DESIGN_GEOMETRIC_PRESENTATION_REPRESENTATION (  '', ( #663 ), #1027 ) ;
#1333 = DIRECTION ( 'NONE',  ( 0.0000000000000000000, 0.0000000000000000000, -1.000000000000000000 ) ) ;
#1334 = AXIS2_PLACEMENT_3D ( 'NONE', #1723, #1070, #2021 ) ;
#1335 = PRESENTATION_LAYER_ASSIGNMENT (  '', '', ( #1064 ) ) ;
#1336 = FILL_AREA_STYLE ('',( #871 ) ) ;
#1337 = SURFACE_SIDE_STYLE ('',( #1484 ) ) ;
#1338 = CONTEXT_DEPENDENT_SHAPE_REPRESENTATION ( #1305, #1239 ) ;
#1339 = DIRECTION ( 'NONE',  ( 0.0000000000000000000, -1.000000000000000000, 0.0000000000000000000 ) ) ;
#1340 = CARTESIAN_POINT ( 'NONE',  ( -0.09428034581422810312, 0.02000000000000000042, 0.7873271032559990834 ) ) ;
#1341 = CARTESIAN_POINT ( 'NONE',  ( 0.0000000000000000000, 0.1000000000000000056, 0.7399999999999999911 ) ) ;
#1342 = PRODUCT_RELATED_PRODUCT_CATEGORY ( 'part', '', ( #1886 ) ) ;
#1343 = ORIENTED_EDGE ( 'NONE', *, *, #1893, .T. ) ;
#1344 = DIRECTION ( 'NONE',  ( 0.0000000000000000000, 0.0000000000000000000, 1.000000000000000000 ) ) ;
#1345 =( NAMED_UNIT ( * ) SI_UNIT ( $, .STERADIAN. ) SOLID_ANGLE_UNIT ( ) );
#1346 = ORIENTED_EDGE ( 'NONE', *, *, #576, .T. ) ;
#1347 =( NAMED_UNIT ( * ) PLANE_ANGLE_UNIT ( ) SI_UNIT ( $, .RADIAN. ) );
#1348 = ORIENTED_EDGE ( 'NONE', *, *, #328, .F. ) ;
#1349 = CYLINDRICAL_SURFACE ( 'NONE', #1093, 0.06003131717443499493 ) ;
#1350 = DIRECTION ( 'NONE',  ( 1.658928450709476921E-64, -7.979599084288239752E-33, -1.000000000000000000 ) ) ;
#1351 = ADVANCED_FACE ( 'NONE', ( #2024 ), #593, .T. ) ;
#1352 = FILL_AREA_STYLE ('',( #1535 ) ) ;
#1353 = ORIENTED_EDGE ( 'NONE', *, *, #1302, .T. ) ;
#1354 = CARTESIAN_POINT ( 'NONE',  ( 0.02129999999999999949, -0.02000000000000000042, -1.045954227447509988 ) ) ;
#1355 = CONTEXT_DEPENDENT_SHAPE_REPRESENTATION ( #373, #2045 ) ;
#1356 = CARTESIAN_POINT ( 'NONE',  ( 0.04999999999999998890, -0.04999999999999998890, 0.8000000000000000444 ) ) ;
#1357 = DIRECTION ( 'NONE',  ( -0.0000000000000000000, -1.000000000000000000, -0.0000000000000000000 ) ) ;
#1358 =( GEOMETRIC_REPRESENTATION_CONTEXT ( 3 ) GLOBAL_UNCERTAINTY_ASSIGNED_CONTEXT ( ( #158 ) ) GLOBAL_UNIT_ASSIGNED_CONTEXT ( ( #78, #1347, #841 ) ) REPRESENTATION_CONTEXT ( 'NONE', 'WORKASPACE' ) );
#1359 = STYLED_ITEM ( 'NONE', ( #361 ), #284 ) ;
#1360 = VERTEX_POINT ( 'NONE', #1629 ) ;
#1361 = VECTOR ( 'NONE', #349, 100.0000000000000000 ) ;
#1362 = MECHANICAL_DESIGN_GEOMETRIC_PRESENTATION_REPRESENTATION (  '', ( #1163 ), #1422 ) ;
#1363 =( GEOMETRIC_REPRESENTATION_CONTEXT ( 3 ) GLOBAL_UNCERTAINTY_ASSIGNED_CONTEXT ( ( #805 ) ) GLOBAL_UNIT_ASSIGNED_CONTEXT ( ( #1322, #508, #529 ) ) REPRESENTATION_CONTEXT ( 'NONE', 'WORKASPACE' ) );
#1364 = MECHANICAL_DESIGN_GEOMETRIC_PRESENTATION_REPRESENTATION (  '', ( #1062 ), #532 ) ;
#1365 = MECHANICAL_DESIGN_GEOMETRIC_PRESENTATION_REPRESENTATION (  '', ( #1064 ), #533 ) ;
#1366 = ADVANCED_FACE ( 'NONE', ( #327, #1274 ), #1301, .T. ) ;
#1367 = VERTEX_POINT ( 'NONE', #988 ) ;
#1368 =( GEOMETRIC_REPRESENTATION_CONTEXT ( 3 ) GLOBAL_UNCERTAINTY_ASSIGNED_CONTEXT ( ( #1896 ) ) GLOBAL_UNIT_ASSIGNED_CONTEXT ( ( #1549, #1090, #604 ) ) REPRESENTATION_CONTEXT ( 'NONE', 'WORKASPACE' ) );
#1369 = DIRECTION ( 'NONE',  ( 0.0000000000000000000, 0.0000000000000000000, 1.000000000000000000 ) ) ;
#1370 = DIRECTION ( 'NONE',  ( 0.0000000000000000000, 0.0000000000000000000, 1.000000000000000000 ) ) ;
#1371 = ORIENTED_EDGE ( 'NONE', *, *, #700, .T. ) ;
#1372 = LINE ( 'NONE', #581, #1198 ) ;
#1373 = FACE_OUTER_BOUND ( 'NONE', #1273, .T. ) ;
#1374 = PLANE ( 'NONE',  #1424 ) ;
#1375 = EDGE_LOOP ( 'NONE', ( #1271, #1691, #263, #1566 ) ) ;
#1376 = DIRECTION ( 'NONE',  ( 0.0000000000000000000, 0.0000000000000000000, 1.000000000000000000 ) ) ;
#1377 = CONTEXT_DEPENDENT_SHAPE_REPRESENTATION ( #1204, #416 ) ;
#1378 = EDGE_CURVE ( 'NONE', #902, #1034, #1155, .T. ) ;
#1379 = VERTEX_POINT ( 'NONE', #1770 ) ;
#1380 = SURFACE_SIDE_STYLE ('',( #1241 ) ) ;
#1381 = ORIENTED_EDGE ( 'NONE', *, *, #1042, .F. ) ;
#1382 = LINE ( 'NONE', #1548, #1872 ) ;
#1383 = FACE_OUTER_BOUND ( 'NONE', #226, .T. ) ;
#1384 =( NAMED_UNIT ( * ) PLANE_ANGLE_UNIT ( ) SI_UNIT ( $, .RADIAN. ) );
#1385 =( LENGTH_UNIT ( ) NAMED_UNIT ( * ) SI_UNIT ( .CENTI., .METRE. ) );
#1386 = DIRECTION ( 'NONE',  ( 0.0000000000000000000, 0.0000000000000000000, 1.000000000000000000 ) ) ;
#1387 = SURFACE_STYLE_USAGE ( .BOTH. , #1077 ) ;
#1388 = UNCERTAINTY_MEASURE_WITH_UNIT (LENGTH_MEASURE( 1.000000000000000082E-05 ), #1759, 'distance_accuracy_value', 'NONE');
#1389 = DIRECTION ( 'NONE',  ( 0.0000000000000000000, -0.0000000000000000000, 1.000000000000000000 ) ) ;
#1390 = SURFACE_SIDE_STYLE ('',( #914 ) ) ;
#1391 = FILL_AREA_STYLE_COLOUR ( '', #399 ) ;
#1392 = AXIS2_PLACEMENT_3D ( 'NONE', #669, #1303, #450 ) ;
#1393 = EDGE_LOOP ( 'NONE', ( #1225, #1371, #19, #2035 ) ) ;
#1394 = VECTOR ( 'NONE', #238, 100.0000000000000000 ) ;
#1395 = SURFACE_STYLE_USAGE ( .BOTH. , #756 ) ;
#1396 = AXIS2_PLACEMENT_3D ( 'NONE', #677, #1315, #1149 ) ;
#1397 = SURFACE_STYLE_FILL_AREA ( #928 ) ;
#1398 = PRESENTATION_LAYER_ASSIGNMENT (  '', '', ( #297 ) ) ;
#1399 = MECHANICAL_DESIGN_GEOMETRIC_PRESENTATION_REPRESENTATION (  '', ( #266 ), #1195 ) ;
#1400 = CARTESIAN_POINT ( 'NONE',  ( 0.0000000000000000000, 0.0000000000000000000, 0.0000000000000000000 ) ) ;
#1401 = COLOUR_RGB ( '',0.8666666666666666963, 0.7725490196078431682, 0.2156862745098039325 ) ;
#1402 = VERTEX_POINT ( 'NONE', #1637 ) ;
#1403 = LINE ( 'NONE', #1068, #1743 ) ;
#1404 = CARTESIAN_POINT ( 'NONE',  ( 0.09428034581422810312, -0.02000000000000000042, 0.7873271032559990834 ) ) ;
#1405 = CARTESIAN_POINT ( 'NONE',  ( 0.06003131717443468962, 0.02000000000000000042, 0.4103376530110829923 ) ) ;
#1406 =( NAMED_UNIT ( * ) SI_UNIT ( $, .STERADIAN. ) SOLID_ANGLE_UNIT ( ) );
#1407 = UNCERTAINTY_MEASURE_WITH_UNIT (LENGTH_MEASURE( 1.000000000000000082E-05 ), #1523, 'distance_accuracy_value', 'NONE');
#1408 = ORIENTED_EDGE ( 'NONE', *, *, #1259, .F. ) ;
#1409 = DIRECTION ( 'NONE',  ( 0.0000000000000000000, -1.000000000000000000, -0.0000000000000000000 ) ) ;
#1410 = CARTESIAN_POINT ( 'NONE',  ( 0.06003131717443468962, 0.02000000000000000042, 0.2677666470408440191 ) ) ;
#1411 = EDGE_CURVE ( 'NONE', #1028, #1151, #838, .T. ) ;
#1412 = PRESENTATION_STYLE_ASSIGNMENT (( #772 ) ) ;
#1413 = SURFACE_STYLE_FILL_AREA ( #331 ) ;
#1414 = LINE ( 'NONE', #1261, #389 ) ;
#1415 = FILL_AREA_STYLE ('',( #1922 ) ) ;
#1416 = VERTEX_POINT ( 'NONE', #46 ) ;
#1417 = LINE ( 'NONE', #272, #96 ) ;
#1418 = PRODUCT_DEFINITION_SHAPE ( 'NONE', 'NONE',  #1485 ) ;
#1419 = VECTOR ( 'NONE', #1992, 100.0000000000000000 ) ;
#1420 = CARTESIAN_POINT ( 'NONE',  ( -0.05000000000000000278, 0.05000000000000000278, 0.7399999999999999911 ) ) ;
#1421 = EDGE_CURVE ( 'NONE', #1281, #1214, #14, .T. ) ;
#1422 =( GEOMETRIC_REPRESENTATION_CONTEXT ( 3 ) GLOBAL_UNCERTAINTY_ASSIGNED_CONTEXT ( ( #1049 ) ) GLOBAL_UNIT_ASSIGNED_CONTEXT ( ( #758, #1061, #2039 ) ) REPRESENTATION_CONTEXT ( 'NONE', 'WORKASPACE' ) );
#1423 = CARTESIAN_POINT ( 'NONE',  ( -0.06003131717443484228, -0.02000000000000000042, 0.2677666470408440191 ) ) ;
#1424 = AXIS2_PLACEMENT_3D ( 'NONE', #1500, #230, #847 ) ;
#1425 = DIRECTION ( 'NONE',  ( 1.000000000000000000, 0.0000000000000000000, 0.0000000000000000000 ) ) ;
#1426 = UNCERTAINTY_MEASURE_WITH_UNIT (LENGTH_MEASURE( 1.000000000000000082E-05 ), #1777, 'distance_accuracy_value', 'NONE');
#1427 = FILL_AREA_STYLE_COLOUR ( '', #1167 ) ;
#1428 = PRESENTATION_STYLE_ASSIGNMENT (( #1440 ) ) ;
#1429 = FACE_OUTER_BOUND ( 'NONE', #93, .T. ) ;
#1430 = AXIS2_PLACEMENT_3D ( 'NONE', #15, #979, #812 ) ;
#1431 = ORIENTED_EDGE ( 'NONE', *, *, #892, .F. ) ;
#1432 = SURFACE_STYLE_USAGE ( .BOTH. , #43 ) ;
#1433 =( LENGTH_UNIT ( ) NAMED_UNIT ( * ) SI_UNIT ( .CENTI., .METRE. ) );
#1434 = ORIENTED_EDGE ( 'NONE', *, *, #1094, .T. ) ;
#1435 = DIRECTION ( 'NONE',  ( -0.0000000000000000000, -1.000000000000000000, -0.0000000000000000000 ) ) ;
#1436 = EDGE_CURVE ( 'NONE', #905, #1144, #802, .T. ) ;
#1437 = DIRECTION ( 'NONE',  ( 0.0000000000000000000, 0.0000000000000000000, 1.000000000000000000 ) ) ;
#1438 = FILL_AREA_STYLE_COLOUR ( '', #366 ) ;
#1439 =( NAMED_UNIT ( * ) PLANE_ANGLE_UNIT ( ) SI_UNIT ( $, .RADIAN. ) );
#1440 = SURFACE_STYLE_USAGE ( .BOTH. , #795 ) ;
#1441 = ORIENTED_EDGE ( 'NONE', *, *, #338, .T. ) ;
#1442 = FACE_OUTER_BOUND ( 'NONE', #140, .T. ) ;
#1443 = ORIENTED_EDGE ( 'NONE', *, *, #1299, .F. ) ;
#1444 = CARTESIAN_POINT ( 'NONE',  ( 0.1000000000000000056, 0.0000000000000000000, 0.7399999999999999911 ) ) ;
#1445 = UNCERTAINTY_MEASURE_WITH_UNIT (LENGTH_MEASURE( 1.000000000000000082E-05 ), #1251, 'distance_accuracy_value', 'NONE');
#1446 = LINE ( 'NONE', #1292, #694 ) ;
#1447 = LINE ( 'NONE', #953, #2038 ) ;
#1448 = ADVANCED_FACE ( 'NONE', ( #8 ), #382, .T. ) ;
#1449 = ORIENTED_EDGE ( 'NONE', *, *, #1749, .T. ) ;
#1450 = FILL_AREA_STYLE ('',( #1958 ) ) ;
#1451 = ORIENTED_EDGE ( 'NONE', *, *, #1978, .F. ) ;
#1452 = VECTOR ( 'NONE', #1962, 100.0000000000000000 ) ;
#1453 = DIRECTION ( 'NONE',  ( -1.000000000000000000, 0.0000000000000000000, 0.0000000000000000000 ) ) ;
#1454 = VECTOR ( 'NONE', #1266, 100.0000000000000000 ) ;
#1455 = AXIS2_PLACEMENT_3D ( 'NONE', #102, #409, #917 ) ;
#1456 = CARTESIAN_POINT ( 'NONE',  ( 0.2540000000000000036, 0.0000000000000000000, 0.0000000000000000000 ) ) ;
#1457 = PRESENTATION_LAYER_ASSIGNMENT (  '', '', ( #296 ) ) ;
#1458 = CIRCLE ( 'NONE', #1396, 0.01000000000000028644 ) ;
#1459 = CARTESIAN_POINT ( 'NONE',  ( 0.1042803458142280149, -0.02000000000000000042, 0.7873271032559990834 ) ) ;
#1460 =( NAMED_UNIT ( * ) SI_UNIT ( $, .STERADIAN. ) SOLID_ANGLE_UNIT ( ) );
#1461 = SURFACE_STYLE_USAGE ( .BOTH. , #5 ) ;
#1462 = VECTOR ( 'NONE', #691, 100.0000000000000000 ) ;
#1463 = VECTOR ( 'NONE', #775, 100.0000000000000000 ) ;
#1464 = EDGE_LOOP ( 'NONE', ( #196, #1546, #1607, #1744 ) ) ;
#1465 = FILL_AREA_STYLE ('',( #968 ) ) ;
#1466 =( NAMED_UNIT ( * ) PLANE_ANGLE_UNIT ( ) SI_UNIT ( $, .RADIAN. ) );
#1467 = ORIENTED_EDGE ( 'NONE', *, *, #83, .F. ) ;
#1468 = ADVANCED_FACE ( 'NONE', ( #84 ), #1374, .T. ) ;
#1469 = CARTESIAN_POINT ( 'NONE',  ( -0.06003131717443468962, -0.02000000000000000042, 0.5529086589813230201 ) ) ;
#1470 = ORIENTED_EDGE ( 'NONE', *, *, #1302, .F. ) ;
#1471 = ORIENTED_EDGE ( 'NONE', *, *, #1811, .T. ) ;
#1472 = DIRECTION ( 'NONE',  ( 0.0000000000000000000, -1.000000000000000000, -0.0000000000000000000 ) ) ;
#1473 = EDGE_CURVE ( 'NONE', #1731, #1295, #895, .T. ) ;
#1474 = DIRECTION ( 'NONE',  ( 1.000000000000000000, 0.0000000000000000000, 0.0000000000000000000 ) ) ;
#1475 = PRODUCT_CONTEXT ( 'NONE', #305, 'mechanical' ) ;
#1476 = DIRECTION ( 'NONE',  ( -1.000000000000000000, 0.0000000000000000000, 0.0000000000000000000 ) ) ;
#1477 = CARTESIAN_POINT ( 'NONE',  ( 0.03244696269377490144, -0.02000000000000000042, 0.02843064381840689978 ) ) ;
#1478 = DIRECTION ( 'NONE',  ( 0.0000000000000000000, 1.000000000000000000, 0.0000000000000000000 ) ) ;
#1479 = DIRECTION ( 'NONE',  ( 0.0000000000000000000, 0.0000000000000000000, 1.000000000000000000 ) ) ;
#1480 = ORIENTED_EDGE ( 'NONE', *, *, #413, .T. ) ;
#1481 =( NAMED_UNIT ( * ) PLANE_ANGLE_UNIT ( ) SI_UNIT ( $, .RADIAN. ) );
#1482 = DIRECTION ( 'NONE',  ( -0.0000000000000000000, 1.000000000000000000, 0.0000000000000000000 ) ) ;
#1483 = SURFACE_STYLE_FILL_AREA ( #1352 ) ;
#1484 = SURFACE_STYLE_FILL_AREA ( #849 ) ;
#1485 = PRODUCT_DEFINITION ( 'UNKNOWN', '', #465, #179 ) ;
#1486 = PRODUCT_CONTEXT ( 'NONE', #1014, 'mechanical' ) ;
#1487 = COLOUR_RGB ( '',1.000000000000000000, 1.000000000000000000, 1.000000000000000000 ) ;
#1488 = DIRECTION ( 'NONE',  ( 1.000000000000000000, -0.0000000000000000000, 0.0000000000000000000 ) ) ;
#1489 = VECTOR ( 'NONE', #1793, 100.0000000000000000 ) ;
#1490 = VECTOR ( 'NONE', #1960, 100.0000000000000000 ) ;
#1491 = EDGE_CURVE ( 'NONE', #818, #724, #76, .T. ) ;
#1492 = CARTESIAN_POINT ( 'NONE',  ( 0.09428034581422810312, -0.02000000000000000042, 0.7873271032559990834 ) ) ;
#1493 =( NAMED_UNIT ( * ) PLANE_ANGLE_UNIT ( ) SI_UNIT ( $, .RADIAN. ) );
#1494 = VECTOR ( 'NONE', #1435, 100.0000000000000000 ) ;
#1495 =( GEOMETRIC_REPRESENTATION_CONTEXT ( 3 ) GLOBAL_UNCERTAINTY_ASSIGNED_CONTEXT ( ( #911 ) ) GLOBAL_UNIT_ASSIGNED_CONTEXT ( ( #641, #242, #845 ) ) REPRESENTATION_CONTEXT ( 'NONE', 'WORKASPACE' ) );
#1496 = ORIENTED_EDGE ( 'NONE', *, *, #1221, .F. ) ;
#1497 = FILL_AREA_STYLE ('',( #856 ) ) ;
#1498 =( GEOMETRIC_REPRESENTATION_CONTEXT ( 3 ) GLOBAL_UNCERTAINTY_ASSIGNED_CONTEXT ( ( #286 ) ) GLOBAL_UNIT_ASSIGNED_CONTEXT ( ( #501, #1123, #318 ) ) REPRESENTATION_CONTEXT ( 'NONE', 'WORKASPACE' ) );
#1499 = LINE ( 'NONE', #388, #235 ) ;
#1500 = CARTESIAN_POINT ( 'NONE',  ( -0.03244696269377490144, -0.02000000000000000042, -0.4391551009237280034 ) ) ;
#1501 = PRESENTATION_LAYER_ASSIGNMENT (  '', '', ( #2007 ) ) ;
#1502 = ORIENTED_EDGE ( 'NONE', *, *, #770, .F. ) ;
#1503 = CARTESIAN_POINT ( 'NONE',  ( 0.1270000000000000018, 0.1270000000000000018, 0.0000000000000000000 ) ) ;
#1504 =( NAMED_UNIT ( * ) SI_UNIT ( $, .STERADIAN. ) SOLID_ANGLE_UNIT ( ) );
#1505 = FACE_OUTER_BOUND ( 'NONE', #527, .T. ) ;
#1506 = EDGE_CURVE ( 'NONE', #1897, #1154, #1046, .T. ) ;
#1507 = VERTEX_POINT ( 'NONE', #712 ) ;
#1508 = CARTESIAN_POINT ( 'NONE',  ( -0.1042803458142280149, -0.02000000000000000042, 0.4380777440661250410 ) ) ;
#1509 =( LENGTH_UNIT ( ) NAMED_UNIT ( * ) SI_UNIT ( .CENTI., .METRE. ) );
#1510 = DIRECTION ( 'NONE',  ( 0.0000000000000000000, -1.000000000000000000, -0.0000000000000000000 ) ) ;
#1511 = ORIENTED_EDGE ( 'NONE', *, *, #2046, .F. ) ;
#1512 = SHAPE_DEFINITION_REPRESENTATION ( #1418, #281 ) ;
#1513 = SURFACE_STYLE_USAGE ( .BOTH. , #706 ) ;
#1514 =( NAMED_UNIT ( * ) PLANE_ANGLE_UNIT ( ) SI_UNIT ( $, .RADIAN. ) );
#1515 = PLANE ( 'NONE',  #65 ) ;
#1516 = ORIENTED_EDGE ( 'NONE', *, *, #220, .T. ) ;
#1517 = CARTESIAN_POINT ( 'NONE',  ( 0.09428034581422810312, 0.02000000000000000042, 0.7973271032559993143 ) ) ;
#1518 = ADVANCED_FACE ( 'NONE', ( #1695 ), #262, .T. ) ;
#1519 = CARTESIAN_POINT ( 'NONE',  ( 0.1000000000000000194, 0.1000000000000000472, 0.8500000000000000888 ) ) ;
#1520 = EDGE_CURVE ( 'NONE', #1034, #1416, #396, .T. ) ;
#1521 = ORIENTED_EDGE ( 'NONE', *, *, #517, .F. ) ;
#1522 = ITEM_DEFINED_TRANSFORMATION ( 'NONE', 'NONE', #1067,  #801 ) ;
#1523 =( LENGTH_UNIT ( ) NAMED_UNIT ( * ) SI_UNIT ( .CENTI., .METRE. ) );
#1524 = CARTESIAN_POINT ( 'NONE',  ( 0.0000000000000000000, 0.1000000000000000056, 0.0000000000000000000 ) ) ;
#1525 =( GEOMETRIC_REPRESENTATION_CONTEXT ( 3 ) GLOBAL_UNCERTAINTY_ASSIGNED_CONTEXT ( ( #1832 ) ) GLOBAL_UNIT_ASSIGNED_CONTEXT ( ( #1720, #287, #1791 ) ) REPRESENTATION_CONTEXT ( 'NONE', 'WORKASPACE' ) );
#1526 =( GEOMETRIC_REPRESENTATION_CONTEXT ( 3 ) GLOBAL_UNCERTAINTY_ASSIGNED_CONTEXT ( ( #115 ) ) GLOBAL_UNIT_ASSIGNED_CONTEXT ( ( #739, #1697, #422 ) ) REPRESENTATION_CONTEXT ( 'NONE', 'WORKASPACE' ) );
#1527 = EDGE_LOOP ( 'NONE', ( #1141, #766, #1767, #1647 ) ) ;
#1528 = CARTESIAN_POINT ( 'NONE',  ( -0.1270000000000000018, -0.1270000000000000018, 0.8500000000000000888 ) ) ;
#1529 = FILL_AREA_STYLE_COLOUR ( '', #797 ) ;
#1530 = FACE_OUTER_BOUND ( 'NONE', #971, .T. ) ;
#1531 = PRESENTATION_LAYER_ASSIGNMENT (  '', '', ( #159 ) ) ;
#1532 = VECTOR ( 'NONE', #562, 100.0000000000000000 ) ;
#1533 = PRODUCT_DEFINITION ( 'UNKNOWN', '', #573, #1137 ) ;
#1534 = STYLED_ITEM ( 'NONE', ( #1586 ), #610 ) ;
#1535 = FILL_AREA_STYLE_COLOUR ( '', #530 ) ;
#1536 = PRESENTATION_LAYER_ASSIGNMENT (  '', '', ( #1062 ) ) ;
#1537 = VECTOR ( 'NONE', #60, 100.0000000000000000 ) ;
#1538 = ADVANCED_FACE ( 'NONE', ( #280 ), #1561, .T. ) ;
#1539 = VERTEX_POINT ( 'NONE', #1104 ) ;
#1540 = CARTESIAN_POINT ( 'NONE',  ( 1.892425610156520157E-18, -0.1000000000000000056, 0.8500000000000000888 ) ) ;
#1541 = STYLED_ITEM ( 'NONE', ( #623 ), #632 ) ;
#1542 = FILL_AREA_STYLE_COLOUR ( '', #991 ) ;
#1543 = PRODUCT ( 'SIL_Socket_Body', 'SIL_Socket_Body', '', ( #1486 ) ) ;
#1544 = VERTEX_POINT ( 'NONE', #1917 ) ;
#1545 = DIRECTION ( 'NONE',  ( 0.0000000000000000000, 0.0000000000000000000, 1.000000000000000000 ) ) ;
#1546 = ORIENTED_EDGE ( 'NONE', *, *, #936, .T. ) ;
#1547 = SURFACE_STYLE_USAGE ( .BOTH. , #903 ) ;
#1548 = CARTESIAN_POINT ( 'NONE',  ( 1.892425610156520157E-18, 0.1000000000000000056, 0.8500000000000000888 ) ) ;
#1549 =( LENGTH_UNIT ( ) NAMED_UNIT ( * ) SI_UNIT ( .CENTI., .METRE. ) );
#1550 = FACE_OUTER_BOUND ( 'NONE', #1628, .T. ) ;
#1551 = ORIENTED_EDGE ( 'NONE', *, *, #1554, .T. ) ;
#1552 = CARTESIAN_POINT ( 'NONE',  ( 0.05000000000000000278, 0.05000000000000000278, 0.8500000000000000888 ) ) ;
#1553 = CARTESIAN_POINT ( 'NONE',  ( 0.1042803458142280149, -0.02000000000000000042, 0.08882838487625120683 ) ) ;
#1554 = EDGE_CURVE ( 'NONE', #129, #1987, #121, .T. ) ;
#1555 = FACE_OUTER_BOUND ( 'NONE', #1812, .T. ) ;
#1556 = CARTESIAN_POINT ( 'NONE',  ( 0.0000000000000000000, 0.02000000000000000042, 0.2677666470408440191 ) ) ;
#1557 = ORIENTED_EDGE ( 'NONE', *, *, #1147, .F. ) ;
#1558 = PLANE ( 'NONE',  #1578 ) ;
#1559 =( NAMED_UNIT ( * ) PLANE_ANGLE_UNIT ( ) SI_UNIT ( $, .RADIAN. ) );
#1560 = DIRECTION ( 'NONE',  ( 0.0000000000000000000, -1.000000000000000000, -0.0000000000000000000 ) ) ;
#1561 = CYLINDRICAL_SURFACE ( 'NONE', #1773, 0.2547114388012230446 ) ;
#1562 = PRESENTATION_STYLE_ASSIGNMENT (( #883 ) ) ;
#1563 = LINE ( 'NONE', #289, #54 ) ;
#1564 = EDGE_CURVE ( 'NONE', #902, #1544, #1417, .T. ) ;
#1565 =( NAMED_UNIT ( * ) SI_UNIT ( $, .STERADIAN. ) SOLID_ANGLE_UNIT ( ) );
#1566 = ORIENTED_EDGE ( 'NONE', *, *, #351, .T. ) ;
#1567 = DIRECTION ( 'NONE',  ( 1.000000000000000000, 0.0000000000000000000, 0.0000000000000000000 ) ) ;
#1568 = UNCERTAINTY_MEASURE_WITH_UNIT (LENGTH_MEASURE( 1.000000000000000082E-05 ), #90, 'distance_accuracy_value', 'NONE');
#1569 = COLOUR_RGB ( '',0.8666666666666666963, 0.7725490196078431682, 0.2156862745098039325 ) ;
#1570 = DIRECTION ( 'NONE',  ( -0.0000000000000000000, 1.000000000000000000, 0.0000000000000000000 ) ) ;
#1571 = CYLINDRICAL_SURFACE ( 'NONE', #1810, 0.01000000000000028644 ) ;
#1572 = SURFACE_STYLE_FILL_AREA ( #1857 ) ;
#1573 =( GEOMETRIC_REPRESENTATION_CONTEXT ( 3 ) GLOBAL_UNCERTAINTY_ASSIGNED_CONTEXT ( ( #1407 ) ) GLOBAL_UNIT_ASSIGNED_CONTEXT ( ( #1523, #137, #1894 ) ) REPRESENTATION_CONTEXT ( 'NONE', 'WORKASPACE' ) );
#1574 = CIRCLE ( 'NONE', #1092, 0.2547114388012230446 ) ;
#1575 = COLOUR_RGB ( '',0.8666666666666666963, 0.7725490196078431682, 0.2156862745098039325 ) ;
#1576 = DIRECTION ( 'NONE',  ( 0.0000000000000000000, 0.0000000000000000000, 1.000000000000000000 ) ) ;
#1577 = AXIS2_PLACEMENT_3D ( 'NONE', #1710, #1237, #1576 ) ;
#1578 = AXIS2_PLACEMENT_3D ( 'NONE', #1100, #1750, #116 ) ;
#1579 = SURFACE_SIDE_STYLE ('',( #254 ) ) ;
#1580 =( GEOMETRIC_REPRESENTATION_CONTEXT ( 3 ) GLOBAL_UNCERTAINTY_ASSIGNED_CONTEXT ( ( #1277 ) ) GLOBAL_UNIT_ASSIGNED_CONTEXT ( ( #261, #97, #733 ) ) REPRESENTATION_CONTEXT ( 'NONE', 'WORKASPACE' ) );
#1581 = AXIS2_PLACEMENT_3D ( 'NONE', #294, #126, #1069 ) ;
#1582 = ITEM_DEFINED_TRANSFORMATION ( 'NONE', 'NONE', #1620,  #801 ) ;
#1583 = PRESENTATION_STYLE_ASSIGNMENT (( #762 ) ) ;
#1584 =( NAMED_UNIT ( * ) SI_UNIT ( $, .STERADIAN. ) SOLID_ANGLE_UNIT ( ) );
#1585 =( NAMED_UNIT ( * ) SI_UNIT ( $, .STERADIAN. ) SOLID_ANGLE_UNIT ( ) );
#1586 = PRESENTATION_STYLE_ASSIGNMENT (( #922 ) ) ;
#1587 = PRESENTATION_STYLE_ASSIGNMENT (( #1082 ) ) ;
#1588 = SURFACE_STYLE_USAGE ( .BOTH. , #109 ) ;
#1589 = ADVANCED_FACE ( 'NONE', ( #1550 ), #747, .T. ) ;
#1590 = CARTESIAN_POINT ( 'NONE',  ( -0.07256359958761600393, -0.02000000000000000042, 0.7621829240858799537 ) ) ;
#1591 = LINE ( 'NONE', #122, #1256 ) ;
#1592 = VERTEX_POINT ( 'NONE', #164 ) ;
#1593 = DIRECTION ( 'NONE',  ( 0.0000000000000000000, 0.0000000000000000000, 1.000000000000000000 ) ) ;
#1594 = UNCERTAINTY_MEASURE_WITH_UNIT (LENGTH_MEASURE( 1.000000000000000082E-05 ), #1103, 'distance_accuracy_value', 'NONE');
#1595 = VERTEX_POINT ( 'NONE', #211 ) ;
#1596 = DIRECTION ( 'NONE',  ( -0.0000000000000000000, -1.000000000000000000, 0.0000000000000000000 ) ) ;
#1597 = DIRECTION ( 'NONE',  ( 1.000000000000000000, 5.703063659357579763E-32, -5.703063659357603848E-32 ) ) ;
#1598 = CARTESIAN_POINT ( 'NONE',  ( -0.1042803458142280149, -0.02000000000000000042, 0.08882838487625122070 ) ) ;
#1599 = ADVANCED_FACE ( 'NONE', ( #1442 ), #193, .T. ) ;
#1600 =( NAMED_UNIT ( * ) SI_UNIT ( $, .STERADIAN. ) SOLID_ANGLE_UNIT ( ) );
#1601 = EDGE_CURVE ( 'NONE', #815, #1183, #513, .T. ) ;
#1602 = DIRECTION ( 'NONE',  ( 0.0000000000000000000, 0.0000000000000000000, 1.000000000000000000 ) ) ;
#1603 = CARTESIAN_POINT ( 'NONE',  ( -0.1000000000000000056, 0.1000000000000000056, 0.7399999999999999911 ) ) ;
#1604 = FACE_OUTER_BOUND ( 'NONE', #1979, .T. ) ;
#1605 = ORIENTED_EDGE ( 'NONE', *, *, #941, .F. ) ;
#1606 = EDGE_CURVE ( 'NONE', #408, #129, #323, .T. ) ;
#1607 = ORIENTED_EDGE ( 'NONE', *, *, #737, .T. ) ;
#1608 = AXIS2_PLACEMENT_3D ( 'NONE', #674, #1453, #515 ) ;
#1609 = MECHANICAL_DESIGN_GEOMETRIC_PRESENTATION_REPRESENTATION (  '', ( #55 ), #321 ) ;
#1610 = DIRECTION ( 'NONE',  ( 0.0000000000000000000, 1.000000000000000000, 0.0000000000000000000 ) ) ;
#1611 = EDGE_CURVE ( 'NONE', #1367, #834, #335, .T. ) ;
#1612 = PRESENTATION_LAYER_ASSIGNMENT (  '', '', ( #1646 ) ) ;
#1613 = AXIS2_PLACEMENT_3D ( 'NONE', #181, #1792, #813 ) ;
#1614 = UNCERTAINTY_MEASURE_WITH_UNIT (LENGTH_MEASURE( 1.000000000000000082E-05 ), #1786, 'distance_accuracy_value', 'NONE');
#1615 = VECTOR ( 'NONE', #1033, 100.0000000000000000 ) ;
#1616 = STYLED_ITEM ( 'NONE', ( #1587 ), #908 ) ;
#1617 = CARTESIAN_POINT ( 'NONE',  ( -0.08509588200079717946, 0.02000000000000000042, 0.7912825582816288561 ) ) ;
#1618 = DIRECTION ( 'NONE',  ( 1.000000000000000000, 0.0000000000000000000, 0.0000000000000000000 ) ) ;
#1619 = AXIS2_PLACEMENT_3D ( 'NONE', #178, #1602, #1276 ) ;
#1620 = AXIS2_PLACEMENT_3D ( 'NONE', #1631, #1107, #820 ) ;
#1621 = ORIENTED_EDGE ( 'NONE', *, *, #549, .T. ) ;
#1622 =( NAMED_UNIT ( * ) SI_UNIT ( $, .STERADIAN. ) SOLID_ANGLE_UNIT ( ) );
#1623 = VERTEX_POINT ( 'NONE', #471 ) ;
#1624 = SURFACE_STYLE_USAGE ( .BOTH. , #1286 ) ;
#1625 = DIRECTION ( 'NONE',  ( 0.0000000000000000000, 0.0000000000000000000, 1.000000000000000000 ) ) ;
#1626 = ORIENTED_EDGE ( 'NONE', *, *, #1854, .F. ) ;
#1627 = CARTESIAN_POINT ( 'NONE',  ( -0.1270000000000000018, 0.0000000000000000000, 0.0000000000000000000 ) ) ;
#1628 = EDGE_LOOP ( 'NONE', ( #42, #703, #872, #85 ) ) ;
#1629 = CARTESIAN_POINT ( 'NONE',  ( -0.03244696269377490144, -0.02000000000000000042, 0.08882838487625120683 ) ) ;
#1630 = PRESENTATION_STYLE_ASSIGNMENT (( #1624 ) ) ;
#1631 = CARTESIAN_POINT ( 'NONE',  ( 1.270000000000000018, 0.0000000000000000000, 0.0000000000000000000 ) ) ;
#1632 = CARTESIAN_POINT ( 'NONE',  ( 0.0000000000000000000, 0.1270000000000000018, 0.8500000000000000888 ) ) ;
#1633 = DIRECTION ( 'NONE',  ( 0.1400372197710402777, -0.0000000000000000000, -0.9901462402487812842 ) ) ;
#1634 = VERTEX_POINT ( 'NONE', #1650 ) ;
#1635 =( NAMED_UNIT ( * ) SI_UNIT ( $, .STERADIAN. ) SOLID_ANGLE_UNIT ( ) );
#1636 = EDGE_LOOP ( 'NONE', ( #984, #1131, #1968, #640 ) ) ;
#1637 = CARTESIAN_POINT ( 'NONE',  ( 0.05000000000000000278, -0.05000000000000000278, 0.7399999999999999911 ) ) ;
#1638 = PRESENTATION_LAYER_ASSIGNMENT (  '', '', ( #1359 ) ) ;
#1639 = VECTOR ( 'NONE', #61, 100.0000000000000000 ) ;
#1640 = CARTESIAN_POINT ( 'NONE',  ( 0.0000000000000000000, 0.0000000000000000000, 0.0000000000000000000 ) ) ;
#1641 = VECTOR ( 'NONE', #171, 100.0000000000000000 ) ;
#1642 = CARTESIAN_POINT ( 'NONE',  ( 0.05000000000000000278, 0.0000000000000000000, 0.7399999999999999911 ) ) ;
#1643 = SURFACE_STYLE_USAGE ( .BOTH. , #348 ) ;
#1644 = FACE_OUTER_BOUND ( 'NONE', #1192, .T. ) ;
#1645 = SURFACE_STYLE_FILL_AREA ( #628 ) ;
#1646 = STYLED_ITEM ( 'NONE', ( #682 ), #1667 ) ;
#1647 = ORIENTED_EDGE ( 'NONE', *, *, #1473, .T. ) ;
#1648 = FACE_OUTER_BOUND ( 'NONE', #863, .T. ) ;
#1649 = EDGE_CURVE ( 'NONE', #456, #482, #184, .T. ) ;
#1650 = CARTESIAN_POINT ( 'NONE',  ( -0.09428034581422810312, 0.02000000000000000042, 0.7973271032559989813 ) ) ;
#1651 = AXIS2_PLACEMENT_3D ( 'NONE', #285, #920, #910 ) ;
#1652 = LINE ( 'NONE', #626, #1674 ) ;
#1653 = DIRECTION ( 'NONE',  ( -0.3955455025629631693, -0.0000000000000000000, -0.9184463813430878698 ) ) ;
#1654 = DIRECTION ( 'NONE',  ( -0.1400372197710414990, 0.0000000000000000000, 0.9901462402487811731 ) ) ;
#1655 = ORIENTED_EDGE ( 'NONE', *, *, #1098, .T. ) ;
#1656 = CARTESIAN_POINT ( 'NONE',  ( 0.09428034581422810312, -0.02000000000000000042, 0.7973271032559993143 ) ) ;
#1657 = PRESENTATION_STYLE_ASSIGNMENT (( #1850 ) ) ;
#1658 = FILL_AREA_STYLE_COLOUR ( '', #160 ) ;
#1659 = SURFACE_STYLE_USAGE ( .BOTH. , #1205 ) ;
#1660 = CARTESIAN_POINT ( 'NONE',  ( 0.03244696269377490144, -0.02000000000000000042, 0.08882838487625120683 ) ) ;
#1661 = SURFACE_STYLE_USAGE ( .BOTH. , #2016 ) ;
#1662 =( LENGTH_UNIT ( ) NAMED_UNIT ( * ) SI_UNIT ( .CENTI., .METRE. ) );
#1663 = ORIENTED_EDGE ( 'NONE', *, *, #949, .F. ) ;
#1664 = DIRECTION ( 'NONE',  ( 0.0000000000000000000, 0.0000000000000000000, 1.000000000000000000 ) ) ;
#1665 = CARTESIAN_POINT ( 'NONE',  ( -0.02130000000000032215, 0.02000000000000002817, -1.045954227447509988 ) ) ;
#1666 = VERTEX_POINT ( 'NONE', #1758 ) ;
#1667 = ADVANCED_FACE ( 'NONE', ( #835 ), #799, .T. ) ;
#1668 = CONTEXT_DEPENDENT_SHAPE_REPRESENTATION ( #558, #1052 ) ;
#1669 = VECTOR ( 'NONE', #113, 100.0000000000000142 ) ;
#1670 = CARTESIAN_POINT ( 'NONE',  ( 6.071532165918820208E-18, -0.02000000000000000042, -1.045954227447509988 ) ) ;
#1671 = CARTESIAN_POINT ( 'NONE',  ( 0.1270000000000000018, 0.1270000000000000018, 0.8500000000000000888 ) ) ;
#1672 = FACE_OUTER_BOUND ( 'NONE', #1684, .T. ) ;
#1673 = VECTOR ( 'NONE', #244, 100.0000000000000000 ) ;
#1674 = VECTOR ( 'NONE', #1914, 100.0000000000000000 ) ;
#1675 = SURFACE_STYLE_FILL_AREA ( #1822 ) ;
#1676 =( LENGTH_UNIT ( ) NAMED_UNIT ( * ) SI_UNIT ( .CENTI., .METRE. ) );
#1677 = AXIS2_PLACEMENT_3D ( 'NONE', #1912, #1928, #1304 ) ;
#1678 = ORIENTED_EDGE ( 'NONE', *, *, #2044, .T. ) ;
#1679 = ITEM_DEFINED_TRANSFORMATION ( 'NONE', 'NONE', #1981,  #801 ) ;
#1680 = EDGE_CURVE ( 'NONE', #1306, #1544, #1036, .T. ) ;
#1681 = FILL_AREA_STYLE_COLOUR ( '', #1569 ) ;
#1682 = FACE_OUTER_BOUND ( 'NONE', #218, .T. ) ;
#1683 =( NAMED_UNIT ( * ) SI_UNIT ( $, .STERADIAN. ) SOLID_ANGLE_UNIT ( ) );
#1684 = EDGE_LOOP ( 'NONE', ( #490, #1312, #1114, #672 ) ) ;
#1685 = CARTESIAN_POINT ( 'NONE',  ( -0.09428034581422810312, -0.02000000000000000042, 0.7873271032559990834 ) ) ;
#1686 = LINE ( 'NONE', #1693, #495 ) ;
#1687 = ADVANCED_BREP_SHAPE_REPRESENTATION ( '', ( #174, #801 ), #170 ) ;
#1688 = ORIENTED_EDGE ( 'NONE', *, *, #2046, .T. ) ;
#1689 = FILL_AREA_STYLE ('',( #1040 ) ) ;
#1690 = EDGE_CURVE ( 'NONE', #1623, #1144, #1499, .T. ) ;
#1691 = ORIENTED_EDGE ( 'NONE', *, *, #1473, .F. ) ;
#1692 = CARTESIAN_POINT ( 'NONE',  ( 0.0000000000000000000, -0.1270000000000000018, 0.0000000000000000000 ) ) ;
#1693 = CARTESIAN_POINT ( 'NONE',  ( 0.06003131717443468962, -0.02000000000000000042, 0.5529086589813229091 ) ) ;
#1694 = EDGE_CURVE ( 'NONE', #258, #1539, #524, .T. ) ;
#1695 = FACE_OUTER_BOUND ( 'NONE', #1707, .T. ) ;
#1696 = ORIENTED_EDGE ( 'NONE', *, *, #1988, .F. ) ;
#1697 =( NAMED_UNIT ( * ) PLANE_ANGLE_UNIT ( ) SI_UNIT ( $, .RADIAN. ) );
#1698 = AXIS2_PLACEMENT_3D ( 'NONE', #1031, #1476, #48 ) ;
#1699 = FILL_AREA_STYLE ('',( #1078 ) ) ;
#1700 = PRESENTATION_LAYER_ASSIGNMENT (  '', '', ( #197 ) ) ;
#1701 = MECHANICAL_DESIGN_GEOMETRIC_PRESENTATION_REPRESENTATION (  '', ( #927 ), #1160 ) ;
#1702 = ORIENTED_EDGE ( 'NONE', *, *, #779, .T. ) ;
#1703 = SURFACE_STYLE_FILL_AREA ( #468 ) ;
#1704 =( NAMED_UNIT ( * ) PLANE_ANGLE_UNIT ( ) SI_UNIT ( $, .RADIAN. ) );
#1705 = LINE ( 'NONE', #2031, #1836 ) ;
#1706 = PRESENTATION_LAYER_ASSIGNMENT (  '', '', ( #1708 ) ) ;
#1707 = EDGE_LOOP ( 'NONE', ( #730, #1250, #504, #334 ) ) ;
#1708 = STYLED_ITEM ( 'NONE', ( #1741 ), #1518 ) ;
#1709 = VECTOR ( 'NONE', #1596, 100.0000000000000000 ) ;
#1710 = CARTESIAN_POINT ( 'NONE',  ( 0.2982794916698709997, 0.02000000000000000042, 0.6429959744357269802 ) ) ;
#1711 = MECHANICAL_DESIGN_GEOMETRIC_PRESENTATION_REPRESENTATION (  '', ( #1228 ), #826 ) ;
#1712 =( GEOMETRIC_REPRESENTATION_CONTEXT ( 3 ) GLOBAL_UNCERTAINTY_ASSIGNED_CONTEXT ( ( #2056 ) ) GLOBAL_UNIT_ASSIGNED_CONTEXT ( ( #745, #1704, #732 ) ) REPRESENTATION_CONTEXT ( 'NONE', 'WORKASPACE' ) );
#1713 = VERTEX_POINT ( 'NONE', #1194 ) ;
#1714 = CARTESIAN_POINT ( 'NONE',  ( -0.02687348134688750251, -0.02000000000000000042, -1.006546407085610051 ) ) ;
#1715 = MECHANICAL_DESIGN_GEOMETRIC_PRESENTATION_REPRESENTATION (  '', ( #1263 ), #427 ) ;
#1716 =( LENGTH_UNIT ( ) NAMED_UNIT ( * ) SI_UNIT ( .CENTI., .METRE. ) );
#1717 = AXIS2_PLACEMENT_3D ( 'NONE', #1289, #1942, #500 ) ;
#1718 = FILL_AREA_STYLE ('',( #1542 ) ) ;
#1719 = UNCERTAINTY_MEASURE_WITH_UNIT (LENGTH_MEASURE( 1.000000000000000082E-05 ), #1385, 'distance_accuracy_value', 'NONE');
#1720 =( LENGTH_UNIT ( ) NAMED_UNIT ( * ) SI_UNIT ( .CENTI., .METRE. ) );
#1721 = LINE ( 'NONE', #1890, #932 ) ;
#1722 = CARTESIAN_POINT ( 'NONE',  ( 0.03244696269377490144, 0.02000000000000000042, -0.4391551009237280034 ) ) ;
#1723 = CARTESIAN_POINT ( 'NONE',  ( -0.09428034581422810312, 0.02000000000000000042, 0.7873271032559990834 ) ) ;
#1724 = ORIENTED_EDGE ( 'NONE', *, *, #481, .T. ) ;
#1725 = SURFACE_STYLE_FILL_AREA ( #431 ) ;
#1726 = PRESENTATION_STYLE_ASSIGNMENT (( #1039 ) ) ;
#1727 = LINE ( 'NONE', #1086, #929 ) ;
#1728 = FILL_AREA_STYLE ('',( #587 ) ) ;
#1729 =( NAMED_UNIT ( * ) PLANE_ANGLE_UNIT ( ) SI_UNIT ( $, .RADIAN. ) );
#1730 = DIRECTION ( 'NONE',  ( -0.0000000000000000000, -1.000000000000000000, 0.0000000000000000000 ) ) ;
#1731 = VERTEX_POINT ( 'NONE', #1665 ) ;
#1732 = DIRECTION ( 'NONE',  ( -1.000000000000000000, -0.0000000000000000000, 1.140612731871519894E-31 ) ) ;
#1733 = DIRECTION ( 'NONE',  ( 0.0000000000000000000, 0.0000000000000000000, 1.000000000000000000 ) ) ;
#1734 = EDGE_CURVE ( 'NONE', #355, #709, #1849, .T. ) ;
#1735 = PRESENTATION_STYLE_ASSIGNMENT (( #257 ) ) ;
#1736 = UNCERTAINTY_MEASURE_WITH_UNIT (LENGTH_MEASURE( 1.000000000000000082E-05 ), #1676, 'distance_accuracy_value', 'NONE');
#1737 = ORIENTED_EDGE ( 'NONE', *, *, #1734, .F. ) ;
#1738 = PRODUCT ( 'SIL_SocketPin', 'SIL_SocketPin', '', ( #1475 ) ) ;
#1739 = STYLED_ITEM ( 'NONE', ( #1583 ), #174 ) ;
#1740 = AXIS2_PLACEMENT_3D ( 'NONE', #958, #1610, #1733 ) ;
#1741 = PRESENTATION_STYLE_ASSIGNMENT (( #439 ) ) ;
#1742 = AXIS2_PLACEMENT_3D ( 'NONE', #1858, #693, #415 ) ;
#1743 = VECTOR ( 'NONE', #293, 100.0000000000000000 ) ;
#1744 = ORIENTED_EDGE ( 'NONE', *, *, #1411, .F. ) ;
#1745 =( GEOMETRIC_REPRESENTATION_CONTEXT ( 3 ) GLOBAL_UNCERTAINTY_ASSIGNED_CONTEXT ( ( #933 ) ) GLOBAL_UNIT_ASSIGNED_CONTEXT ( ( #650, #1466, #1635 ) ) REPRESENTATION_CONTEXT ( 'NONE', 'WORKASPACE' ) );
#1746 = STYLED_ITEM ( 'NONE', ( #1428 ), #980 ) ;
#1747 = LINE ( 'NONE', #302, #1935 ) ;
#1748 = MECHANICAL_DESIGN_GEOMETRIC_PRESENTATION_REPRESENTATION (  '', ( #1541 ), #830 ) ;
#1749 = EDGE_CURVE ( 'NONE', #1595, #1987, #52, .T. ) ;
#1750 = DIRECTION ( 'NONE',  ( 0.0000000000000000000, 0.0000000000000000000, -1.000000000000000000 ) ) ;
#1751 = DIRECTION ( 'NONE',  ( 0.0000000000000000000, 0.0000000000000000000, -1.000000000000000000 ) ) ;
#1752 = PRODUCT_DEFINITION_SHAPE ( 'NONE', 'NONE',  #877 ) ;
#1753 = PRESENTATION_STYLE_ASSIGNMENT (( #1 ) ) ;
#1754 = UNCERTAINTY_MEASURE_WITH_UNIT (LENGTH_MEASURE( 1.000000000000000082E-05 ), #1784, 'distance_accuracy_value', 'NONE');
#1755 = LINE ( 'NONE', #945, #1287 ) ;
#1756 = ORIENTED_EDGE ( 'NONE', *, *, #686, .T. ) ;
#1757 = EDGE_CURVE ( 'NONE', #1232, #1882, #857, .T. ) ;
#1758 = CARTESIAN_POINT ( 'NONE',  ( -0.1000000000000000472, -0.1000000000000000194, 0.8500000000000000888 ) ) ;
#1759 =( LENGTH_UNIT ( ) NAMED_UNIT ( * ) SI_UNIT ( .CENTI., .METRE. ) );
#1760 = PRESENTATION_STYLE_ASSIGNMENT (( #658 ) ) ;
#1761 = ORIENTED_EDGE ( 'NONE', *, *, #1978, .T. ) ;
#1762 = DIRECTION ( 'NONE',  ( 8.065349974140638857E-32, -0.7071067811865460184, 0.7071067811865490160 ) ) ;
#1763 = DIRECTION ( 'NONE',  ( 0.0000000000000000000, -0.7071067811865490160, 0.7071067811865460184 ) ) ;
#1764 = COLOUR_RGB ( '',0.1019607843137254888, 0.1019607843137254888, 0.1019607843137254888 ) ;
#1765 = PRODUCT_DEFINITION_SHAPE ( 'NONE', 'NONE',  #2060 ) ;
#1766 = EDGE_CURVE ( 'NONE', #1416, #1592, #1686, .T. ) ;
#1767 = ORIENTED_EDGE ( 'NONE', *, *, #1952, .T. ) ;
#1768 = AXIS2_PLACEMENT_3D ( 'NONE', #1101, #1751, #304 ) ;
#1769 = STYLED_ITEM ( 'NONE', ( #541 ), #497 ) ;
#1770 = CARTESIAN_POINT ( 'NONE',  ( 0.04999999999999998890, 0.04999999999999998890, 0.8000000000000000444 ) ) ;
#1771 = MECHANICAL_DESIGN_GEOMETRIC_PRESENTATION_REPRESENTATION (  '', ( #1708 ), #127 ) ;
#1772 =( LENGTH_UNIT ( ) NAMED_UNIT ( * ) SI_UNIT ( .CENTI., .METRE. ) );
#1773 = AXIS2_PLACEMENT_3D ( 'NONE', #288, #1870, #132 ) ;
#1774 = DIRECTION ( 'NONE',  ( 0.0000000000000000000, 0.0000000000000000000, 1.000000000000000000 ) ) ;
#1775 = UNCERTAINTY_MEASURE_WITH_UNIT (LENGTH_MEASURE( 1.000000000000000082E-05 ), #1433, 'distance_accuracy_value', 'NONE');
#1776 =( LENGTH_UNIT ( ) NAMED_UNIT ( * ) SI_UNIT ( .CENTI., .METRE. ) );
#1777 =( LENGTH_UNIT ( ) NAMED_UNIT ( * ) SI_UNIT ( .CENTI., .METRE. ) );
#1778 = PLANE ( 'NONE',  #498 ) ;
#1779 = ORIENTED_EDGE ( 'NONE', *, *, #648, .F. ) ;
#1780 = ORIENTED_EDGE ( 'NONE', *, *, #1611, .T. ) ;
#1781 = SURFACE_SIDE_STYLE ('',( #1285 ) ) ;
#1782 =( NAMED_UNIT ( * ) SI_UNIT ( $, .STERADIAN. ) SOLID_ANGLE_UNIT ( ) );
#1783 =( NAMED_UNIT ( * ) SI_UNIT ( $, .STERADIAN. ) SOLID_ANGLE_UNIT ( ) );
#1784 =( LENGTH_UNIT ( ) NAMED_UNIT ( * ) SI_UNIT ( .CENTI., .METRE. ) );
#1785 = ORIENTED_EDGE ( 'NONE', *, *, #1680, .F. ) ;
#1786 =( LENGTH_UNIT ( ) NAMED_UNIT ( * ) SI_UNIT ( .CENTI., .METRE. ) );
#1787 = VERTEX_POINT ( 'NONE', #880 ) ;
#1788 = DIRECTION ( 'NONE',  ( 1.140612731871519894E-31, 0.0000000000000000000, 1.000000000000000000 ) ) ;
#1789 = VERTEX_POINT ( 'NONE', #1519 ) ;
#1790 = ADVANCED_FACE ( 'NONE', ( #1530 ), #1011, .T. ) ;
#1791 =( NAMED_UNIT ( * ) SI_UNIT ( $, .STERADIAN. ) SOLID_ANGLE_UNIT ( ) );
#1792 = DIRECTION ( 'NONE',  ( -1.000000000000000000, 0.0000000000000000000, 0.0000000000000000000 ) ) ;
#1793 = DIRECTION ( 'NONE',  ( -0.0000000000000000000, -1.000000000000000000, 0.0000000000000000000 ) ) ;
#1794 = SURFACE_STYLE_USAGE ( .BOTH. , #1140 ) ;
#1795 = ORIENTED_EDGE ( 'NONE', *, *, #1734, .T. ) ;
#1796 = FILL_AREA_STYLE ('',( #1934 ) ) ;
#1797 =( NAMED_UNIT ( * ) PLANE_ANGLE_UNIT ( ) SI_UNIT ( $, .RADIAN. ) );
#1798 = VERTEX_POINT ( 'NONE', #2012 ) ;
#1799 = VECTOR ( 'NONE', #1176, 100.0000000000000000 ) ;
#1800 = CARTESIAN_POINT ( 'NONE',  ( 0.07256359958761590678, 0.02000000000000000042, 0.7621829240858799537 ) ) ;
#1801 = AXIS2_PLACEMENT_3D ( 'NONE', #182, #1618, #982 ) ;
#1802 = LINE ( 'NONE', #704, #1419 ) ;
#1803 = CIRCLE ( 'NONE', #594, 0.01000000000000028644 ) ;
#1804 = PRODUCT_CONTEXT ( 'NONE', #690, 'mechanical' ) ;
#1805 =( GEOMETRIC_REPRESENTATION_CONTEXT ( 3 ) GLOBAL_UNCERTAINTY_ASSIGNED_CONTEXT ( ( #92 ) ) GLOBAL_UNIT_ASSIGNED_CONTEXT ( ( #1209, #1181, #1037 ) ) REPRESENTATION_CONTEXT ( 'NONE', 'WORKASPACE' ) );
#1806 = MECHANICAL_DESIGN_GEOMETRIC_PRESENTATION_REPRESENTATION (  '', ( #1939 ), #1498 ) ;
#1807 = FILL_AREA_STYLE ('',( #1681 ) ) ;
#1808 = CARTESIAN_POINT ( 'NONE',  ( 0.0000000000000000000, -0.1000000000000000056, 0.7399999999999999911 ) ) ;
#1809 = CARTESIAN_POINT ( 'NONE',  ( -0.03244696269377490144, 0.02000000000000000042, -0.4391551009237280034 ) ) ;
#1810 = AXIS2_PLACEMENT_3D ( 'NONE', #1404, #270, #753 ) ;
#1811 = EDGE_CURVE ( 'NONE', #1170, #1897, #1705, .T. ) ;
#1812 = EDGE_LOOP ( 'NONE', ( #989, #1038, #232, #1353 ) ) ;
#1813 = VECTOR ( 'NONE', #1976, 100.0000000000000000 ) ;
#1814 = ORIENTED_EDGE ( 'NONE', *, *, #58, .F. ) ;
#1815 = PRESENTATION_STYLE_ASSIGNMENT (( #358 ) ) ;
#1816 = FACE_OUTER_BOUND ( 'NONE', #1464, .T. ) ;
#1817 = DIRECTION ( 'NONE',  ( 0.0000000000000000000, 1.000000000000000000, 0.0000000000000000000 ) ) ;
#1818 = SURFACE_SIDE_STYLE ('',( #2002 ) ) ;
#1819 = LINE ( 'NONE', #377, #1639 ) ;
#1820 = ORIENTED_EDGE ( 'NONE', *, *, #1247, .T. ) ;
#1821 = ADVANCED_FACE ( 'NONE', ( #1383 ), #429, .T. ) ;
#1822 = FILL_AREA_STYLE ('',( #82 ) ) ;
#1823 = DIRECTION ( 'NONE',  ( 1.000000000000000000, 0.0000000000000000000, 0.0000000000000000000 ) ) ;
#1824 =( LENGTH_UNIT ( ) NAMED_UNIT ( * ) SI_UNIT ( .CENTI., .METRE. ) );
#1825 = ORIENTED_EDGE ( 'NONE', *, *, #1749, .F. ) ;
#1826 = CARTESIAN_POINT ( 'NONE',  ( 0.06003131717443468962, -0.02000000000000000042, 0.7330832898901310513 ) ) ;
#1827 = SURFACE_STYLE_USAGE ( .BOTH. , #583 ) ;
#1828 = EDGE_CURVE ( 'NONE', #258, #438, #295, .T. ) ;
#1829 = ORIENTED_EDGE ( 'NONE', *, *, #1766, .F. ) ;
#1830 = FILL_AREA_STYLE ('',( #36 ) ) ;
#1831 = SHAPE_DEFINITION_REPRESENTATION ( #1752, #1918 ) ;
#1832 = UNCERTAINTY_MEASURE_WITH_UNIT (LENGTH_MEASURE( 1.000000000000000082E-05 ), #1720, 'distance_accuracy_value', 'NONE');
#1833 = COLOUR_RGB ( '',0.8666666666666666963, 0.7725490196078431682, 0.2156862745098039325 ) ;
#1834 = ORIENTED_EDGE ( 'NONE', *, *, #752, .F. ) ;
#1835 = DIRECTION ( 'NONE',  ( 0.0000000000000000000, 1.000000000000000000, 0.0000000000000000000 ) ) ;
#1836 = VECTOR ( 'NONE', #447, 100.0000000000000000 ) ;
#1837 = VECTOR ( 'NONE', #1409, 100.0000000000000000 ) ;
#1838 =( NAMED_UNIT ( * ) PLANE_ANGLE_UNIT ( ) SI_UNIT ( $, .RADIAN. ) );
#1839 = VECTOR ( 'NONE', #1633, 100.0000000000000142 ) ;
#1840 = DIRECTION ( 'NONE',  ( -0.3955455025629631693, -0.0000000000000000000, 0.9184463813430878698 ) ) ;
#1841 = VECTOR ( 'NONE', #613, 100.0000000000000000 ) ;
#1842 = ORIENTED_EDGE ( 'NONE', *, *, #1213, .T. ) ;
#1843 = CONTEXT_DEPENDENT_SHAPE_REPRESENTATION ( #2015, #123 ) ;
#1844 = DIRECTION ( 'NONE',  ( -0.0000000000000000000, -1.000000000000000000, 0.0000000000000000000 ) ) ;
#1845 = PLANE ( 'NONE',  #1941 ) ;
#1846 =( REPRESENTATION_RELATIONSHIP ('NONE','NONE', #281, #985 ) REPRESENTATION_RELATIONSHIP_WITH_TRANSFORMATION ( #1314 )SHAPE_REPRESENTATION_RELATIONSHIP( ) );
#1847 = EDGE_LOOP ( 'NONE', ( #810, #1480, #1780, #1621 ) ) ;
#1848 =( NAMED_UNIT ( * ) SI_UNIT ( $, .STERADIAN. ) SOLID_ANGLE_UNIT ( ) );
#1849 = LINE ( 'NONE', #400, #862 ) ;
#1850 = SURFACE_STYLE_USAGE ( .BOTH. , #550 ) ;
#1851 = ORIENTED_EDGE ( 'NONE', *, *, #1270, .T. ) ;
#1852 = CARTESIAN_POINT ( 'NONE',  ( -0.1000000000000000056, -0.1000000000000000056, 0.0000000000000000000 ) ) ;
#1853 = LINE ( 'NONE', #91, #1841 ) ;
#1854 = EDGE_CURVE ( 'NONE', #1787, #1879, #279, .T. ) ;
#1855 = FILL_AREA_STYLE ('',( #580 ) ) ;
#1856 = DIRECTION ( 'NONE',  ( 0.0000000000000000000, 1.000000000000000000, -0.0000000000000000000 ) ) ;
#1857 = FILL_AREA_STYLE ('',( #1391 ) ) ;
#1858 = CARTESIAN_POINT ( 'NONE',  ( 0.1042803458142280149, -0.02000000000000000042, 0.4380777440661250410 ) ) ;
#1859 = VERTEX_POINT ( 'NONE', #1410 ) ;
#1860 = CARTESIAN_POINT ( 'NONE',  ( -0.1042803458142280149, -0.02000000000000000042, 0.7873271032559990834 ) ) ;
#1861 = DIRECTION ( 'NONE',  ( 4.228388472693493167E-14, 0.0000000000000000000, 1.000000000000000000 ) ) ;
#1862 =( NAMED_UNIT ( * ) PLANE_ANGLE_UNIT ( ) SI_UNIT ( $, .RADIAN. ) );
#1863 = CIRCLE ( 'NONE', #721, 0.01000000000000028644 ) ;
#1864 = ORIENTED_EDGE ( 'NONE', *, *, #1283, .T. ) ;
#1865 = CARTESIAN_POINT ( 'NONE',  ( 0.0000000000000000000, -0.05000000000000000278, 0.8500000000000000888 ) ) ;
#1866 = CARTESIAN_POINT ( 'NONE',  ( 0.1270000000000000018, -0.1270000000000000018, 0.8500000000000000888 ) ) ;
#1867 = ORIENTED_EDGE ( 'NONE', *, *, #850, .F. ) ;
#1868 = VECTOR ( 'NONE', #249, 100.0000000000000000 ) ;
#1869 = EDGE_CURVE ( 'NONE', #1634, #73, #864, .T. ) ;
#1870 = DIRECTION ( 'NONE',  ( 0.0000000000000000000, 1.000000000000000000, 0.0000000000000000000 ) ) ;
#1871 = MECHANICAL_DESIGN_GEOMETRIC_PRESENTATION_REPRESENTATION (  '', ( #203 ), #1368 ) ;
#1872 = VECTOR ( 'NONE', #2051, 100.0000000000000000 ) ;
#1873 = ORIENTED_EDGE ( 'NONE', *, *, #1378, .F. ) ;
#1874 = LINE ( 'NONE', #1860, #930 ) ;
#1875 = AXIS2_PLACEMENT_3D ( 'NONE', #1953, #1096, #944 ) ;
#1876 = LINE ( 'NONE', #433, #760 ) ;
#1877 = CONTEXT_DEPENDENT_SHAPE_REPRESENTATION ( #446, #757 ) ;
#1878 =( NAMED_UNIT ( * ) PLANE_ANGLE_UNIT ( ) SI_UNIT ( $, .RADIAN. ) );
#1879 = VERTEX_POINT ( 'NONE', #617 ) ;
#1880 = DIRECTION ( 'NONE',  ( -0.0000000000000000000, -1.000000000000000000, -0.0000000000000000000 ) ) ;
#1881 = UNCERTAINTY_MEASURE_WITH_UNIT (LENGTH_MEASURE( 1.000000000000000082E-05 ), #1776, 'distance_accuracy_value', 'NONE');
#1882 = VERTEX_POINT ( 'NONE', #1866 ) ;
#1883 = PRESENTATION_STYLE_ASSIGNMENT (( #147 ) ) ;
#1884 = SURFACE_SIDE_STYLE ('',( #1234 ) ) ;
#1885 = SURFACE_SIDE_STYLE ('',( #1572 ) ) ;
#1886 = PRODUCT ( 'User Library-SIL_Socket06_', 'User Library-SIL_Socket06_', '', ( #1804 ) ) ;
#1887 = EDGE_CURVE ( 'NONE', #1416, #1859, #940, .T. ) ;
#1888 = LINE ( 'NONE', #2014, #1026 ) ;
#1889 = SURFACE_SIDE_STYLE ('',( #410 ) ) ;
#1890 = CARTESIAN_POINT ( 'NONE',  ( 0.05000000000000000278, -0.05000000000000000278, 0.8500000000000000888 ) ) ;
#1891 = FILL_AREA_STYLE ('',( #1089 ) ) ;
#1892 = DIRECTION ( 'NONE',  ( 0.0000000000000000000, 1.000000000000000000, 0.0000000000000000000 ) ) ;
#1893 = EDGE_CURVE ( 'NONE', #1789, #408, #149, .T. ) ;
#1894 =( NAMED_UNIT ( * ) SI_UNIT ( $, .STERADIAN. ) SOLID_ANGLE_UNIT ( ) );
#1895 = ORIENTED_EDGE ( 'NONE', *, *, #2054, .F. ) ;
#1896 = UNCERTAINTY_MEASURE_WITH_UNIT (LENGTH_MEASURE( 1.000000000000000082E-05 ), #1549, 'distance_accuracy_value', 'NONE');
#1897 = VERTEX_POINT ( 'NONE', #142 ) ;
#1898 = CLOSED_SHELL ( 'NONE', ( #125, #957, #1366, #1961, #209, #213, #1599, #1589, #451, #675, #1913, #284, #2, #723, #577, #1351, #836, #1933, #2018 ) ) ;
#1899 = SURFACE_STYLE_FILL_AREA ( #189 ) ;
#1900 = PRODUCT_DEFINITION_SHAPE ( 'NONE', 'NONE',  #1533 ) ;
#1901 = SURFACE_STYLE_USAGE ( .BOTH. , #1885 ) ;
#1902 = PRESENTATION_LAYER_ASSIGNMENT (  '', '', ( #1025 ) ) ;
#1903 = VECTOR ( 'NONE', #419, 100.0000000000000000 ) ;
#1904 = VECTOR ( 'NONE', #1653, 100.0000000000000142 ) ;
#1905 = PRESENTATION_LAYER_ASSIGNMENT (  '', '', ( #1939 ) ) ;
#1906 = CARTESIAN_POINT ( 'NONE',  ( 0.05000000000000000278, 0.05000000000000000278, 0.7399999999999999911 ) ) ;
#1907 = COLOUR_RGB ( '',0.8666666666666666963, 0.7725490196078431682, 0.2156862745098039325 ) ;
#1908 = MECHANICAL_DESIGN_GEOMETRIC_PRESENTATION_REPRESENTATION (  '', ( #1616 ), #1712 ) ;
#1909 = PRESENTATION_LAYER_ASSIGNMENT (  '', '', ( #1263 ) ) ;
#1910 = EDGE_CURVE ( 'NONE', #1713, #1882, #1083, .T. ) ;
#1911 = SURFACE_STYLE_FILL_AREA ( #483 ) ;
#1912 = CARTESIAN_POINT ( 'NONE',  ( 0.5080000000000000071, 0.0000000000000000000, 0.0000000000000000000 ) ) ;
#1913 = ADVANCED_FACE ( 'NONE', ( #1253 ), #609, .F. ) ;
#1914 = DIRECTION ( 'NONE',  ( 0.0000000000000000000, -0.0000000000000000000, 1.000000000000000000 ) ) ;
#1915 = DIRECTION ( 'NONE',  ( 0.3955455025629641130, 0.0000000000000000000, -0.9184463813430875367 ) ) ;
#1916 = ORIENTED_EDGE ( 'NONE', *, *, #481, .F. ) ;
#1917 = CARTESIAN_POINT ( 'NONE',  ( 0.08509588200079712395, -0.02000000000000000042, 0.7912825582816289671 ) ) ;
#1918 = SHAPE_REPRESENTATION ( 'SIL_Socket_Body', ( #801 ), #170 ) ;
#1919 = DIRECTION ( 'NONE',  ( -0.5773502691896269523, -0.5773502691896249539, -0.5773502691896253980 ) ) ;
#1920 = SURFACE_STYLE_USAGE ( .BOTH. , #314 ) ;
#1921 = UNCERTAINTY_MEASURE_WITH_UNIT (LENGTH_MEASURE( 1.000000000000000082E-05 ), #153, 'distance_accuracy_value', 'NONE');
#1922 = FILL_AREA_STYLE_COLOUR ( '', #1159 ) ;
#1923 = EDGE_CURVE ( 'NONE', #101, #1507, #1447, .T. ) ;
#1924 = CARTESIAN_POINT ( 'NONE',  ( 0.1000000000000000472, -0.1000000000000000194, 0.8500000000000000888 ) ) ;
#1925 = ORIENTED_EDGE ( 'NONE', *, *, #1506, .T. ) ;
#1926 = SURFACE_STYLE_FILL_AREA ( #177 ) ;
#1927 = FILL_AREA_STYLE ('',( #1267 ) ) ;
#1928 = DIRECTION ( 'NONE',  ( 0.0000000000000000000, 0.0000000000000000000, 1.000000000000000000 ) ) ;
#1929 = PRESENTATION_STYLE_ASSIGNMENT (( #1643 ) ) ;
#1930 =( NAMED_UNIT ( * ) SI_UNIT ( $, .STERADIAN. ) SOLID_ANGLE_UNIT ( ) );
#1931 =( NAMED_UNIT ( * ) SI_UNIT ( $, .STERADIAN. ) SOLID_ANGLE_UNIT ( ) );
#1932 = EDGE_LOOP ( 'NONE', ( #430, #855, #878, #1655 ) ) ;
#1933 = ADVANCED_FACE ( 'NONE', ( #1604 ), #1778, .T. ) ;
#1934 = FILL_AREA_STYLE_COLOUR ( '', #357 ) ;
#1935 = VECTOR ( 'NONE', #831, 100.0000000000000000 ) ;
#1936 = ORIENTED_EDGE ( 'NONE', *, *, #1694, .T. ) ;
#1937 = VECTOR ( 'NONE', #2047, 100.0000000000000000 ) ;
#1938 = VECTOR ( 'NONE', #1510, 100.0000000000000000 ) ;
#1939 = STYLED_ITEM ( 'NONE', ( #1929 ), #723 ) ;
#1940 = AXIS2_PLACEMENT_3D ( 'NONE', #1989, #548, #1333 ) ;
#1941 = AXIS2_PLACEMENT_3D ( 'NONE', #842, #1339, #223 ) ;
#1942 = DIRECTION ( 'NONE',  ( 0.0000000000000000000, 0.0000000000000000000, 1.000000000000000000 ) ) ;
#1943 = UNCERTAINTY_MEASURE_WITH_UNIT (LENGTH_MEASURE( 1.000000000000000082E-05 ), #1246, 'distance_accuracy_value', 'NONE');
#1944 = LINE ( 'NONE', #1995, #1868 ) ;
#1945 = CIRCLE ( 'NONE', #134, 0.06003131717443499493 ) ;
#1946 = CARTESIAN_POINT ( 'NONE',  ( -0.05000000000000000278, 0.0000000000000000000, 0.8500000000000000888 ) ) ;
#1947 = ORIENTED_EDGE ( 'NONE', *, *, #1491, .F. ) ;
#1948 = DIRECTION ( 'NONE',  ( 0.0000000000000000000, -0.7071067811865490160, -0.7071067811865460184 ) ) ;
#1949 =( NAMED_UNIT ( * ) SI_UNIT ( $, .STERADIAN. ) SOLID_ANGLE_UNIT ( ) );
#1950 = ORIENTED_EDGE ( 'NONE', *, *, #603, .T. ) ;
#1951 = CARTESIAN_POINT ( 'NONE',  ( 1.892425610156520157E-18, 0.0000000000000000000, 0.8500000000000000888 ) ) ;
#1952 = EDGE_CURVE ( 'NONE', #111, #1731, #333, .T. ) ;
#1953 = CARTESIAN_POINT ( 'NONE',  ( 1.270000000000000018, 0.0000000000000000000, 0.0000000000000000000 ) ) ;
#1954 = EDGE_LOOP ( 'NONE', ( #80, #948, #597, #1511 ) ) ;
#1955 = DIRECTION ( 'NONE',  ( 0.0000000000000000000, -1.000000000000000000, -0.0000000000000000000 ) ) ;
#1956 = CARTESIAN_POINT ( 'NONE',  ( 0.1000000000000000056, 0.1000000000000000056, 0.7399999999999999911 ) ) ;
#1957 = EDGE_LOOP ( 'NONE', ( #649, #31, #45, #1099 ) ) ;
#1958 = FILL_AREA_STYLE_COLOUR ( '', #1907 ) ;
#1959 = ORIENTED_EDGE ( 'NONE', *, *, #1887, .F. ) ;
#1960 = DIRECTION ( 'NONE',  ( -1.000000000000000000, -2.078962154847970352E-32, 0.0000000000000000000 ) ) ;
#1961 = ADVANCED_FACE ( 'NONE', ( #1429 ), #319, .T. ) ;
#1962 = DIRECTION ( 'NONE',  ( -1.658928450709476921E-64, 7.979599084288239752E-33, 1.000000000000000000 ) ) ;
#1963 = EDGE_CURVE ( 'NONE', #680, #1028, #807, .T. ) ;
#1964 = CARTESIAN_POINT ( 'NONE',  ( -0.06003131717443484228, 0.02000000000000000042, 0.2677666470408440191 ) ) ;
#1965 = ORIENTED_EDGE ( 'NONE', *, *, #1854, .T. ) ;
#1966 = DIRECTION ( 'NONE',  ( -2.078962154847970352E-32, 1.000000000000000000, -7.979599084288239752E-33 ) ) ;
#1967 = DIRECTION ( 'NONE',  ( -0.0000000000000000000, -1.000000000000000000, -0.0000000000000000000 ) ) ;
#1968 = ORIENTED_EDGE ( 'NONE', *, *, #1283, .F. ) ;
#1969 =( GEOMETRIC_REPRESENTATION_CONTEXT ( 3 ) GLOBAL_UNCERTAINTY_ASSIGNED_CONTEXT ( ( #1112 ) ) GLOBAL_UNIT_ASSIGNED_CONTEXT ( ( #1716, #868, #1504 ) ) REPRESENTATION_CONTEXT ( 'NONE', 'WORKASPACE' ) );
#1970 = STYLED_ITEM ( 'NONE', ( #1657 ), #1468 ) ;
#1971 =( GEOMETRIC_REPRESENTATION_CONTEXT ( 3 ) GLOBAL_UNCERTAINTY_ASSIGNED_CONTEXT ( ( #1614 ) ) GLOBAL_UNIT_ASSIGNED_CONTEXT ( ( #1786, #976, #12 ) ) REPRESENTATION_CONTEXT ( 'NONE', 'WORKASPACE' ) );
#1972 = VECTOR ( 'NONE', #494, 100.0000000000000000 ) ;
#1973 = LINE ( 'NONE', #1188, #853 ) ;
#1974 = CARTESIAN_POINT ( 'NONE',  ( -0.06003131717443417614, 0.02000000000000000042, 0.7330832898901298300 ) ) ;
#1975 = PRESENTATION_STYLE_ASSIGNMENT (( #1661 ) ) ;
#1976 = DIRECTION ( 'NONE',  ( -0.0000000000000000000, -0.0000000000000000000, 1.000000000000000000 ) ) ;
#1977 =( GEOMETRIC_REPRESENTATION_CONTEXT ( 3 ) GLOBAL_UNCERTAINTY_ASSIGNED_CONTEXT ( ( #1568 ) ) GLOBAL_UNIT_ASSIGNED_CONTEXT ( ( #90, #1514, #70 ) ) REPRESENTATION_CONTEXT ( 'NONE', 'WORKASPACE' ) );
#1978 = EDGE_CURVE ( 'NONE', #905, #11, #239, .T. ) ;
#1979 = EDGE_LOOP ( 'NONE', ( #1688, #175, #1814, #1825 ) ) ;
#1980 = PLANE ( 'NONE',  #2003 ) ;
#1981 = AXIS2_PLACEMENT_3D ( 'NONE', #476, #1268, #1122 ) ;
#1982 = STYLED_ITEM ( 'NONE', ( #568 ), #72 ) ;
#1983 = ITEM_DEFINED_TRANSFORMATION ( 'NONE', 'NONE', #273,  #801 ) ;
#1984 =( NAMED_UNIT ( * ) PLANE_ANGLE_UNIT ( ) SI_UNIT ( $, .RADIAN. ) );
#1985 =( LENGTH_UNIT ( ) NAMED_UNIT ( * ) SI_UNIT ( .CENTI., .METRE. ) );
#1986 = SURFACE_STYLE_USAGE ( .BOTH. , #1179 ) ;
#1987 = VERTEX_POINT ( 'NONE', #405 ) ;
#1988 = EDGE_CURVE ( 'NONE', #1539, #111, #367, .T. ) ;
#1989 = CARTESIAN_POINT ( 'NONE',  ( -0.06003131717443468962, -0.02000000000000000042, 0.4103376530110829923 ) ) ;
#1990 = FILL_AREA_STYLE ('',( #1184 ) ) ;
#1991 = ORIENTED_EDGE ( 'NONE', *, *, #1213, .F. ) ;
#1992 = DIRECTION ( 'NONE',  ( 0.0000000000000000000, 1.000000000000000000, -0.0000000000000000000 ) ) ;
#1993 = APPLICATION_PROTOCOL_DEFINITION ( 'draft international standard', 'automotive_design', 1998, #690 ) ;
#1994 = CARTESIAN_POINT ( 'NONE',  ( -0.08509588200079716558, -0.02000000000000000042, 0.7912825582816289671 ) ) ;
#1995 = CARTESIAN_POINT ( 'NONE',  ( -0.06003131717443468962, -0.02000000000000000042, 0.7330832898901310513 ) ) ;
#1996 = EDGE_LOOP ( 'NONE', ( #1329, #1999, #310, #987 ) ) ;
#1997 = SURFACE_STYLE_FILL_AREA ( #81 ) ;
#1998 = SURFACE_SIDE_STYLE ('',( #1483 ) ) ;
#1999 = ORIENTED_EDGE ( 'NONE', *, *, #1057, .T. ) ;
#2000 =( NAMED_UNIT ( * ) SI_UNIT ( $, .STERADIAN. ) SOLID_ANGLE_UNIT ( ) );
#2001 = VECTOR ( 'NONE', #259, 100.0000000000000000 ) ;
#2002 = SURFACE_STYLE_FILL_AREA ( #79 ) ;
#2003 = AXIS2_PLACEMENT_3D ( 'NONE', #1865, #1570, #1389 ) ;
#2004 = ORIENTED_EDGE ( 'NONE', *, *, #648, .T. ) ;
#2005 = AXIS2_PLACEMENT_3D ( 'NONE', #506, #1110, #1763 ) ;
#2006 = SURFACE_STYLE_FILL_AREA ( #1336 ) ;
#2007 = STYLED_ITEM ( 'NONE', ( #1317 ), #2034 ) ;
#2008 = ORIENTED_EDGE ( 'NONE', *, *, #143, .F. ) ;
#2009 = CYLINDRICAL_SURFACE ( 'NONE', #1455, 0.009999999999999939493 ) ;
#2010 = EDGE_CURVE ( 'NONE', #701, #183, #250, .T. ) ;
#2011 = EDGE_LOOP ( 'NONE', ( #1864, #1795, #2004, #869 ) ) ;
#2012 = CARTESIAN_POINT ( 'NONE',  ( -0.09428034581422810312, -0.02000000000000000042, 0.7973271032559989813 ) ) ;
#2013 = ORIENTED_EDGE ( 'NONE', *, *, #700, .F. ) ;
#2014 = CARTESIAN_POINT ( 'NONE',  ( -0.06003131717443500881, -0.02000000000000000042, 0.2677666470408440191 ) ) ;
#2015 =( REPRESENTATION_RELATIONSHIP ('NONE','NONE', #281, #1918 ) REPRESENTATION_RELATIONSHIP_WITH_TRANSFORMATION ( #1582 )SHAPE_REPRESENTATION_RELATIONSHIP( ) );
#2016 = SURFACE_SIDE_STYLE ('',( #545 ) ) ;
#2017 = FILL_AREA_STYLE ('',( #773 ) ) ;
#2018 = ADVANCED_FACE ( 'NONE', ( #1505, #1206 ), #1515, .F. ) ;
#2019 =( NAMED_UNIT ( * ) PLANE_ANGLE_UNIT ( ) SI_UNIT ( $, .RADIAN. ) );
#2020 = LINE ( 'NONE', #608, #1837 ) ;
#2021 = DIRECTION ( 'NONE',  ( 0.0000000000000000000, 0.0000000000000000000, 1.000000000000000000 ) ) ;
#2022 = ORIENTED_EDGE ( 'NONE', *, *, #636, .F. ) ;
#2023 =( NAMED_UNIT ( * ) PLANE_ANGLE_UNIT ( ) SI_UNIT ( $, .RADIAN. ) );
#2024 = FACE_OUTER_BOUND ( 'NONE', #735, .T. ) ;
#2025 = VECTOR ( 'NONE', #1488, 100.0000000000000000 ) ;
#2026 = ORIENTED_EDGE ( 'NONE', *, *, #620, .T. ) ;
#2027 = COLOUR_RGB ( '',0.1019607843137254888, 0.1019607843137254888, 0.1019607843137254888 ) ;
#2028 = AXIS2_PLACEMENT_3D ( 'NONE', #103, #1150, #843 ) ;
#2029 = PRESENTATION_LAYER_ASSIGNMENT (  '', '', ( #1769 ) ) ;
#2030 = CARTESIAN_POINT ( 'NONE',  ( 0.04999999999999991257, 0.0000000000000000000, 0.8000000000000000444 ) ) ;
#2031 = CARTESIAN_POINT ( 'NONE',  ( -0.06003131717443468962, 0.02000000000000000042, 0.4103376530110829923 ) ) ;
#2032 = COLOUR_RGB ( '',0.1019607843137254888, 0.1019607843137254888, 0.1019607843137254888 ) ;
#2033 = VECTOR ( 'NONE', #1182, 100.0000000000000000 ) ;
#2034 = ADVANCED_FACE ( 'NONE', ( #1672 ), #679, .T. ) ;
#2035 = ORIENTED_EDGE ( 'NONE', *, *, #311, .T. ) ;
#2036 = CIRCLE ( 'NONE', #860, 0.2547114388012230446 ) ;
#2037 = PRESENTATION_STYLE_ASSIGNMENT (( #1395 ) ) ;
#2038 = VECTOR ( 'NONE', #1915, 100.0000000000000000 ) ;
#2039 =( NAMED_UNIT ( * ) SI_UNIT ( $, .STERADIAN. ) SOLID_ANGLE_UNIT ( ) );
#2040 = AXIS2_PLACEMENT_3D ( 'NONE', #1640, #1175, #1823 ) ;
#2041 = UNCERTAINTY_MEASURE_WITH_UNIT (LENGTH_MEASURE( 1.000000000000000082E-05 ), #606, 'distance_accuracy_value', 'NONE');
#2042 = FACE_OUTER_BOUND ( 'NONE', #796, .T. ) ;
#2043 = FILL_AREA_STYLE_COLOUR ( '', #934 ) ;
#2044 = EDGE_CURVE ( 'NONE', #1170, #1859, #1945, .T. ) ;
#2045 = PRODUCT_DEFINITION_SHAPE ( 'NONE', 'NONE',  #2061 ) ;
#2046 = EDGE_CURVE ( 'NONE', #1595, #1281, #435, .T. ) ;
#2047 = DIRECTION ( 'NONE',  ( 0.0000000000000000000, -0.0000000000000000000, -1.000000000000000000 ) ) ;
#2048 = SURFACE_STYLE_FILL_AREA ( #1718 ) ;
#2049 = ORIENTED_EDGE ( 'NONE', *, *, #848, .F. ) ;
#2050 = FILL_AREA_STYLE_COLOUR ( '', #360 ) ;
#2051 = DIRECTION ( 'NONE',  ( 1.000000000000000000, 0.0000000000000000000, -1.140612731871519894E-31 ) ) ;
#2052 = APPLICATION_CONTEXT ( 'automotive_design' ) ;
#2053 =( NAMED_UNIT ( * ) PLANE_ANGLE_UNIT ( ) SI_UNIT ( $, .RADIAN. ) );
#2054 = EDGE_CURVE ( 'NONE', #1666, #1787, #1853, .T. ) ;
#2055 = DIRECTION ( 'NONE',  ( 1.000000000000000000, 0.0000000000000000000, 0.0000000000000000000 ) ) ;
#2056 = UNCERTAINTY_MEASURE_WITH_UNIT (LENGTH_MEASURE( 1.000000000000000082E-05 ), #745, 'distance_accuracy_value', 'NONE');
#2057 = MECHANICAL_DESIGN_GEOMETRIC_PRESENTATION_REPRESENTATION (  '', ( #130 ), #1580 ) ;
#2058 = NEXT_ASSEMBLY_USAGE_OCCURRENCE ( 'NAUO1', ' ', ' ', #1485, #877, $ ) ;
#2059 = NEXT_ASSEMBLY_USAGE_OCCURRENCE ( 'NAUO2', ' ', ' ', #1485, #1533, $ ) ;
#2060 = NEXT_ASSEMBLY_USAGE_OCCURRENCE ( 'NAUO3', ' ', ' ', #1485, #877, $ ) ;
#2061 = NEXT_ASSEMBLY_USAGE_OCCURRENCE ( 'NAUO4', ' ', ' ', #1485, #1533, $ ) ;
#2062 = NEXT_ASSEMBLY_USAGE_OCCURRENCE ( 'NAUO5', ' ', ' ', #1485, #877, $ ) ;
#2063 = NEXT_ASSEMBLY_USAGE_OCCURRENCE ( 'NAUO6', ' ', ' ', #1485, #1533, $ ) ;
#2064 = NEXT_ASSEMBLY_USAGE_OCCURRENCE ( 'NAUO7', ' ', ' ', #1485, #877, $ ) ;
#2065 = NEXT_ASSEMBLY_USAGE_OCCURRENCE ( 'NAUO8', ' ', ' ', #1485, #1533, $ ) ;
#2066 = NEXT_ASSEMBLY_USAGE_OCCURRENCE ( 'NAUO9', ' ', ' ', #1485, #877, $ ) ;
#2067 = NEXT_ASSEMBLY_USAGE_OCCURRENCE ( 'NAUO10', ' ', ' ', #1485, #1533, $ ) ;
#2068 = NEXT_ASSEMBLY_USAGE_OCCURRENCE ( 'NAUO11', ' ', ' ', #1485, #877, $ ) ;
#2069 = NEXT_ASSEMBLY_USAGE_OCCURRENCE ( 'NAUO12', ' ', ' ', #1485, #1533, $ ) ;
ENDSEC;
END-ISO-10303-21;
