ISO-10303-21;
HEADER;
FILE_DESCRIPTION (( 'STEP AP214' ),
    '1' );
FILE_NAME ('User Library-SIL_Socket10_.STEP',
    '2026-08-28T19:35:11',
    ( '' ),
    ( '' ),
    'SwSTEP 2.0',
    'SolidWorks 2022',
    '' );
FILE_SCHEMA (( 'AUTOMOTIVE_DESIGN' ));
ENDSEC;

DATA;
#1 = SURFACE_STYLE_FILL_AREA ( #1975 ) ;
#2 = AXIS2_PLACEMENT_3D ( 'NONE', #8, #1110, #306 ) ;
#3 = ORIENTED_EDGE ( 'NONE', *, *, #308, .F. ) ;
#4 = LINE ( 'NONE', #497, #1973 ) ;
#5 =( REPRESENTATION_RELATIONSHIP ('NONE','NONE', #1403, #1782 ) REPRESENTATION_RELATIONSHIP_WITH_TRANSFORMATION ( #252 )SHAPE_REPRESENTATION_RELATIONSHIP( ) );
#6 =( NAMED_UNIT ( * ) PLANE_ANGLE_UNIT ( ) SI_UNIT ( $, .RADIAN. ) );
#7 = DIRECTION ( 'NONE',  ( 0.0000000000000000000, 1.000000000000000000, 0.0000000000000000000 ) ) ;
#8 = CARTESIAN_POINT ( 'NONE',  ( 1.270000000000000018, 0.0000000000000000000, 0.0000000000000000000 ) ) ;
#9 = SURFACE_STYLE_FILL_AREA ( #1314 ) ;
#10 = CARTESIAN_POINT ( 'NONE',  ( 0.1042803458142280149, -0.02000000000000000042, 0.4380777440661250410 ) ) ;
#11 = EDGE_CURVE ( 'NONE', #457, #240, #108, .T. ) ;
#12 = ORIENTED_EDGE ( 'NONE', *, *, #1626, .F. ) ;
#13 = DIRECTION ( 'NONE',  ( 0.0000000000000000000, 0.0000000000000000000, 1.000000000000000000 ) ) ;
#14 =( NAMED_UNIT ( * ) PLANE_ANGLE_UNIT ( ) SI_UNIT ( $, .RADIAN. ) );
#15 = CARTESIAN_POINT ( 'NONE',  ( -0.1042803458142280149, 0.02000000000000000042, 0.08882838487625122070 ) ) ;
#16 = UNCERTAINTY_MEASURE_WITH_UNIT (LENGTH_MEASURE( 1.000000000000000082E-05 ), #372, 'distance_accuracy_value', 'NONE');
#17 = CARTESIAN_POINT ( 'NONE',  ( 0.0000000000000000000, 0.0000000000000000000, 0.0000000000000000000 ) ) ;
#18 = PRODUCT_DEFINITION_SHAPE ( 'NONE', 'NONE',  #2132 ) ;
#19 = ORIENTED_EDGE ( 'NONE', *, *, #43, .F. ) ;
#20 = SURFACE_STYLE_FILL_AREA ( #935 ) ;
#21 = VECTOR ( 'NONE', #937, 100.0000000000000000 ) ;
#22 = VERTEX_POINT ( 'NONE', #430 ) ;
#23 =( GEOMETRIC_REPRESENTATION_CONTEXT ( 3 ) GLOBAL_UNCERTAINTY_ASSIGNED_CONTEXT ( ( #403 ) ) GLOBAL_UNIT_ASSIGNED_CONTEXT ( ( #1322, #490, #1336 ) ) REPRESENTATION_CONTEXT ( 'NONE', 'WORKASPACE' ) );
#24 = EDGE_CURVE ( 'NONE', #838, #279, #1954, .T. ) ;
#25 = PRESENTATION_LAYER_ASSIGNMENT (  '', '', ( #941 ) ) ;
#26 = VECTOR ( 'NONE', #103, 100.0000000000000000 ) ;
#27 = DIRECTION ( 'NONE',  ( -1.000000000000000000, 5.703063659357579763E-32, 5.703063659357603848E-32 ) ) ;
#28 = VECTOR ( 'NONE', #1462, 100.0000000000000000 ) ;
#29 = CARTESIAN_POINT ( 'NONE',  ( 0.05000000000000000278, 0.0000000000000000000, 0.7399999999999999911 ) ) ;
#30 = MECHANICAL_DESIGN_GEOMETRIC_PRESENTATION_REPRESENTATION (  '', ( #1734 ), #2076 ) ;
#31 = ORIENTED_EDGE ( 'NONE', *, *, #1862, .T. ) ;
#32 = DIRECTION ( 'NONE',  ( -1.000000000000000000, -2.078962154847970352E-32, 0.0000000000000000000 ) ) ;
#33 = FILL_AREA_STYLE ('',( #1516 ) ) ;
#34 =( LENGTH_UNIT ( ) NAMED_UNIT ( * ) SI_UNIT ( .CENTI., .METRE. ) );
#35 = AXIS2_PLACEMENT_3D ( 'NONE', #1106, #1460, #1286 ) ;
#36 = PRODUCT_DEFINITION_SHAPE ( 'NONE', 'NONE',  #2123 ) ;
#37 = ADVANCED_BREP_SHAPE_REPRESENTATION ( '', ( #330, #828 ), #555 ) ;
#38 = ORIENTED_EDGE ( 'NONE', *, *, #618, .T. ) ;
#39 = APPLICATION_CONTEXT ( 'automotive_design' ) ;
#40 = CARTESIAN_POINT ( 'NONE',  ( -0.1042803458142280149, -0.02000000000000000042, 0.4380777440661250410 ) ) ;
#41 = ORIENTED_EDGE ( 'NONE', *, *, #2091, .T. ) ;
#42 = LINE ( 'NONE', #677, #1768 ) ;
#43 = EDGE_CURVE ( 'NONE', #1990, #1325, #753, .T. ) ;
#44 = MECHANICAL_DESIGN_GEOMETRIC_PRESENTATION_REPRESENTATION (  '', ( #958 ), #2109 ) ;
#45 = CARTESIAN_POINT ( 'NONE',  ( 0.1000000000000000888, 0.1000000000000000056, 0.8500000000000000888 ) ) ;
#46 = UNCERTAINTY_MEASURE_WITH_UNIT (LENGTH_MEASURE( 1.000000000000000082E-05 ), #2077, 'distance_accuracy_value', 'NONE');
#47 = DIRECTION ( 'NONE',  ( -0.0000000000000000000, -1.000000000000000000, 0.0000000000000000000 ) ) ;
#48 = PRODUCT_CONTEXT ( 'NONE', #1133, 'mechanical' ) ;
#49 = VERTEX_POINT ( 'NONE', #1255 ) ;
#50 = SURFACE_STYLE_USAGE ( .BOTH. , #61 ) ;
#51 = CARTESIAN_POINT ( 'NONE',  ( 0.09428034581422810312, 0.02000000000000000042, 0.7973271032559993143 ) ) ;
#52 = ORIENTED_EDGE ( 'NONE', *, *, #24, .F. ) ;
#53 = LINE ( 'NONE', #1530, #366 ) ;
#54 = PLANE ( 'NONE',  #1086 ) ;
#55 = ORIENTED_EDGE ( 'NONE', *, *, #1143, .T. ) ;
#56 = FILL_AREA_STYLE_COLOUR ( '', #158 ) ;
#57 = DIRECTION ( 'NONE',  ( -0.0000000000000000000, -1.000000000000000000, -0.0000000000000000000 ) ) ;
#58 = SURFACE_STYLE_USAGE ( .BOTH. , #867 ) ;
#59 = CONTEXT_DEPENDENT_SHAPE_REPRESENTATION ( #556, #1026 ) ;
#60 = VERTEX_POINT ( 'NONE', #1924 ) ;
#61 = SURFACE_SIDE_STYLE ('',( #870 ) ) ;
#62 =( NAMED_UNIT ( * ) SI_UNIT ( $, .STERADIAN. ) SOLID_ANGLE_UNIT ( ) );
#63 = ORIENTED_EDGE ( 'NONE', *, *, #1579, .T. ) ;
#64 = SURFACE_STYLE_USAGE ( .BOTH. , #2026 ) ;
#65 = ORIENTED_EDGE ( 'NONE', *, *, #1844, .F. ) ;
#66 = LINE ( 'NONE', #890, #1582 ) ;
#67 = AXIS2_PLACEMENT_3D ( 'NONE', #2064, #1072, #1921 ) ;
#68 =( LENGTH_UNIT ( ) NAMED_UNIT ( * ) SI_UNIT ( .CENTI., .METRE. ) );
#69 = STYLED_ITEM ( 'NONE', ( #640 ), #428 ) ;
#70 = LINE ( 'NONE', #1169, #950 ) ;
#71 = CONTEXT_DEPENDENT_SHAPE_REPRESENTATION ( #1099, #1879 ) ;
#72 = STYLED_ITEM ( 'NONE', ( #396 ), #878 ) ;
#73 = VERTEX_POINT ( 'NONE', #234 ) ;
#74 = AXIS2_PLACEMENT_3D ( 'NONE', #426, #1424, #934 ) ;
#75 = CARTESIAN_POINT ( 'NONE',  ( 0.03244696269377490144, -0.02000000000000000042, -0.4391551009237280034 ) ) ;
#76 = SURFACE_STYLE_USAGE ( .BOTH. , #504 ) ;
#77 = EDGE_CURVE ( 'NONE', #508, #777, #1066, .T. ) ;
#78 = ORIENTED_EDGE ( 'NONE', *, *, #1877, .F. ) ;
#79 =( GEOMETRIC_REPRESENTATION_CONTEXT ( 3 ) GLOBAL_UNCERTAINTY_ASSIGNED_CONTEXT ( ( #524 ) ) GLOBAL_UNIT_ASSIGNED_CONTEXT ( ( #347, #707, #2031 ) ) REPRESENTATION_CONTEXT ( 'NONE', 'WORKASPACE' ) );
#80 = DIRECTION ( 'NONE',  ( 1.000000000000000000, 0.0000000000000000000, 0.0000000000000000000 ) ) ;
#81 = ORIENTED_EDGE ( 'NONE', *, *, #591, .F. ) ;
#82 = CYLINDRICAL_SURFACE ( 'NONE', #202, 0.009999999999999939493 ) ;
#83 = ITEM_DEFINED_TRANSFORMATION ( 'NONE', 'NONE', #1524,  #828 ) ;
#84 = CARTESIAN_POINT ( 'NONE',  ( -0.1042803458142280149, -0.02000000000000000042, 0.7873271032559990834 ) ) ;
#85 = LINE ( 'NONE', #1188, #1195 ) ;
#86 = EDGE_CURVE ( 'NONE', #500, #1190, #66, .T. ) ;
#87 = VERTEX_POINT ( 'NONE', #1696 ) ;
#88 = CARTESIAN_POINT ( 'NONE',  ( 0.06003131717443468962, -0.02000000000000000042, 0.2677666470408440191 ) ) ;
#89 = CARTESIAN_POINT ( 'NONE',  ( -0.07499999999999999722, 0.0000000000000000000, 0.8250000000000000666 ) ) ;
#90 = FACE_OUTER_BOUND ( 'NONE', #1017, .T. ) ;
#91 = UNCERTAINTY_MEASURE_WITH_UNIT (LENGTH_MEASURE( 1.000000000000000082E-05 ), #517, 'distance_accuracy_value', 'NONE');
#92 = DIRECTION ( 'NONE',  ( 0.3955455025629641130, 0.0000000000000000000, 0.9184463813430875367 ) ) ;
#93 = EDGE_CURVE ( 'NONE', #783, #508, #520, .T. ) ;
#94 = MECHANICAL_DESIGN_GEOMETRIC_PRESENTATION_REPRESENTATION (  '', ( #881 ), #1407 ) ;
#95 = EDGE_CURVE ( 'NONE', #1673, #337, #1358, .T. ) ;
#96 = PRESENTATION_LAYER_ASSIGNMENT (  '', '', ( #1012 ) ) ;
#97 = ITEM_DEFINED_TRANSFORMATION ( 'NONE', 'NONE', #729,  #828 ) ;
#98 = COLOUR_RGB ( '',0.8666666666666666963, 0.7725490196078431682, 0.2156862745098039325 ) ;
#99 =( NAMED_UNIT ( * ) SI_UNIT ( $, .STERADIAN. ) SOLID_ANGLE_UNIT ( ) );
#100 =( LENGTH_UNIT ( ) NAMED_UNIT ( * ) SI_UNIT ( .CENTI., .METRE. ) );
#101 = STYLED_ITEM ( 'NONE', ( #503 ), #1316 ) ;
#102 = FACE_OUTER_BOUND ( 'NONE', #1354, .T. ) ;
#103 = DIRECTION ( 'NONE',  ( 1.658928450709476921E-64, -7.979599084288239752E-33, -1.000000000000000000 ) ) ;
#104 =( GEOMETRIC_REPRESENTATION_CONTEXT ( 3 ) GLOBAL_UNCERTAINTY_ASSIGNED_CONTEXT ( ( #1666 ) ) GLOBAL_UNIT_ASSIGNED_CONTEXT ( ( #546, #2023, #1173 ) ) REPRESENTATION_CONTEXT ( 'NONE', 'WORKASPACE' ) );
#105 = CARTESIAN_POINT ( 'NONE',  ( 0.02687348134688750251, -0.02000000000000000042, -1.006546407085610051 ) ) ;
#106 = AXIS2_PLACEMENT_3D ( 'NONE', #214, #667, #1156 ) ;
#107 = VECTOR ( 'NONE', #1789, 100.0000000000000000 ) ;
#108 = LINE ( 'NONE', #629, #1231 ) ;
#109 = EDGE_CURVE ( 'NONE', #726, #457, #938, .T. ) ;
#110 = PRESENTATION_STYLE_ASSIGNMENT (( #569 ) ) ;
#111 =( GEOMETRIC_REPRESENTATION_CONTEXT ( 3 ) GLOBAL_UNCERTAINTY_ASSIGNED_CONTEXT ( ( #185 ) ) GLOBAL_UNIT_ASSIGNED_CONTEXT ( ( #100, #600, #932 ) ) REPRESENTATION_CONTEXT ( 'NONE', 'WORKASPACE' ) );
#112 = CONTEXT_DEPENDENT_SHAPE_REPRESENTATION ( #1855, #841 ) ;
#113 = UNCERTAINTY_MEASURE_WITH_UNIT (LENGTH_MEASURE( 1.000000000000000082E-05 ), #1448, 'distance_accuracy_value', 'NONE');
#114 = SHAPE_REPRESENTATION_RELATIONSHIP ( 'NONE' , 'NONE' ,  #1853, #37 ) ;
#115 = MECHANICAL_DESIGN_GEOMETRIC_PRESENTATION_REPRESENTATION (  '', ( #1775 ), #1061 ) ;
#116 =( LENGTH_UNIT ( ) NAMED_UNIT ( * ) SI_UNIT ( .CENTI., .METRE. ) );
#117 = DIRECTION ( 'NONE',  ( -0.0000000000000000000, 0.0000000000000000000, 1.000000000000000000 ) ) ;
#118 = VERTEX_POINT ( 'NONE', #1191 ) ;
#119 = EDGE_LOOP ( 'NONE', ( #1037, #218, #2117, #2114 ) ) ;
#120 = SURFACE_STYLE_FILL_AREA ( #1592 ) ;
#121 = PRODUCT_DEFINITION ( 'UNKNOWN', '', #443, #1947 ) ;
#122 =( REPRESENTATION_RELATIONSHIP ('NONE','NONE', #1403, #1782 ) REPRESENTATION_RELATIONSHIP_WITH_TRANSFORMATION ( #1910 )SHAPE_REPRESENTATION_RELATIONSHIP( ) );
#123 = LINE ( 'NONE', #421, #1758 ) ;
#124 = DIRECTION ( 'NONE',  ( 0.0000000000000000000, 0.0000000000000000000, 1.000000000000000000 ) ) ;
#125 = LINE ( 'NONE', #573, #1122 ) ;
#126 = DIRECTION ( 'NONE',  ( 0.0000000000000000000, 0.0000000000000000000, -1.000000000000000000 ) ) ;
#127 = PRODUCT_DEFINITION_SHAPE ( 'NONE', 'NONE',  #2141 ) ;
#128 = VERTEX_POINT ( 'NONE', #1867 ) ;
#129 = LINE ( 'NONE', #1446, #1970 ) ;
#130 = PRESENTATION_LAYER_ASSIGNMENT (  '', '', ( #714 ) ) ;
#131 = SURFACE_SIDE_STYLE ('',( #796 ) ) ;
#132 = ORIENTED_EDGE ( 'NONE', *, *, #1697, .T. ) ;
#133 = VECTOR ( 'NONE', #1502, 100.0000000000000000 ) ;
#134 = CARTESIAN_POINT ( 'NONE',  ( 0.03244696269377490144, 0.02000000000000000042, 0.02843064381840689978 ) ) ;
#135 =( NAMED_UNIT ( * ) PLANE_ANGLE_UNIT ( ) SI_UNIT ( $, .RADIAN. ) );
#136 = ADVANCED_FACE ( 'NONE', ( #1395 ), #1055, .F. ) ;
#137 = VECTOR ( 'NONE', #1015, 100.0000000000000000 ) ;
#138 = EDGE_LOOP ( 'NONE', ( #284, #1976, #1885, #1863 ) ) ;
#139 = COLOUR_RGB ( '',0.8666666666666666963, 0.7725490196078431682, 0.2156862745098039325 ) ;
#140 = ORIENTED_EDGE ( 'NONE', *, *, #976, .F. ) ;
#141 = CARTESIAN_POINT ( 'NONE',  ( 0.03244696269377574105, 0.02000000000000001082, -0.9671385867236962364 ) ) ;
#142 = MECHANICAL_DESIGN_GEOMETRIC_PRESENTATION_REPRESENTATION (  '', ( #2011 ), #1068 ) ;
#143 = CARTESIAN_POINT ( 'NONE',  ( 0.02130000000000010704, -0.02000000000000000042, -1.045954227447509988 ) ) ;
#144 = VERTEX_POINT ( 'NONE', #212 ) ;
#145 = FILL_AREA_STYLE ('',( #325 ) ) ;
#146 =( LENGTH_UNIT ( ) NAMED_UNIT ( * ) SI_UNIT ( .CENTI., .METRE. ) );
#147 = CARTESIAN_POINT ( 'NONE',  ( -0.1000000000000000472, 0.1000000000000000194, 0.8500000000000000888 ) ) ;
#148 = ORIENTED_EDGE ( 'NONE', *, *, #663, .T. ) ;
#149 = COLOUR_RGB ( '',0.8666666666666666963, 0.7725490196078431682, 0.2156862745098039325 ) ;
#150 = FILL_AREA_STYLE_COLOUR ( '', #635 ) ;
#151 = VERTEX_POINT ( 'NONE', #88 ) ;
#152 = SURFACE_STYLE_USAGE ( .BOTH. , #1672 ) ;
#153 = ORIENTED_EDGE ( 'NONE', *, *, #990, .T. ) ;
#154 = FILL_AREA_STYLE_COLOUR ( '', #1695 ) ;
#155 = ADVANCED_FACE ( 'NONE', ( #1023 ), #2066, .T. ) ;
#156 = CARTESIAN_POINT ( 'NONE',  ( 0.2982794916698709997, -0.02000000000000000042, 0.6429959744357269802 ) ) ;
#157 = DIRECTION ( 'NONE',  ( 1.000000000000000000, 0.0000000000000000000, 0.0000000000000000000 ) ) ;
#158 = COLOUR_RGB ( '',0.8666666666666666963, 0.7725490196078431682, 0.2156862745098039325 ) ;
#159 = PRESENTATION_STYLE_ASSIGNMENT (( #799 ) ) ;
#160 =( GEOMETRIC_REPRESENTATION_CONTEXT ( 3 ) GLOBAL_UNCERTAINTY_ASSIGNED_CONTEXT ( ( #242 ) ) GLOBAL_UNIT_ASSIGNED_CONTEXT ( ( #861, #1746, #2082 ) ) REPRESENTATION_CONTEXT ( 'NONE', 'WORKASPACE' ) );
#161 =( NAMED_UNIT ( * ) SI_UNIT ( $, .STERADIAN. ) SOLID_ANGLE_UNIT ( ) );
#162 = CARTESIAN_POINT ( 'NONE',  ( 0.06836365425400149631, -0.02000000000000000042, 0.08882838487625120683 ) ) ;
#163 =( GEOMETRIC_REPRESENTATION_CONTEXT ( 3 ) GLOBAL_UNCERTAINTY_ASSIGNED_CONTEXT ( ( #1965 ) ) GLOBAL_UNIT_ASSIGNED_CONTEXT ( ( #2113, #650, #626 ) ) REPRESENTATION_CONTEXT ( 'NONE', 'WORKASPACE' ) );
#164 = DIRECTION ( 'NONE',  ( -0.1400372197710414990, 0.0000000000000000000, -0.9901462402487811731 ) ) ;
#165 =( GEOMETRIC_REPRESENTATION_CONTEXT ( 3 ) GLOBAL_UNCERTAINTY_ASSIGNED_CONTEXT ( ( #445 ) ) GLOBAL_UNIT_ASSIGNED_CONTEXT ( ( #649, #286, #810 ) ) REPRESENTATION_CONTEXT ( 'NONE', 'WORKASPACE' ) );
#166 = EDGE_CURVE ( 'NONE', #2094, #2084, #1075, .T. ) ;
#167 = DIRECTION ( 'NONE',  ( 0.0000000000000000000, -1.000000000000000000, -0.0000000000000000000 ) ) ;
#168 =( NAMED_UNIT ( * ) PLANE_ANGLE_UNIT ( ) SI_UNIT ( $, .RADIAN. ) );
#169 = VECTOR ( 'NONE', #1683, 100.0000000000000000 ) ;
#170 = PLANE ( 'NONE',  #399 ) ;
#171 = DIRECTION ( 'NONE',  ( 0.0000000000000000000, 1.000000000000000000, 0.0000000000000000000 ) ) ;
#172 = AXIS2_PLACEMENT_3D ( 'NONE', #323, #811, #2111 ) ;
#173 = EDGE_LOOP ( 'NONE', ( #1786, #1812, #528, #489 ) ) ;
#174 = VECTOR ( 'NONE', #1148, 100.0000000000000000 ) ;
#175 = DIRECTION ( 'NONE',  ( -0.0000000000000000000, -0.0000000000000000000, -1.000000000000000000 ) ) ;
#176 = LINE ( 'NONE', #1208, #1616 ) ;
#177 = CARTESIAN_POINT ( 'NONE',  ( 0.09428034581422810312, -0.02000000000000000042, 0.7873271032559990834 ) ) ;
#178 = CARTESIAN_POINT ( 'NONE',  ( 1.016000000000000014, 0.0000000000000000000, 0.0000000000000000000 ) ) ;
#179 = ORIENTED_EDGE ( 'NONE', *, *, #312, .F. ) ;
#180 = SURFACE_SIDE_STYLE ('',( #1833 ) ) ;
#181 = EDGE_CURVE ( 'NONE', #144, #792, #449, .T. ) ;
#182 = ORIENTED_EDGE ( 'NONE', *, *, #193, .T. ) ;
#183 = DIRECTION ( 'NONE',  ( 0.0000000000000000000, 0.0000000000000000000, 1.000000000000000000 ) ) ;
#184 = CARTESIAN_POINT ( 'NONE',  ( 0.1000000000000000056, 0.1000000000000000056, 0.7399999999999999911 ) ) ;
#185 = UNCERTAINTY_MEASURE_WITH_UNIT (LENGTH_MEASURE( 1.000000000000000082E-05 ), #100, 'distance_accuracy_value', 'NONE');
#186 =( NAMED_UNIT ( * ) SI_UNIT ( $, .STERADIAN. ) SOLID_ANGLE_UNIT ( ) );
#187 = SURFACE_STYLE_USAGE ( .BOTH. , #1860 ) ;
#188 = SURFACE_SIDE_STYLE ('',( #384 ) ) ;
#189 = VECTOR ( 'NONE', #716, 100.0000000000000000 ) ;
#190 = ORIENTED_EDGE ( 'NONE', *, *, #793, .T. ) ;
#191 = DIRECTION ( 'NONE',  ( 0.0000000000000000000, 1.000000000000000000, -0.0000000000000000000 ) ) ;
#192 = AXIS2_PLACEMENT_3D ( 'NONE', #1544, #1391, #1380 ) ;
#193 = EDGE_CURVE ( 'NONE', #838, #1363, #986, .T. ) ;
#194 = STYLED_ITEM ( 'NONE', ( #159 ), #483 ) ;
#195 = DIRECTION ( 'NONE',  ( 0.0000000000000000000, 0.0000000000000000000, 1.000000000000000000 ) ) ;
#196 = VECTOR ( 'NONE', #498, 100.0000000000000000 ) ;
#197 = DIRECTION ( 'NONE',  ( 0.0000000000000000000, 0.0000000000000000000, -1.000000000000000000 ) ) ;
#198 = AXIS2_PLACEMENT_3D ( 'NONE', #751, #1922, #1928 ) ;
#199 = CARTESIAN_POINT ( 'NONE',  ( 9.462128050782550710E-19, -0.04999999999999991257, 0.8000000000000000444 ) ) ;
#200 = COLOUR_RGB ( '',0.1019607843137254888, 0.1019607843137254888, 0.1019607843137254888 ) ;
#201 = ITEM_DEFINED_TRANSFORMATION ( 'NONE', 'NONE', #172,  #828 ) ;
#202 = AXIS2_PLACEMENT_3D ( 'NONE', #1135, #1469, #965 ) ;
#203 = VERTEX_POINT ( 'NONE', #1326 ) ;
#204 = LINE ( 'NONE', #1515, #915 ) ;
#205 = DIRECTION ( 'NONE',  ( 1.000000000000000000, 0.0000000000000000000, 0.0000000000000000000 ) ) ;
#206 = CIRCLE ( 'NONE', #1522, 0.2547114388012230446 ) ;
#207 = PRODUCT_DEFINITION_SHAPE ( 'NONE', 'NONE',  #2125 ) ;
#208 = ORIENTED_EDGE ( 'NONE', *, *, #95, .F. ) ;
#209 = FILL_AREA_STYLE ('',( #1005 ) ) ;
#210 = CARTESIAN_POINT ( 'NONE',  ( -0.09428034581422810312, -0.02000000000000000042, 0.7873271032559990834 ) ) ;
#211 = ORIENTED_EDGE ( 'NONE', *, *, #1083, .F. ) ;
#212 = CARTESIAN_POINT ( 'NONE',  ( 0.1042803458142280149, 0.02000000000000000042, 0.08882838487625120683 ) ) ;
#213 =( NAMED_UNIT ( * ) SI_UNIT ( $, .STERADIAN. ) SOLID_ANGLE_UNIT ( ) );
#214 = CARTESIAN_POINT ( 'NONE',  ( 0.0000000000000000000, 0.1000000000000000056, 0.0000000000000000000 ) ) ;
#215 = ORIENTED_EDGE ( 'NONE', *, *, #2012, .T. ) ;
#216 = DIRECTION ( 'NONE',  ( 0.3955455025629631693, 0.0000000000000000000, -0.9184463813430878698 ) ) ;
#217 = DIRECTION ( 'NONE',  ( 0.3955455025629631693, 0.0000000000000000000, 0.9184463813430878698 ) ) ;
#218 = ORIENTED_EDGE ( 'NONE', *, *, #1602, .F. ) ;
#219 = DIRECTION ( 'NONE',  ( -1.000000000000000000, 0.0000000000000000000, -0.0000000000000000000 ) ) ;
#220 = FILL_AREA_STYLE ('',( #728 ) ) ;
#221 = ORIENTED_EDGE ( 'NONE', *, *, #2091, .F. ) ;
#222 = LINE ( 'NONE', #257, #689 ) ;
#223 = PLANE ( 'NONE',  #1827 ) ;
#224 = ADVANCED_FACE ( 'NONE', ( #311 ), #474, .T. ) ;
#225 = DIRECTION ( 'NONE',  ( 0.0000000000000000000, 0.0000000000000000000, 1.000000000000000000 ) ) ;
#226 = ITEM_DEFINED_TRANSFORMATION ( 'NONE', 'NONE', #785,  #828 ) ;
#227 = EDGE_LOOP ( 'NONE', ( #1633, #1504, #1529, #1022 ) ) ;
#228 = DIRECTION ( 'NONE',  ( 0.0000000000000000000, -0.0000000000000000000, 1.000000000000000000 ) ) ;
#229 = ORIENTED_EDGE ( 'NONE', *, *, #638, .F. ) ;
#230 = STYLED_ITEM ( 'NONE', ( #922 ), #155 ) ;
#231 = SURFACE_STYLE_FILL_AREA ( #1570 ) ;
#232 = STYLED_ITEM ( 'NONE', ( #2092 ), #402 ) ;
#233 = ORIENTED_EDGE ( 'NONE', *, *, #348, .T. ) ;
#234 = CARTESIAN_POINT ( 'NONE',  ( 0.1270000000000000018, -0.1270000000000000018, 0.8500000000000000888 ) ) ;
#235 = COLOUR_RGB ( '',0.8666666666666666963, 0.7725490196078431682, 0.2156862745098039325 ) ;
#236 = PRESENTATION_STYLE_ASSIGNMENT (( #1572 ) ) ;
#237 = AXIS2_PLACEMENT_3D ( 'NONE', #1687, #1364, #228 ) ;
#238 = COLOUR_RGB ( '',0.8666666666666666963, 0.7725490196078431682, 0.2156862745098039325 ) ;
#239 = ADVANCED_FACE ( 'NONE', ( #839 ), #482, .T. ) ;
#240 = VERTEX_POINT ( 'NONE', #1150 ) ;
#241 = SURFACE_STYLE_FILL_AREA ( #897 ) ;
#242 = UNCERTAINTY_MEASURE_WITH_UNIT (LENGTH_MEASURE( 1.000000000000000082E-05 ), #861, 'distance_accuracy_value', 'NONE');
#243 = DIRECTION ( 'NONE',  ( -1.000000000000000000, 0.0000000000000000000, -0.0000000000000000000 ) ) ;
#244 = DIRECTION ( 'NONE',  ( -0.9184463813430879808, 0.0000000000000000000, 0.3955455025629632249 ) ) ;
#245 = STYLED_ITEM ( 'NONE', ( #1471 ), #1457 ) ;
#246 = SURFACE_STYLE_USAGE ( .BOTH. , #1355 ) ;
#247 = FILL_AREA_STYLE_COLOUR ( '', #1900 ) ;
#248 = ORIENTED_EDGE ( 'NONE', *, *, #1793, .T. ) ;
#249 = VECTOR ( 'NONE', #1835, 100.0000000000000000 ) ;
#250 = SURFACE_STYLE_USAGE ( .BOTH. , #554 ) ;
#251 = VERTEX_POINT ( 'NONE', #1175 ) ;
#252 = ITEM_DEFINED_TRANSFORMATION ( 'NONE', 'NONE', #468,  #828 ) ;
#253 = LINE ( 'NONE', #1566, #1084 ) ;
#254 = PLANE ( 'NONE',  #946 ) ;
#255 = DIRECTION ( 'NONE',  ( -0.5773502691896249539, -0.5773502691896269523, 0.5773502691896253980 ) ) ;
#256 = EDGE_CURVE ( 'NONE', #22, #563, #1824, .T. ) ;
#257 = CARTESIAN_POINT ( 'NONE',  ( 0.1000000000000000056, -0.1000000000000000888, 0.8500000000000000888 ) ) ;
#258 = ITEM_DEFINED_TRANSFORMATION ( 'NONE', 'NONE', #305,  #828 ) ;
#259 = DIRECTION ( 'NONE',  ( -0.0000000000000000000, -1.000000000000000000, 0.0000000000000000000 ) ) ;
#260 =( LENGTH_UNIT ( ) NAMED_UNIT ( * ) SI_UNIT ( .CENTI., .METRE. ) );
#261 = ORIENTED_EDGE ( 'NONE', *, *, #181, .T. ) ;
#262 = LINE ( 'NONE', #593, #1154 ) ;
#263 = CARTESIAN_POINT ( 'NONE',  ( -0.1000000000000000056, 0.1000000000000000056, 0.0000000000000000000 ) ) ;
#264 = EDGE_CURVE ( 'NONE', #73, #1190, #662, .T. ) ;
#265 = STYLED_ITEM ( 'NONE', ( #2017 ), #333 ) ;
#266 = ITEM_DEFINED_TRANSFORMATION ( 'NONE', 'NONE', #1491,  #828 ) ;
#267 = MECHANICAL_DESIGN_GEOMETRIC_PRESENTATION_REPRESENTATION (  '', ( #368 ), #1825 ) ;
#268 =( LENGTH_UNIT ( ) NAMED_UNIT ( * ) SI_UNIT ( .CENTI., .METRE. ) );
#269 = MECHANICAL_DESIGN_GEOMETRIC_PRESENTATION_REPRESENTATION (  '', ( #72 ), #1053 ) ;
#270 = FILL_AREA_STYLE ('',( #404 ) ) ;
#271 = AXIS2_PLACEMENT_3D ( 'NONE', #1915, #602, #283 ) ;
#272 = SURFACE_SIDE_STYLE ('',( #2074 ) ) ;
#273 = DIRECTION ( 'NONE',  ( -1.000000000000000000, -2.078962154847970352E-32, 0.0000000000000000000 ) ) ;
#274 = MECHANICAL_DESIGN_GEOMETRIC_PRESENTATION_REPRESENTATION (  '', ( #1125 ), #2039 ) ;
#275 = EDGE_LOOP ( 'NONE', ( #494, #1178, #78, #1001 ) ) ;
#276 = AXIS2_PLACEMENT_3D ( 'NONE', #1087, #1766, #557 ) ;
#277 = STYLED_ITEM ( 'NONE', ( #1952 ), #1958 ) ;
#278 = EDGE_CURVE ( 'NONE', #1673, #1013, #674, .T. ) ;
#279 = VERTEX_POINT ( 'NONE', #1130 ) ;
#280 = PRESENTATION_STYLE_ASSIGNMENT (( #1398 ) ) ;
#281 = DIRECTION ( 'NONE',  ( 1.000000000000000000, 0.0000000000000000000, -0.0000000000000000000 ) ) ;
#282 = PLANE ( 'NONE',  #67 ) ;
#283 = DIRECTION ( 'NONE',  ( 0.0000000000000000000, 0.0000000000000000000, 1.000000000000000000 ) ) ;
#284 = ORIENTED_EDGE ( 'NONE', *, *, #440, .F. ) ;
#285 =( LENGTH_UNIT ( ) NAMED_UNIT ( * ) SI_UNIT ( .CENTI., .METRE. ) );
#286 =( NAMED_UNIT ( * ) PLANE_ANGLE_UNIT ( ) SI_UNIT ( $, .RADIAN. ) );
#287 = VERTEX_POINT ( 'NONE', #1813 ) ;
#288 =( LENGTH_UNIT ( ) NAMED_UNIT ( * ) SI_UNIT ( .CENTI., .METRE. ) );
#289 = PLANE ( 'NONE',  #1842 ) ;
#290 = CARTESIAN_POINT ( 'NONE',  ( 6.071532165918820208E-18, 0.02000000000000000042, 0.08882838487625120683 ) ) ;
#291 = ORIENTED_EDGE ( 'NONE', *, *, #93, .F. ) ;
#292 = STYLED_ITEM ( 'NONE', ( #1341 ), #224 ) ;
#293 =( LENGTH_UNIT ( ) NAMED_UNIT ( * ) SI_UNIT ( .CENTI., .METRE. ) );
#294 = UNCERTAINTY_MEASURE_WITH_UNIT (LENGTH_MEASURE( 1.000000000000000082E-05 ), #1822, 'distance_accuracy_value', 'NONE');
#295 = CARTESIAN_POINT ( 'NONE',  ( 0.06003131717443468962, 0.02000000000000000042, 0.2677666470408440191 ) ) ;
#296 = STYLED_ITEM ( 'NONE', ( #1715 ), #568 ) ;
#297 = ADVANCED_FACE ( 'NONE', ( #737 ), #1400, .F. ) ;
#298 = LINE ( 'NONE', #826, #743 ) ;
#299 = MECHANICAL_DESIGN_GEOMETRIC_PRESENTATION_REPRESENTATION (  '', ( #941 ), #539 ) ;
#300 = FILL_AREA_STYLE_COLOUR ( '', #718 ) ;
#301 = ORIENTED_EDGE ( 'NONE', *, *, #43, .T. ) ;
#302 = AXIS2_PLACEMENT_3D ( 'NONE', #1299, #1971, #322 ) ;
#303 = ORIENTED_EDGE ( 'NONE', *, *, #1151, .T. ) ;
#304 = CARTESIAN_POINT ( 'NONE',  ( 0.2982794916698709997, 0.02000000000000000042, 0.6429959744357269802 ) ) ;
#305 = AXIS2_PLACEMENT_3D ( 'NONE', #1637, #1791, #1137 ) ;
#306 = DIRECTION ( 'NONE',  ( 1.000000000000000000, 0.0000000000000000000, 0.0000000000000000000 ) ) ;
#307 = SURFACE_SIDE_STYLE ('',( #9 ) ) ;
#308 = EDGE_CURVE ( 'NONE', #783, #60, #85, .T. ) ;
#309 = CARTESIAN_POINT ( 'NONE',  ( -0.1000000000000000056, 0.1000000000000000056, 0.0000000000000000000 ) ) ;
#310 = ORIENTED_EDGE ( 'NONE', *, *, #676, .T. ) ;
#311 = FACE_OUTER_BOUND ( 'NONE', #173, .T. ) ;
#312 = EDGE_CURVE ( 'NONE', #1228, #500, #887, .T. ) ;
#313 = FACE_OUTER_BOUND ( 'NONE', #703, .T. ) ;
#314 = UNCERTAINTY_MEASURE_WITH_UNIT (LENGTH_MEASURE( 1.000000000000000082E-05 ), #567, 'distance_accuracy_value', 'NONE');
#315 = FILL_AREA_STYLE ('',( #1123 ) ) ;
#316 = CARTESIAN_POINT ( 'NONE',  ( 2.286000000000000032, 0.0000000000000000000, 0.0000000000000000000 ) ) ;
#317 = DIRECTION ( 'NONE',  ( 0.0000000000000000000, -0.7071067811865490160, -0.7071067811865460184 ) ) ;
#318 = CARTESIAN_POINT ( 'NONE',  ( 0.0000000000000000000, 0.0000000000000000000, 0.0000000000000000000 ) ) ;
#319 = ORIENTED_EDGE ( 'NONE', *, *, #618, .F. ) ;
#320 = CARTESIAN_POINT ( 'NONE',  ( -0.2982794916698709997, -0.02000000000000000042, 0.6429959744357269802 ) ) ;
#321 = EDGE_CURVE ( 'NONE', #1475, #1891, #53, .T. ) ;
#322 = DIRECTION ( 'NONE',  ( -0.1400372197710402777, 0.0000000000000000000, 0.9901462402487812842 ) ) ;
#323 = CARTESIAN_POINT ( 'NONE',  ( 0.5080000000000000071, 0.0000000000000000000, 0.0000000000000000000 ) ) ;
#324 = CLOSED_SHELL ( 'NONE', ( #1958, #1642, #1316, #1632, #2058, #916, #402, #852, #1247, #866, #428, #951, #1568, #297, #483, #1416, #1763, #1993, #709 ) ) ;
#325 = FILL_AREA_STYLE_COLOUR ( '', #1118 ) ;
#326 = FILL_AREA_STYLE ('',( #300 ) ) ;
#327 = CARTESIAN_POINT ( 'NONE',  ( 0.05000000000000000278, -0.05000000000000000278, 0.7399999999999999911 ) ) ;
#328 = ORIENTED_EDGE ( 'NONE', *, *, #1930, .F. ) ;
#329 = DIRECTION ( 'NONE',  ( 1.000000000000000000, 0.0000000000000000000, 0.0000000000000000000 ) ) ;
#330 = MANIFOLD_SOLID_BREP ( 'Imported1', #324 ) ;
#331 = COLOUR_RGB ( '',0.06666666666666666574, 0.06666666666666666574, 0.06666666666666666574 ) ;
#332 = CARTESIAN_POINT ( 'NONE',  ( -0.1270000000000000018, -0.1270000000000000018, 0.8500000000000000888 ) ) ;
#333 = MANIFOLD_SOLID_BREP ( 'Imported1', #1792 ) ;
#334 = AXIS2_PLACEMENT_3D ( 'NONE', #2086, #1077, #1720 ) ;
#335 =( NAMED_UNIT ( * ) PLANE_ANGLE_UNIT ( ) SI_UNIT ( $, .RADIAN. ) );
#336 = DIRECTION ( 'NONE',  ( 0.0000000000000000000, 0.0000000000000000000, 1.000000000000000000 ) ) ;
#337 = VERTEX_POINT ( 'NONE', #764 ) ;
#338 = PRESENTATION_LAYER_ASSIGNMENT (  '', '', ( #958 ) ) ;
#339 = DIRECTION ( 'NONE',  ( 0.0000000000000000000, 0.0000000000000000000, 1.000000000000000000 ) ) ;
#340 = SURFACE_STYLE_USAGE ( .BOTH. , #1453 ) ;
#341 = FILL_AREA_STYLE ('',( #1639 ) ) ;
#342 =( GEOMETRIC_REPRESENTATION_CONTEXT ( 3 ) GLOBAL_UNCERTAINTY_ASSIGNED_CONTEXT ( ( #809 ) ) GLOBAL_UNIT_ASSIGNED_CONTEXT ( ( #1913, #2063, #910 ) ) REPRESENTATION_CONTEXT ( 'NONE', 'WORKASPACE' ) );
#343 = VERTEX_POINT ( 'NONE', #778 ) ;
#344 = CARTESIAN_POINT ( 'NONE',  ( 0.1270000000000000018, 0.0000000000000000000, 0.8500000000000000888 ) ) ;
#345 = DIRECTION ( 'NONE',  ( -1.000000000000000000, 0.0000000000000000000, 0.0000000000000000000 ) ) ;
#346 = CARTESIAN_POINT ( 'NONE',  ( 0.1000000000000000056, -0.1000000000000000056, 0.0000000000000000000 ) ) ;
#347 =( LENGTH_UNIT ( ) NAMED_UNIT ( * ) SI_UNIT ( .CENTI., .METRE. ) );
#348 = EDGE_CURVE ( 'NONE', #2034, #1673, #1569, .T. ) ;
#349 = VERTEX_POINT ( 'NONE', #437 ) ;
#350 = FILL_AREA_STYLE_COLOUR ( '', #1684 ) ;
#351 = FACE_OUTER_BOUND ( 'NONE', #119, .T. ) ;
#352 =( LENGTH_UNIT ( ) NAMED_UNIT ( * ) SI_UNIT ( .CENTI., .METRE. ) );
#353 = ORIENTED_EDGE ( 'NONE', *, *, #2080, .F. ) ;
#354 =( NAMED_UNIT ( * ) SI_UNIT ( $, .STERADIAN. ) SOLID_ANGLE_UNIT ( ) );
#355 = PLANE ( 'NONE',  #74 ) ;
#356 = VERTEX_POINT ( 'NONE', #1784 ) ;
#357 = LINE ( 'NONE', #1882, #133 ) ;
#358 = APPLICATION_CONTEXT ( 'automotive_design' ) ;
#359 = ORIENTED_EDGE ( 'NONE', *, *, #679, .F. ) ;
#360 = SURFACE_STYLE_FILL_AREA ( #1224 ) ;
#361 = CARTESIAN_POINT ( 'NONE',  ( -0.2982794916698709997, -0.02000000000000000042, 0.6429959744357269802 ) ) ;
#362 = PLANE ( 'NONE',  #924 ) ;
#363 = AXIS2_PLACEMENT_3D ( 'NONE', #105, #1427, #1916 ) ;
#364 = PRODUCT_DEFINITION ( 'UNKNOWN', '', #1095, #1511 ) ;
#365 = ORIENTED_EDGE ( 'NONE', *, *, #603, .T. ) ;
#366 = VECTOR ( 'NONE', #219, 100.0000000000000000 ) ;
#367 = SURFACE_STYLE_FILL_AREA ( #220 ) ;
#368 = STYLED_ITEM ( 'NONE', ( #1197 ), #549 ) ;
#369 = ORIENTED_EDGE ( 'NONE', *, *, #1062, .F. ) ;
#370 = PRESENTATION_LAYER_ASSIGNMENT (  '', '', ( #1902 ) ) ;
#371 = PRESENTATION_LAYER_ASSIGNMENT (  '', '', ( #1762 ) ) ;
#372 =( LENGTH_UNIT ( ) NAMED_UNIT ( * ) SI_UNIT ( .CENTI., .METRE. ) );
#373 = EDGE_LOOP ( 'NONE', ( #447, #673, #1317, #2040 ) ) ;
#374 = FILL_AREA_STYLE_COLOUR ( '', #1021 ) ;
#375 = EDGE_LOOP ( 'NONE', ( #544, #912, #1349, #1944 ) ) ;
#376 = FILL_AREA_STYLE_COLOUR ( '', #1082 ) ;
#377 = DIRECTION ( 'NONE',  ( 1.000000000000000000, 0.0000000000000000000, 0.0000000000000000000 ) ) ;
#378 = ORIENTED_EDGE ( 'NONE', *, *, #166, .F. ) ;
#379 = EDGE_CURVE ( 'NONE', #417, #653, #262, .T. ) ;
#380 = CARTESIAN_POINT ( 'NONE',  ( -0.06003131717443468962, -0.02000000000000000042, 0.4103376530110829923 ) ) ;
#381 =( NAMED_UNIT ( * ) PLANE_ANGLE_UNIT ( ) SI_UNIT ( $, .RADIAN. ) );
#382 = DIRECTION ( 'NONE',  ( 0.0000000000000000000, 1.000000000000000000, 0.0000000000000000000 ) ) ;
#383 = ORIENTED_EDGE ( 'NONE', *, *, #1003, .F. ) ;
#384 = SURFACE_STYLE_FILL_AREA ( #849 ) ;
#385 = ORIENTED_EDGE ( 'NONE', *, *, #1777, .T. ) ;
#386 = SURFACE_STYLE_FILL_AREA ( #209 ) ;
#387 = VERTEX_POINT ( 'NONE', #1092 ) ;
#388 = DIRECTION ( 'NONE',  ( 0.0000000000000000000, 0.0000000000000000000, 1.000000000000000000 ) ) ;
#389 = EDGE_CURVE ( 'NONE', #251, #860, #1235, .T. ) ;
#390 = PRODUCT_DEFINITION_SHAPE ( 'NONE', 'NONE',  #2131 ) ;
#391 = FILL_AREA_STYLE ('',( #1742 ) ) ;
#392 = SHAPE_DEFINITION_REPRESENTATION ( #1076, #1782 ) ;
#393 = ORIENTED_EDGE ( 'NONE', *, *, #11, .F. ) ;
#394 = ORIENTED_EDGE ( 'NONE', *, *, #1230, .T. ) ;
#395 =( LENGTH_UNIT ( ) NAMED_UNIT ( * ) SI_UNIT ( .CENTI., .METRE. ) );
#396 = PRESENTATION_STYLE_ASSIGNMENT (( #1219 ) ) ;
#397 = VECTOR ( 'NONE', #1597, 100.0000000000000000 ) ;
#398 = ORIENTED_EDGE ( 'NONE', *, *, #1610, .T. ) ;
#399 = AXIS2_PLACEMENT_3D ( 'NONE', #790, #1291, #2121 ) ;
#400 = VECTOR ( 'NONE', #273, 100.0000000000000000 ) ;
#401 = SURFACE_SIDE_STYLE ('',( #241 ) ) ;
#402 = ADVANCED_FACE ( 'NONE', ( #102 ), #282, .T. ) ;
#403 = UNCERTAINTY_MEASURE_WITH_UNIT (LENGTH_MEASURE( 1.000000000000000082E-05 ), #1322, 'distance_accuracy_value', 'NONE');
#404 = FILL_AREA_STYLE_COLOUR ( '', #2075 ) ;
#405 = SURFACE_STYLE_USAGE ( .BOTH. , #272 ) ;
#406 = COLOUR_RGB ( '',0.06666666666666666574, 0.06666666666666666574, 0.06666666666666666574 ) ;
#407 = LINE ( 'NONE', #613, #1618 ) ;
#408 = DIRECTION ( 'NONE',  ( 0.0000000000000000000, 1.000000000000000000, 0.0000000000000000000 ) ) ;
#409 = VECTOR ( 'NONE', #197, 100.0000000000000000 ) ;
#410 =( NAMED_UNIT ( * ) SI_UNIT ( $, .STERADIAN. ) SOLID_ANGLE_UNIT ( ) );
#411 = SURFACE_SIDE_STYLE ('',( #1450 ) ) ;
#412 = CARTESIAN_POINT ( 'NONE',  ( 6.071532165918820208E-18, -0.02000000000000000042, 0.02843064381840689978 ) ) ;
#413 = MECHANICAL_DESIGN_GEOMETRIC_PRESENTATION_REPRESENTATION (  '', ( #1352 ), #111 ) ;
#414 = LINE ( 'NONE', #1100, #1476 ) ;
#415 = PRESENTATION_STYLE_ASSIGNMENT (( #599 ) ) ;
#416 = ADVANCED_FACE ( 'NONE', ( #612 ), #1080, .T. ) ;
#417 = VERTEX_POINT ( 'NONE', #1671 ) ;
#418 =( NAMED_UNIT ( * ) PLANE_ANGLE_UNIT ( ) SI_UNIT ( $, .RADIAN. ) );
#419 = CARTESIAN_POINT ( 'NONE',  ( 0.0000000000000000000, 0.02000000000000000042, 0.2677666470408440191 ) ) ;
#420 =( NAMED_UNIT ( * ) SI_UNIT ( $, .STERADIAN. ) SOLID_ANGLE_UNIT ( ) );
#421 = CARTESIAN_POINT ( 'NONE',  ( -0.07256359958761600393, -0.02000000000000000042, 0.7621829240858799537 ) ) ;
#422 = LINE ( 'NONE', #1770, #1301 ) ;
#423 = PRODUCT ( 'SIL_Socket_Body', 'SIL_Socket_Body', '', ( #668 ) ) ;
#424 =( NAMED_UNIT ( * ) SI_UNIT ( $, .STERADIAN. ) SOLID_ANGLE_UNIT ( ) );
#425 = PRODUCT_RELATED_PRODUCT_CATEGORY ( 'part', '', ( #1422 ) ) ;
#426 = CARTESIAN_POINT ( 'NONE',  ( 0.1000000000000000056, 0.0000000000000000000, 0.0000000000000000000 ) ) ;
#427 = ORIENTED_EDGE ( 'NONE', *, *, #1396, .T. ) ;
#428 = ADVANCED_FACE ( 'NONE', ( #959 ), #170, .F. ) ;
#429 = VECTOR ( 'NONE', #2006, 100.0000000000000000 ) ;
#430 = CARTESIAN_POINT ( 'NONE',  ( -0.1270000000000000018, -0.1270000000000000018, 0.0000000000000000000 ) ) ;
#431 = AXIS2_PLACEMENT_3D ( 'NONE', #1411, #1146, #339 ) ;
#432 = SURFACE_STYLE_USAGE ( .BOTH. , #2048 ) ;
#433 = VECTOR ( 'NONE', #259, 100.0000000000000000 ) ;
#434 = DIRECTION ( 'NONE',  ( -0.0000000000000000000, 0.0000000000000000000, -1.000000000000000000 ) ) ;
#435 = VECTOR ( 'NONE', #1370, 100.0000000000000000 ) ;
#436 = VECTOR ( 'NONE', #800, 100.0000000000000000 ) ;
#437 = CARTESIAN_POINT ( 'NONE',  ( 0.06003131717443462717, 0.02000000000000000042, 0.7330832898901309402 ) ) ;
#438 = AXIS2_PLACEMENT_3D ( 'NONE', #1494, #7, #944 ) ;
#439 = ADVANCED_BREP_SHAPE_REPRESENTATION ( '', ( #333, #828 ), #342 ) ;
#440 = EDGE_CURVE ( 'NONE', #118, #22, #298, .T. ) ;
#441 = VERTEX_POINT ( 'NONE', #969 ) ;
#442 = CARTESIAN_POINT ( 'NONE',  ( 0.09428034581422810312, -0.02000000000000000042, 0.7973271032559993143 ) ) ;
#443 = PRODUCT_DEFINITION_FORMATION_WITH_SPECIFIED_SOURCE ( 'ANY', '', #1186, .NOT_KNOWN. ) ;
#444 = PLANE ( 'NONE',  #606 ) ;
#445 = UNCERTAINTY_MEASURE_WITH_UNIT (LENGTH_MEASURE( 1.000000000000000082E-05 ), #649, 'distance_accuracy_value', 'NONE');
#446 = FILL_AREA_STYLE_COLOUR ( '', #1163 ) ;
#447 = ORIENTED_EDGE ( 'NONE', *, *, #264, .F. ) ;
#448 = CARTESIAN_POINT ( 'NONE',  ( -0.1000000000000000472, -0.1000000000000000194, 0.8500000000000000888 ) ) ;
#449 = LINE ( 'NONE', #290, #21 ) ;
#450 = ORIENTED_EDGE ( 'NONE', *, *, #1897, .F. ) ;
#451 = EDGE_CURVE ( 'NONE', #994, #1543, #1483, .T. ) ;
#452 = DIRECTION ( 'NONE',  ( 0.0000000000000000000, 0.0000000000000000000, 1.000000000000000000 ) ) ;
#453 = CARTESIAN_POINT ( 'NONE',  ( -0.09428034581422810312, -0.02000000000000000042, 0.7973271032559989813 ) ) ;
#454 = DIRECTION ( 'NONE',  ( 0.0000000000000000000, -1.000000000000000000, -0.0000000000000000000 ) ) ;
#455 = CARTESIAN_POINT ( 'NONE',  ( -0.1270000000000000018, 0.0000000000000000000, 0.8500000000000000888 ) ) ;
#456 = ORIENTED_EDGE ( 'NONE', *, *, #1923, .F. ) ;
#457 = VERTEX_POINT ( 'NONE', #453 ) ;
#458 = LINE ( 'NONE', #930, #1415 ) ;
#459 = FACE_OUTER_BOUND ( 'NONE', #628, .T. ) ;
#460 = DIRECTION ( 'NONE',  ( 1.000000000000000000, 0.0000000000000000000, 0.0000000000000000000 ) ) ;
#461 = EDGE_CURVE ( 'NONE', #563, #947, #1464, .T. ) ;
#462 = MECHANICAL_DESIGN_GEOMETRIC_PRESENTATION_REPRESENTATION (  '', ( #1615 ), #577 ) ;
#463 = VECTOR ( 'NONE', #92, 100.0000000000000000 ) ;
#464 = DIRECTION ( 'NONE',  ( 0.0000000000000000000, -0.0000000000000000000, -1.000000000000000000 ) ) ;
#465 = CIRCLE ( 'NONE', #645, 0.2547114388012230446 ) ;
#466 = AXIS2_PLACEMENT_3D ( 'NONE', #509, #345, #1675 ) ;
#467 =( NAMED_UNIT ( * ) SI_UNIT ( $, .STERADIAN. ) SOLID_ANGLE_UNIT ( ) );
#468 = AXIS2_PLACEMENT_3D ( 'NONE', #625, #979, #1157 ) ;
#469 =( LENGTH_UNIT ( ) NAMED_UNIT ( * ) SI_UNIT ( .CENTI., .METRE. ) );
#470 = DIRECTION ( 'NONE',  ( 0.0000000000000000000, 0.0000000000000000000, 1.000000000000000000 ) ) ;
#471 = EDGE_LOOP ( 'NONE', ( #1161, #1776, #229, #1722 ) ) ;
#472 = LINE ( 'NONE', #2078, #1441 ) ;
#473 = EDGE_CURVE ( 'NONE', #343, #860, #472, .T. ) ;
#474 = CYLINDRICAL_SURFACE ( 'NONE', #974, 0.2547114388012230446 ) ;
#475 = PRESENTATION_STYLE_ASSIGNMENT (( #432 ) ) ;
#476 = PRESENTATION_STYLE_ASSIGNMENT (( #1059 ) ) ;
#477 = CARTESIAN_POINT ( 'NONE',  ( 2.286000000000000032, 0.0000000000000000000, 0.0000000000000000000 ) ) ;
#478 = SURFACE_STYLE_USAGE ( .BOTH. , #180 ) ;
#479 = CARTESIAN_POINT ( 'NONE',  ( 0.1270000000000000018, 0.1270000000000000018, 0.8500000000000000888 ) ) ;
#480 = DIRECTION ( 'NONE',  ( -0.1400372197710402777, 0.0000000000000000000, 0.9901462402487812842 ) ) ;
#481 = ORIENTED_EDGE ( 'NONE', *, *, #837, .T. ) ;
#482 = PLANE ( 'NONE',  #1719 ) ;
#483 = ADVANCED_FACE ( 'NONE', ( #1139 ), #1809, .T. ) ;
#484 = LINE ( 'NONE', #1620, #1929 ) ;
#485 =( GEOMETRIC_REPRESENTATION_CONTEXT ( 3 ) GLOBAL_UNCERTAINTY_ASSIGNED_CONTEXT ( ( #1489 ) ) GLOBAL_UNIT_ASSIGNED_CONTEXT ( ( #1605, #1787, #586 ) ) REPRESENTATION_CONTEXT ( 'NONE', 'WORKASPACE' ) );
#486 = SURFACE_STYLE_FILL_AREA ( #1846 ) ;
#487 = DIRECTION ( 'NONE',  ( 1.000000000000000000, 0.0000000000000000000, 0.0000000000000000000 ) ) ;
#488 = STYLED_ITEM ( 'NONE', ( #701 ), #297 ) ;
#489 = ORIENTED_EDGE ( 'NONE', *, *, #379, .T. ) ;
#490 =( NAMED_UNIT ( * ) PLANE_ANGLE_UNIT ( ) SI_UNIT ( $, .RADIAN. ) );
#491 = VECTOR ( 'NONE', #919, 100.0000000000000000 ) ;
#492 = FILL_AREA_STYLE ('',( #960 ) ) ;
#493 = PRESENTATION_STYLE_ASSIGNMENT (( #1988 ) ) ;
#494 = ORIENTED_EDGE ( 'NONE', *, *, #1507, .F. ) ;
#495 = UNCERTAINTY_MEASURE_WITH_UNIT (LENGTH_MEASURE( 1.000000000000000082E-05 ), #146, 'distance_accuracy_value', 'NONE');
#496 = VECTOR ( 'NONE', #27, 100.0000000000000000 ) ;
#497 = CARTESIAN_POINT ( 'NONE',  ( 0.1000000000000000056, 0.0000000000000000000, 0.7399999999999999911 ) ) ;
#498 = DIRECTION ( 'NONE',  ( -0.5773502691896269523, -0.5773502691896249539, -0.5773502691896253980 ) ) ;
#499 = CONTEXT_DEPENDENT_SHAPE_REPRESENTATION ( #942, #705 ) ;
#500 = VERTEX_POINT ( 'NONE', #1172 ) ;
#501 = COLOUR_RGB ( '',0.8666666666666666963, 0.7725490196078431682, 0.2156862745098039325 ) ;
#502 =( LENGTH_UNIT ( ) NAMED_UNIT ( * ) SI_UNIT ( .CENTI., .METRE. ) );
#503 = PRESENTATION_STYLE_ASSIGNMENT (( #1375 ) ) ;
#504 = SURFACE_SIDE_STYLE ('',( #1031 ) ) ;
#505 = UNCERTAINTY_MEASURE_WITH_UNIT (LENGTH_MEASURE( 1.000000000000000082E-05 ), #285, 'distance_accuracy_value', 'NONE');
#506 = ORIENTED_EDGE ( 'NONE', *, *, #1593, .T. ) ;
#507 = STYLED_ITEM ( 'NONE', ( #493 ), #2058 ) ;
#508 = VERTEX_POINT ( 'NONE', #1014 ) ;
#509 = CARTESIAN_POINT ( 'NONE',  ( 0.06003131717443468962, -0.02000000000000000042, 0.4103376530110829923 ) ) ;
#510 =( NAMED_UNIT ( * ) SI_UNIT ( $, .STERADIAN. ) SOLID_ANGLE_UNIT ( ) );
#511 = LINE ( 'NONE', #29, #1240 ) ;
#512 = CONTEXT_DEPENDENT_SHAPE_REPRESENTATION ( #1668, #1698 ) ;
#513 = ORIENTED_EDGE ( 'NONE', *, *, #1610, .F. ) ;
#514 = CARTESIAN_POINT ( 'NONE',  ( -0.06003131717443468962, -0.02000000000000000042, 0.5529086589813230201 ) ) ;
#515 = FILL_AREA_STYLE_COLOUR ( '', #2049 ) ;
#516 = ORIENTED_EDGE ( 'NONE', *, *, #1739, .T. ) ;
#517 =( LENGTH_UNIT ( ) NAMED_UNIT ( * ) SI_UNIT ( .CENTI., .METRE. ) );
#518 = DIRECTION ( 'NONE',  ( 0.0000000000000000000, 0.0000000000000000000, -1.000000000000000000 ) ) ;
#519 = ORIENTED_EDGE ( 'NONE', *, *, #95, .T. ) ;
#520 = LINE ( 'NONE', #731, #189 ) ;
#521 = PRODUCT_DEFINITION_SHAPE ( 'NONE', 'NONE',  #2124 ) ;
#522 = DIRECTION ( 'NONE',  ( -1.000000000000000000, -0.0000000000000000000, 1.140612731871519894E-31 ) ) ;
#523 = PLANE ( 'NONE',  #1966 ) ;
#524 = UNCERTAINTY_MEASURE_WITH_UNIT (LENGTH_MEASURE( 1.000000000000000082E-05 ), #347, 'distance_accuracy_value', 'NONE');
#525 = PLANE ( 'NONE',  #106 ) ;
#526 = APPLICATION_PROTOCOL_DEFINITION ( 'draft international standard', 'automotive_design', 1998, #358 ) ;
#527 = DIRECTION ( 'NONE',  ( 0.7071067811865490160, 0.0000000000000000000, -0.7071067811865460184 ) ) ;
#528 = ORIENTED_EDGE ( 'NONE', *, *, #1251, .F. ) ;
#529 = CARTESIAN_POINT ( 'NONE',  ( 0.1000000000000000472, -0.1000000000000000194, 0.8500000000000000888 ) ) ;
#530 = CARTESIAN_POINT ( 'NONE',  ( -0.04999999999999998890, -0.04999999999999998890, 0.8000000000000000444 ) ) ;
#531 = VECTOR ( 'NONE', #595, 100.0000000000000000 ) ;
#532 = EDGE_CURVE ( 'NONE', #1004, #1105, #204, .T. ) ;
#533 = VERTEX_POINT ( 'NONE', #1350 ) ;
#534 = VECTOR ( 'NONE', #191, 100.0000000000000000 ) ;
#535 = VECTOR ( 'NONE', #1436, 100.0000000000000000 ) ;
#536 = ORIENTED_EDGE ( 'NONE', *, *, #1943, .F. ) ;
#537 = PRESENTATION_LAYER_ASSIGNMENT (  '', '', ( #1120 ) ) ;
#538 =( NAMED_UNIT ( * ) SI_UNIT ( $, .STERADIAN. ) SOLID_ANGLE_UNIT ( ) );
#539 =( GEOMETRIC_REPRESENTATION_CONTEXT ( 3 ) GLOBAL_UNCERTAINTY_ASSIGNED_CONTEXT ( ( #1912 ) ) GLOBAL_UNIT_ASSIGNED_CONTEXT ( ( #1203, #1367, #1893 ) ) REPRESENTATION_CONTEXT ( 'NONE', 'WORKASPACE' ) );
#540 = DIRECTION ( 'NONE',  ( -1.000000000000000000, 0.0000000000000000000, -0.0000000000000000000 ) ) ;
#541 = CARTESIAN_POINT ( 'NONE',  ( 0.0000000000000000000, 0.1000000000000000056, 0.0000000000000000000 ) ) ;
#542 = APPLICATION_PROTOCOL_DEFINITION ( 'draft international standard', 'automotive_design', 1998, #1249 ) ;
#543 = COLOUR_RGB ( '',0.1019607843137254888, 0.1019607843137254888, 0.1019607843137254888 ) ;
#544 = ORIENTED_EDGE ( 'NONE', *, *, #1346, .T. ) ;
#545 =( LENGTH_UNIT ( ) NAMED_UNIT ( * ) SI_UNIT ( .CENTI., .METRE. ) );
#546 =( LENGTH_UNIT ( ) NAMED_UNIT ( * ) SI_UNIT ( .CENTI., .METRE. ) );
#547 = VECTOR ( 'NONE', #522, 100.0000000000000000 ) ;
#548 = VERTEX_POINT ( 'NONE', #529 ) ;
#549 = ADVANCED_FACE ( 'NONE', ( #2001 ), #1703, .T. ) ;
#550 = SURFACE_SIDE_STYLE ('',( #367 ) ) ;
#551 = AXIS2_PLACEMENT_3D ( 'NONE', #1949, #2120, #1321 ) ;
#552 = ORIENTED_EDGE ( 'NONE', *, *, #1377, .T. ) ;
#553 = CARTESIAN_POINT ( 'NONE',  ( -0.03244696269377490144, -0.02000000000000000042, -0.4391551009237280034 ) ) ;
#554 = SURFACE_SIDE_STYLE ('',( #1402 ) ) ;
#555 =( GEOMETRIC_REPRESENTATION_CONTEXT ( 3 ) GLOBAL_UNCERTAINTY_ASSIGNED_CONTEXT ( ( #1645 ) ) GLOBAL_UNIT_ASSIGNED_CONTEXT ( ( #352, #1376, #685 ) ) REPRESENTATION_CONTEXT ( 'NONE', 'WORKASPACE' ) );
#556 =( REPRESENTATION_RELATIONSHIP ('NONE','NONE', #1403, #1853 ) REPRESENTATION_RELATIONSHIP_WITH_TRANSFORMATION ( #1181 )SHAPE_REPRESENTATION_RELATIONSHIP( ) );
#557 = DIRECTION ( 'NONE',  ( 0.0000000000000000000, -0.0000000000000000000, 1.000000000000000000 ) ) ;
#558 = DIRECTION ( 'NONE',  ( 1.000000000000000000, 0.0000000000000000000, 0.0000000000000000000 ) ) ;
#559 = ORIENTED_EDGE ( 'NONE', *, *, #1044, .T. ) ;
#560 = CARTESIAN_POINT ( 'NONE',  ( 0.09428034581422810312, -0.02000000000000000042, 0.7873271032559990834 ) ) ;
#561 = UNCERTAINTY_MEASURE_WITH_UNIT (LENGTH_MEASURE( 1.000000000000000082E-05 ), #395, 'distance_accuracy_value', 'NONE');
#562 = PLANE ( 'NONE',  #720 ) ;
#563 = VERTEX_POINT ( 'NONE', #2014 ) ;
#564 = LINE ( 'NONE', #40, #1382 ) ;
#565 = ORIENTED_EDGE ( 'NONE', *, *, #1302, .F. ) ;
#566 = SURFACE_SIDE_STYLE ('',( #1205 ) ) ;
#567 =( LENGTH_UNIT ( ) NAMED_UNIT ( * ) SI_UNIT ( .CENTI., .METRE. ) );
#568 = ADVANCED_FACE ( 'NONE', ( #1038 ), #2051, .T. ) ;
#569 = SURFACE_STYLE_USAGE ( .BOTH. , #1222 ) ;
#570 = DIRECTION ( 'NONE',  ( -0.0000000000000000000, 1.000000000000000000, 0.0000000000000000000 ) ) ;
#571 = CARTESIAN_POINT ( 'NONE',  ( -0.09428034581422810312, 0.02000000000000000042, 0.7873271032559990834 ) ) ;
#572 = SHAPE_REPRESENTATION_RELATIONSHIP ( 'NONE' , 'NONE' ,  #1782, #439 ) ;
#573 = CARTESIAN_POINT ( 'NONE',  ( -0.05000000000000000278, -0.04999999999999991257, 0.8000000000000000444 ) ) ;
#574 =( GEOMETRIC_REPRESENTATION_CONTEXT ( 3 ) GLOBAL_UNCERTAINTY_ASSIGNED_CONTEXT ( ( #906 ) ) GLOBAL_UNIT_ASSIGNED_CONTEXT ( ( #1838, #1641, #830 ) ) REPRESENTATION_CONTEXT ( 'NONE', 'WORKASPACE' ) );
#575 = CARTESIAN_POINT ( 'NONE',  ( -0.09428034581422810312, -0.02000000000000000042, 0.7873271032559990834 ) ) ;
#576 = VECTOR ( 'NONE', #1088, 100.0000000000000142 ) ;
#577 =( GEOMETRIC_REPRESENTATION_CONTEXT ( 3 ) GLOBAL_UNCERTAINTY_ASSIGNED_CONTEXT ( ( #2036 ) ) GLOBAL_UNIT_ASSIGNED_CONTEXT ( ( #293, #6, #1144 ) ) REPRESENTATION_CONTEXT ( 'NONE', 'WORKASPACE' ) );
#578 = EDGE_CURVE ( 'NONE', #972, #2034, #1047, .T. ) ;
#579 = CONTEXT_DEPENDENT_SHAPE_REPRESENTATION ( #658, #1008 ) ;
#580 =( NAMED_UNIT ( * ) SI_UNIT ( $, .STERADIAN. ) SOLID_ANGLE_UNIT ( ) );
#581 = STYLED_ITEM ( 'NONE', ( #2072 ), #1440 ) ;
#582 = SURFACE_STYLE_USAGE ( .BOTH. , #1725 ) ;
#583 = MECHANICAL_DESIGN_GEOMETRIC_PRESENTATION_REPRESENTATION (  '', ( #1307 ), #1621 ) ;
#584 =( LENGTH_UNIT ( ) NAMED_UNIT ( * ) SI_UNIT ( .CENTI., .METRE. ) );
#585 = DIRECTION ( 'NONE',  ( -0.0000000000000000000, 1.000000000000000000, 0.0000000000000000000 ) ) ;
#586 =( NAMED_UNIT ( * ) SI_UNIT ( $, .STERADIAN. ) SOLID_ANGLE_UNIT ( ) );
#587 = CIRCLE ( 'NONE', #1765, 0.01000000000000028644 ) ;
#588 = DIRECTION ( 'NONE',  ( -2.078962154847970352E-32, 1.000000000000000000, -7.979599084288239752E-33 ) ) ;
#589 = CARTESIAN_POINT ( 'NONE',  ( -6.308085367188389609E-19, 0.0000000000000000000, 0.7399999999999999911 ) ) ;
#590 = DIRECTION ( 'NONE',  ( 1.000000000000000000, 0.0000000000000000000, -1.140612731871519894E-31 ) ) ;
#591 = EDGE_CURVE ( 'NONE', #337, #1617, #926, .T. ) ;
#592 = ORIENTED_EDGE ( 'NONE', *, *, #1151, .F. ) ;
#593 = CARTESIAN_POINT ( 'NONE',  ( -0.06003131717443468962, -0.02000000000000000042, 0.7330832898901310513 ) ) ;
#594 = DIRECTION ( 'NONE',  ( 0.0000000000000000000, 1.000000000000000000, -0.0000000000000000000 ) ) ;
#595 = DIRECTION ( 'NONE',  ( 0.0000000000000000000, -0.0000000000000000000, 1.000000000000000000 ) ) ;
#596 = ITEM_DEFINED_TRANSFORMATION ( 'NONE', 'NONE', #1771,  #828 ) ;
#597 = SURFACE_STYLE_USAGE ( .BOTH. , #1754 ) ;
#598 = UNCERTAINTY_MEASURE_WITH_UNIT (LENGTH_MEASURE( 1.000000000000000082E-05 ), #288, 'distance_accuracy_value', 'NONE');
#599 = SURFACE_STYLE_USAGE ( .BOTH. , #1936 ) ;
#600 =( NAMED_UNIT ( * ) PLANE_ANGLE_UNIT ( ) SI_UNIT ( $, .RADIAN. ) );
#601 = DIRECTION ( 'NONE',  ( -0.0000000000000000000, -1.000000000000000000, -0.0000000000000000000 ) ) ;
#602 = DIRECTION ( 'NONE',  ( 0.0000000000000000000, 1.000000000000000000, 0.0000000000000000000 ) ) ;
#603 = EDGE_CURVE ( 'NONE', #1190, #947, #1743, .T. ) ;
#604 = ORIENTED_EDGE ( 'NONE', *, *, #676, .F. ) ;
#605 = ITEM_DEFINED_TRANSFORMATION ( 'NONE', 'NONE', #2,  #828 ) ;
#606 = AXIS2_PLACEMENT_3D ( 'NONE', #589, #1769, #281 ) ;
#607 = FILL_AREA_STYLE_COLOUR ( '', #235 ) ;
#608 = AXIS2_PLACEMENT_3D ( 'NONE', #966, #1644, #540 ) ;
#609 = DIRECTION ( 'NONE',  ( 0.0000000000000000000, 0.0000000000000000000, -1.000000000000000000 ) ) ;
#610 = DIRECTION ( 'NONE',  ( 1.000000000000000000, 0.0000000000000000000, 0.0000000000000000000 ) ) ;
#611 = VECTOR ( 'NONE', #914, 100.0000000000000000 ) ;
#612 = FACE_OUTER_BOUND ( 'NONE', #1783, .T. ) ;
#613 = CARTESIAN_POINT ( 'NONE',  ( -0.06836365425400149631, -0.02000000000000000042, 0.08882838487625120683 ) ) ;
#614 = DIRECTION ( 'NONE',  ( -0.0000000000000000000, -1.000000000000000000, -0.0000000000000000000 ) ) ;
#615 = PRESENTATION_LAYER_ASSIGNMENT (  '', '', ( #1125 ) ) ;
#616 = EDGE_LOOP ( 'NONE', ( #1823, #1357, #1514, #1141 ) ) ;
#617 = CIRCLE ( 'NONE', #438, 0.01000000000000028644 ) ;
#618 = EDGE_CURVE ( 'NONE', #151, #1543, #1243, .T. ) ;
#619 =( GEOMETRIC_REPRESENTATION_CONTEXT ( 3 ) GLOBAL_UNCERTAINTY_ASSIGNED_CONTEXT ( ( #1845 ) ) GLOBAL_UNIT_ASSIGNED_CONTEXT ( ( #672, #2003, #1140 ) ) REPRESENTATION_CONTEXT ( 'NONE', 'WORKASPACE' ) );
#620 = ORIENTED_EDGE ( 'NONE', *, *, #321, .F. ) ;
#621 = LINE ( 'NONE', #1277, #681 ) ;
#622 = COLOUR_RGB ( '',0.7921568627450980005, 0.8196078431372548767, 0.9333333333333333481 ) ;
#623 = CARTESIAN_POINT ( 'NONE',  ( -0.1042803458142280149, -0.02000000000000000042, 0.4380777440661250410 ) ) ;
#624 = CARTESIAN_POINT ( 'NONE',  ( -0.06003131717443484228, -0.02000000000000000042, 0.2677666470408440191 ) ) ;
#625 = CARTESIAN_POINT ( 'NONE',  ( 1.016000000000000014, 0.0000000000000000000, 0.0000000000000000000 ) ) ;
#626 =( NAMED_UNIT ( * ) SI_UNIT ( $, .STERADIAN. ) SOLID_ANGLE_UNIT ( ) );
#627 = LINE ( 'NONE', #892, #821 ) ;
#628 = EDGE_LOOP ( 'NONE', ( #1079, #291, #1851, #939 ) ) ;
#629 = CARTESIAN_POINT ( 'NONE',  ( -0.09428034581422810312, -0.02000000000000000042, 0.7973271032559989813 ) ) ;
#630 = EDGE_CURVE ( 'NONE', #287, #1046, #1250, .T. ) ;
#631 =( NAMED_UNIT ( * ) PLANE_ANGLE_UNIT ( ) SI_UNIT ( $, .RADIAN. ) );
#632 = DIRECTION ( 'NONE',  ( 0.0000000000000000000, 0.0000000000000000000, 1.000000000000000000 ) ) ;
#633 =( NAMED_UNIT ( * ) SI_UNIT ( $, .STERADIAN. ) SOLID_ANGLE_UNIT ( ) );
#634 = ORIENTED_EDGE ( 'NONE', *, *, #1549, .F. ) ;
#635 = COLOUR_RGB ( '',0.8666666666666666963, 0.7725490196078431682, 0.2156862745098039325 ) ;
#636 = MECHANICAL_DESIGN_GEOMETRIC_PRESENTATION_REPRESENTATION (  '', ( #1012 ), #1372 ) ;
#637 =( NAMED_UNIT ( * ) SI_UNIT ( $, .STERADIAN. ) SOLID_ANGLE_UNIT ( ) );
#638 = EDGE_CURVE ( 'NONE', #1532, #417, #253, .T. ) ;
#639 = DIRECTION ( 'NONE',  ( 1.000000000000000000, 0.0000000000000000000, 0.0000000000000000000 ) ) ;
#640 = PRESENTATION_STYLE_ASSIGNMENT (( #478 ) ) ;
#641 = COLOUR_RGB ( '',0.05882352941176470507, 0.05882352941176470507, 0.05882352941176470507 ) ;
#642 = CARTESIAN_POINT ( 'NONE',  ( -0.08509588200079723497, -0.02000000000000000042, 0.7912825582816289671 ) ) ;
#643 = MECHANICAL_DESIGN_GEOMETRIC_PRESENTATION_REPRESENTATION (  '', ( #1591 ), #2073 ) ;
#644 = ORIENTED_EDGE ( 'NONE', *, *, #1396, .F. ) ;
#645 = AXIS2_PLACEMENT_3D ( 'NONE', #1199, #871, #884 ) ;
#646 = STYLED_ITEM ( 'NONE', ( #1329 ), #1810 ) ;
#647 = FILL_AREA_STYLE ('',( #154 ) ) ;
#648 = AXIS2_PLACEMENT_3D ( 'NONE', #1820, #452, #945 ) ;
#649 =( LENGTH_UNIT ( ) NAMED_UNIT ( * ) SI_UNIT ( .CENTI., .METRE. ) );
#650 =( NAMED_UNIT ( * ) PLANE_ANGLE_UNIT ( ) SI_UNIT ( $, .RADIAN. ) );
#651 = DIRECTION ( 'NONE',  ( -1.000000000000000000, -0.0000000000000000000, -0.0000000000000000000 ) ) ;
#652 = PLANE ( 'NONE',  #1839 ) ;
#653 = VERTEX_POINT ( 'NONE', #2062 ) ;
#654 = PLANE ( 'NONE',  #466 ) ;
#655 = CARTESIAN_POINT ( 'NONE',  ( 6.071532165918820208E-18, 0.02000000000000000042, 0.02843064381840689978 ) ) ;
#656 = CARTESIAN_POINT ( 'NONE',  ( 0.06003131717443468962, -0.02000000000000000042, 0.5529086589813229091 ) ) ;
#657 = DIRECTION ( 'NONE',  ( 1.000000000000000000, 0.0000000000000000000, 0.0000000000000000000 ) ) ;
#658 =( REPRESENTATION_RELATIONSHIP ('NONE','NONE', #1403, #1782 ) REPRESENTATION_RELATIONSHIP_WITH_TRANSFORMATION ( #909 )SHAPE_REPRESENTATION_RELATIONSHIP( ) );
#659 =( NAMED_UNIT ( * ) PLANE_ANGLE_UNIT ( ) SI_UNIT ( $, .RADIAN. ) );
#660 = FACE_OUTER_BOUND ( 'NONE', #1716, .T. ) ;
#661 = EDGE_LOOP ( 'NONE', ( #889, #1275, #1345, #1034 ) ) ;
#662 = LINE ( 'NONE', #344, #1653 ) ;
#663 = EDGE_CURVE ( 'NONE', #802, #203, #414, .T. ) ;
#664 = LINE ( 'NONE', #380, #409 ) ;
#665 = PRESENTATION_STYLE_ASSIGNMENT (( #1360 ) ) ;
#666 = VECTOR ( 'NONE', #1238, 100.0000000000000000 ) ;
#667 = DIRECTION ( 'NONE',  ( -0.0000000000000000000, 1.000000000000000000, 0.0000000000000000000 ) ) ;
#668 = PRODUCT_CONTEXT ( 'NONE', #1256, 'mechanical' ) ;
#669 = MECHANICAL_DESIGN_GEOMETRIC_PRESENTATION_REPRESENTATION (  '', ( #1682 ), #574 ) ;
#670 = ORIENTED_EDGE ( 'NONE', *, *, #782, .F. ) ;
#671 = PRESENTATION_LAYER_ASSIGNMENT (  '', '', ( #1615 ) ) ;
#672 =( LENGTH_UNIT ( ) NAMED_UNIT ( * ) SI_UNIT ( .CENTI., .METRE. ) );
#673 = ORIENTED_EDGE ( 'NONE', *, *, #964, .F. ) ;
#674 = LINE ( 'NONE', #953, #807 ) ;
#675 = VECTOR ( 'NONE', #765, 100.0000000000000000 ) ;
#676 = EDGE_CURVE ( 'NONE', #1466, #151, #2095, .T. ) ;
#677 = CARTESIAN_POINT ( 'NONE',  ( -0.1270000000000000018, 0.1270000000000000018, 0.8500000000000000888 ) ) ;
#678 = PRESENTATION_LAYER_ASSIGNMENT (  '', '', ( #1734 ) ) ;
#679 = EDGE_CURVE ( 'NONE', #936, #653, #123, .T. ) ;
#680 = FACE_OUTER_BOUND ( 'NONE', #2016, .T. ) ;
#681 = VECTOR ( 'NONE', #759, 100.0000000000000000 ) ;
#682 =( NAMED_UNIT ( * ) SI_UNIT ( $, .STERADIAN. ) SOLID_ANGLE_UNIT ( ) );
#683 = DIRECTION ( 'NONE',  ( -2.078962154847970352E-32, 1.000000000000000000, -7.979599084288239752E-33 ) ) ;
#684 =( NAMED_UNIT ( * ) SI_UNIT ( $, .STERADIAN. ) SOLID_ANGLE_UNIT ( ) );
#685 =( NAMED_UNIT ( * ) SI_UNIT ( $, .STERADIAN. ) SOLID_ANGLE_UNIT ( ) );
#686 = ORIENTED_EDGE ( 'NONE', *, *, #24, .T. ) ;
#687 = CARTESIAN_POINT ( 'NONE',  ( -0.1000000000000000056, 0.1000000000000000888, 0.8500000000000000888 ) ) ;
#688 = DIRECTION ( 'NONE',  ( 0.0000000000000000000, 0.0000000000000000000, -1.000000000000000000 ) ) ;
#689 = VECTOR ( 'NONE', #1614, 100.0000000000000000 ) ;
#690 = SURFACE_STYLE_USAGE ( .BOTH. , #855 ) ;
#691 = APPLICATION_CONTEXT ( 'automotive_design' ) ;
#692 = FILL_AREA_STYLE_COLOUR ( '', #1657 ) ;
#693 = EDGE_CURVE ( 'NONE', #1105, #783, #905, .T. ) ;
#694 = FILL_AREA_STYLE ('',( #1180 ) ) ;
#695 = ITEM_DEFINED_TRANSFORMATION ( 'NONE', 'NONE', #1596,  #828 ) ;
#696 = ORIENTED_EDGE ( 'NONE', *, *, #1432, .T. ) ;
#697 =( NAMED_UNIT ( * ) PLANE_ANGLE_UNIT ( ) SI_UNIT ( $, .RADIAN. ) );
#698 = PLANE ( 'NONE',  #1619 ) ;
#699 = SURFACE_STYLE_USAGE ( .BOTH. , #1690 ) ;
#700 = EDGE_LOOP ( 'NONE', ( #1527, #1811, #1252, #929 ) ) ;
#701 = PRESENTATION_STYLE_ASSIGNMENT (( #64 ) ) ;
#702 = SURFACE_STYLE_USAGE ( .BOTH. , #1343 ) ;
#703 = EDGE_LOOP ( 'NONE', ( #55, #52, #383, #886 ) ) ;
#704 = FILL_AREA_STYLE ('',( #56 ) ) ;
#705 = PRODUCT_DEFINITION_SHAPE ( 'NONE', 'NONE',  #2122 ) ;
#706 =( LENGTH_UNIT ( ) NAMED_UNIT ( * ) SI_UNIT ( .CENTI., .METRE. ) );
#707 =( NAMED_UNIT ( * ) PLANE_ANGLE_UNIT ( ) SI_UNIT ( $, .RADIAN. ) );
#708 = ITEM_DEFINED_TRANSFORMATION ( 'NONE', 'NONE', #1423,  #828 ) ;
#709 = ADVANCED_FACE ( 'NONE', ( #90, #1911 ), #444, .F. ) ;
#710 = ORIENTED_EDGE ( 'NONE', *, *, #1019, .T. ) ;
#711 = UNCERTAINTY_MEASURE_WITH_UNIT (LENGTH_MEASURE( 1.000000000000000082E-05 ), #545, 'distance_accuracy_value', 'NONE');
#712 = DIRECTION ( 'NONE',  ( 0.0000000000000000000, 0.0000000000000000000, 1.000000000000000000 ) ) ;
#713 = VERTEX_POINT ( 'NONE', #1899 ) ;
#714 = STYLED_ITEM ( 'NONE', ( #1366 ), #330 ) ;
#715 = MECHANICAL_DESIGN_GEOMETRIC_PRESENTATION_REPRESENTATION (  '', ( #2098 ), #1551 ) ;
#716 = DIRECTION ( 'NONE',  ( -0.0000000000000000000, -1.000000000000000000, 0.0000000000000000000 ) ) ;
#717 = FILL_AREA_STYLE_COLOUR ( '', #1209 ) ;
#718 = COLOUR_RGB ( '',0.8666666666666666963, 0.7725490196078431682, 0.2156862745098039325 ) ;
#719 = DIRECTION ( 'NONE',  ( 0.7071067811865490160, 0.0000000000000000000, 0.7071067811865460184 ) ) ;
#720 = AXIS2_PLACEMENT_3D ( 'NONE', #1603, #609, #243 ) ;
#721 = DIRECTION ( 'NONE',  ( -0.0000000000000000000, -1.000000000000000000, -0.0000000000000000000 ) ) ;
#722 = STYLED_ITEM ( 'NONE', ( #110 ), #1655 ) ;
#723 = ORIENTED_EDGE ( 'NONE', *, *, #1470, .F. ) ;
#724 = DIRECTION ( 'NONE',  ( 0.0000000000000000000, 1.000000000000000000, 0.0000000000000000000 ) ) ;
#725 =( NAMED_UNIT ( * ) PLANE_ANGLE_UNIT ( ) SI_UNIT ( $, .RADIAN. ) );
#726 = VERTEX_POINT ( 'NONE', #84 ) ;
#727 = CARTESIAN_POINT ( 'NONE',  ( -0.1270000000000000018, 0.0000000000000000000, 0.8500000000000000888 ) ) ;
#728 = FILL_AREA_STYLE_COLOUR ( '', #771 ) ;
#729 = AXIS2_PLACEMENT_3D ( 'NONE', #1472, #1985, #1659 ) ;
#730 = ADVANCED_FACE ( 'NONE', ( #1601 ), #761, .T. ) ;
#731 = CARTESIAN_POINT ( 'NONE',  ( -0.03244696269377490144, -0.02000000000000000042, -0.9671385867237070055 ) ) ;
#732 = CARTESIAN_POINT ( 'NONE',  ( -0.05000000000000000278, 0.0000000000000000000, 0.8500000000000000888 ) ) ;
#733 =( GEOMETRIC_REPRESENTATION_CONTEXT ( 3 ) GLOBAL_UNCERTAINTY_ASSIGNED_CONTEXT ( ( #1449 ) ) GLOBAL_UNIT_ASSIGNED_CONTEXT ( ( #68, #1104, #410 ) ) REPRESENTATION_CONTEXT ( 'NONE', 'WORKASPACE' ) );
#734 = CONTEXT_DEPENDENT_SHAPE_REPRESENTATION ( #1956, #127 ) ;
#735 = DIRECTION ( 'NONE',  ( 0.0000000000000000000, 0.0000000000000000000, 1.000000000000000000 ) ) ;
#736 = UNCERTAINTY_MEASURE_WITH_UNIT (LENGTH_MEASURE( 1.000000000000000082E-05 ), #116, 'distance_accuracy_value', 'NONE');
#737 = FACE_OUTER_BOUND ( 'NONE', #227, .T. ) ;
#738 = LINE ( 'NONE', #263, #611 ) ;
#739 = ADVANCED_FACE ( 'NONE', ( #1814 ), #1461, .T. ) ;
#740 = ITEM_DEFINED_TRANSFORMATION ( 'NONE', 'NONE', #1662,  #828 ) ;
#741 = DIRECTION ( 'NONE',  ( -1.000000000000000000, 0.0000000000000000000, 0.0000000000000000000 ) ) ;
#742 = LINE ( 'NONE', #1412, #893 ) ;
#743 = VECTOR ( 'NONE', #1304, 100.0000000000000000 ) ;
#744 =( NAMED_UNIT ( * ) PLANE_ANGLE_UNIT ( ) SI_UNIT ( $, .RADIAN. ) );
#745 = AXIS2_PLACEMENT_3D ( 'NONE', #970, #171, #1638 ) ;
#746 = CARTESIAN_POINT ( 'NONE',  ( 0.06003131717443468962, -0.02000000000000000042, 0.2677666470408440191 ) ) ;
#747 = FACE_OUTER_BOUND ( 'NONE', #375, .T. ) ;
#748 =( NAMED_UNIT ( * ) SI_UNIT ( $, .STERADIAN. ) SOLID_ANGLE_UNIT ( ) );
#749 = VECTOR ( 'NONE', #1643, 100.0000000000000000 ) ;
#750 = ORIENTED_EDGE ( 'NONE', *, *, #1536, .F. ) ;
#751 = CARTESIAN_POINT ( 'NONE',  ( -0.09428034581422810312, 0.02000000000000000042, 0.7873271032559990834 ) ) ;
#752 = PRODUCT_DEFINITION_SHAPE ( 'NONE', 'NONE',  #364 ) ;
#753 = LINE ( 'NONE', #2085, #531 ) ;
#754 = EDGE_CURVE ( 'NONE', #349, #49, #484, .T. ) ;
#755 = CARTESIAN_POINT ( 'NONE',  ( 0.1042803458142280149, -0.02000000000000000042, 0.08882838487625120683 ) ) ;
#756 = PRESENTATION_STYLE_ASSIGNMENT (( #405 ) ) ;
#757 = ORIENTED_EDGE ( 'NONE', *, *, #473, .T. ) ;
#758 = ORIENTED_EDGE ( 'NONE', *, *, #1230, .F. ) ;
#759 = DIRECTION ( 'NONE',  ( 1.658928450709476921E-64, -7.979599084288239752E-33, -1.000000000000000000 ) ) ;
#760 = ITEM_DEFINED_TRANSFORMATION ( 'NONE', 'NONE', #2009,  #828 ) ;
#761 = PLANE ( 'NONE',  #1237 ) ;
#762 =( NAMED_UNIT ( * ) PLANE_ANGLE_UNIT ( ) SI_UNIT ( $, .RADIAN. ) );
#763 = ADVANCED_FACE ( 'NONE', ( #313 ), #1278, .T. ) ;
#764 = CARTESIAN_POINT ( 'NONE',  ( 0.04999999999999998890, 0.04999999999999998890, 0.8000000000000000444 ) ) ;
#765 = DIRECTION ( 'NONE',  ( -0.0000000000000000000, -1.000000000000000000, -0.0000000000000000000 ) ) ;
#766 =( REPRESENTATION_RELATIONSHIP ('NONE','NONE', #1403, #1782 ) REPRESENTATION_RELATIONSHIP_WITH_TRANSFORMATION ( #258 )SHAPE_REPRESENTATION_RELATIONSHIP( ) );
#767 = COLOUR_RGB ( '',0.06666666666666666574, 0.06666666666666666574, 0.06666666666666666574 ) ;
#768 = ORIENTED_EDGE ( 'NONE', *, *, #933, .F. ) ;
#769 = PRESENTATION_LAYER_ASSIGNMENT (  '', '', ( #194 ) ) ;
#770 = CARTESIAN_POINT ( 'NONE',  ( 0.06003131717443468962, 0.02000000000000000042, 0.02843064381840689978 ) ) ;
#771 = COLOUR_RGB ( '',0.8666666666666666963, 0.7725490196078431682, 0.2156862745098039325 ) ;
#772 = DIRECTION ( 'NONE',  ( -1.000000000000000000, -2.078962154847970352E-32, 0.0000000000000000000 ) ) ;
#773 = AXIS2_PLACEMENT_3D ( 'NONE', #862, #80, #688 ) ;
#774 = PLANE ( 'NONE',  #302 ) ;
#775 = DIRECTION ( 'NONE',  ( 0.0000000000000000000, 0.0000000000000000000, 1.000000000000000000 ) ) ;
#776 = VECTOR ( 'NONE', #1649, 100.0000000000000000 ) ;
#777 = VERTEX_POINT ( 'NONE', #1665 ) ;
#778 = CARTESIAN_POINT ( 'NONE',  ( -0.1000000000000000056, 0.1000000000000000056, 0.7399999999999999911 ) ) ;
#779 =( NAMED_UNIT ( * ) PLANE_ANGLE_UNIT ( ) SI_UNIT ( $, .RADIAN. ) );
#780 = ORIENTED_EDGE ( 'NONE', *, *, #1747, .T. ) ;
#781 = STYLED_ITEM ( 'NONE', ( #1503 ), #1568 ) ;
#782 = EDGE_CURVE ( 'NONE', #713, #337, #843, .T. ) ;
#783 = VERTEX_POINT ( 'NONE', #1676 ) ;
#784 = SURFACE_STYLE_USAGE ( .BOTH. , #806 ) ;
#785 = AXIS2_PLACEMENT_3D ( 'NONE', #1756, #775, #1145 ) ;
#786 = UNCERTAINTY_MEASURE_WITH_UNIT (LENGTH_MEASURE( 1.000000000000000082E-05 ), #898, 'distance_accuracy_value', 'NONE');
#787 = SURFACE_STYLE_USAGE ( .BOTH. , #1780 ) ;
#788 = CARTESIAN_POINT ( 'NONE',  ( 0.2540000000000000036, 0.0000000000000000000, 0.0000000000000000000 ) ) ;
#789 = AXIS2_PLACEMENT_3D ( 'NONE', #1705, #244, #217 ) ;
#790 = CARTESIAN_POINT ( 'NONE',  ( 0.0000000000000000000, -0.1000000000000000056, 0.0000000000000000000 ) ) ;
#791 = CARTESIAN_POINT ( 'NONE',  ( 0.0000000000000000000, 0.05000000000000000278, 0.7399999999999999911 ) ) ;
#792 = VERTEX_POINT ( 'NONE', #2030 ) ;
#793 = EDGE_CURVE ( 'NONE', #2094, #1325, #1525, .T. ) ;
#794 = DIRECTION ( 'NONE',  ( 0.0000000000000000000, 1.000000000000000000, 0.0000000000000000000 ) ) ;
#795 =( REPRESENTATION_RELATIONSHIP ('NONE','NONE', #1403, #1853 ) REPRESENTATION_RELATIONSHIP_WITH_TRANSFORMATION ( #1870 )SHAPE_REPRESENTATION_RELATIONSHIP( ) );
#796 = SURFACE_STYLE_FILL_AREA ( #1629 ) ;
#797 =( NAMED_UNIT ( * ) SI_UNIT ( $, .STERADIAN. ) SOLID_ANGLE_UNIT ( ) );
#798 = DIRECTION ( 'NONE',  ( 0.0000000000000000000, 0.0000000000000000000, 1.000000000000000000 ) ) ;
#799 = SURFACE_STYLE_USAGE ( .BOTH. , #307 ) ;
#800 = DIRECTION ( 'NONE',  ( 1.000000000000000000, 0.0000000000000000000, -1.140612731871519894E-31 ) ) ;
#801 = SURFACE_SIDE_STYLE ('',( #20 ) ) ;
#802 = VERTEX_POINT ( 'NONE', #346 ) ;
#803 = SURFACE_STYLE_USAGE ( .BOTH. , #1799 ) ;
#804 = UNCERTAINTY_MEASURE_WITH_UNIT (LENGTH_MEASURE( 1.000000000000000082E-05 ), #1147, 'distance_accuracy_value', 'NONE');
#805 = AXIS2_PLACEMENT_3D ( 'NONE', #1731, #903, #853 ) ;
#806 = SURFACE_SIDE_STYLE ('',( #1634 ) ) ;
#807 = VECTOR ( 'NONE', #464, 100.0000000000000000 ) ;
#808 =( LENGTH_UNIT ( ) NAMED_UNIT ( * ) SI_UNIT ( .CENTI., .METRE. ) );
#809 = UNCERTAINTY_MEASURE_WITH_UNIT (LENGTH_MEASURE( 1.000000000000000082E-05 ), #1913, 'distance_accuracy_value', 'NONE');
#810 =( NAMED_UNIT ( * ) SI_UNIT ( $, .STERADIAN. ) SOLID_ANGLE_UNIT ( ) );
#811 = DIRECTION ( 'NONE',  ( 0.0000000000000000000, 0.0000000000000000000, 1.000000000000000000 ) ) ;
#812 = PRESENTATION_LAYER_ASSIGNMENT (  '', '', ( #69 ) ) ;
#813 = EDGE_LOOP ( 'NONE', ( #1832, #1500, #1691, #1651 ) ) ;
#814 = CARTESIAN_POINT ( 'NONE',  ( 0.0000000000000000000, -0.05000000000000000278, 0.7399999999999999911 ) ) ;
#815 = CARTESIAN_POINT ( 'NONE',  ( -0.02687348134688750251, -0.02000000000000000042, -1.006546407085610051 ) ) ;
#816 = PRESENTATION_LAYER_ASSIGNMENT (  '', '', ( #1591 ) ) ;
#817 = EDGE_LOOP ( 'NONE', ( #863, #506, #2013, #513 ) ) ;
#818 = SURFACE_STYLE_FILL_AREA ( #1991 ) ;
#819 = PRESENTATION_LAYER_ASSIGNMENT (  '', '', ( #581 ) ) ;
#820 =( GEOMETRIC_REPRESENTATION_CONTEXT ( 3 ) GLOBAL_UNCERTAINTY_ASSIGNED_CONTEXT ( ( #46 ) ) GLOBAL_UNIT_ASSIGNED_CONTEXT ( ( #2077, #1898, #1562 ) ) REPRESENTATION_CONTEXT ( 'NONE', 'WORKASPACE' ) );
#821 = VECTOR ( 'NONE', #1282, 100.0000000000000000 ) ;
#822 = DIRECTION ( 'NONE',  ( -1.000000000000000000, 0.0000000000000000000, 0.0000000000000000000 ) ) ;
#823 = AXIS2_PLACEMENT_3D ( 'NONE', #1979, #1463, #1624 ) ;
#824 = CARTESIAN_POINT ( 'NONE',  ( 0.7620000000000000107, 0.0000000000000000000, 0.0000000000000000000 ) ) ;
#825 = EDGE_CURVE ( 'NONE', #1325, #1673, #357, .T. ) ;
#826 = CARTESIAN_POINT ( 'NONE',  ( -0.1270000000000000018, 0.0000000000000000000, 0.0000000000000000000 ) ) ;
#827 = SURFACE_SIDE_STYLE ('',( #982 ) ) ;
#828 = AXIS2_PLACEMENT_3D ( 'NONE', #1215, #1353, #859 ) ;
#829 = ORIENTED_EDGE ( 'NONE', *, *, #1404, .T. ) ;
#830 =( NAMED_UNIT ( * ) SI_UNIT ( $, .STERADIAN. ) SOLID_ANGLE_UNIT ( ) );
#831 = LINE ( 'NONE', #865, #920 ) ;
#832 = FACE_OUTER_BOUND ( 'NONE', #700, .T. ) ;
#833 = DIRECTION ( 'NONE',  ( 0.0000000000000000000, 0.0000000000000000000, 1.000000000000000000 ) ) ;
#834 = ORIENTED_EDGE ( 'NONE', *, *, #1579, .F. ) ;
#835 = CARTESIAN_POINT ( 'NONE',  ( -0.1000000000000000056, 0.0000000000000000000, 0.8500000000000000888 ) ) ;
#836 = FACE_BOUND ( 'NONE', #275, .T. ) ;
#837 = EDGE_CURVE ( 'NONE', #713, #548, #1510, .T. ) ;
#838 = VERTEX_POINT ( 'NONE', #15 ) ;
#839 = FACE_OUTER_BOUND ( 'NONE', #813, .T. ) ;
#840 = EDGE_CURVE ( 'NONE', #87, #1475, #176, .T. ) ;
#841 = PRODUCT_DEFINITION_SHAPE ( 'NONE', 'NONE',  #2138 ) ;
#842 = LINE ( 'NONE', #332, #1878 ) ;
#843 = LINE ( 'NONE', #45, #196 ) ;
#844 = PRESENTATION_LAYER_ASSIGNMENT (  '', '', ( #881 ) ) ;
#845 = CARTESIAN_POINT ( 'NONE',  ( 0.06836365425400149631, -0.02000000000000000042, 0.08882838487625120683 ) ) ;
#846 = CONTEXT_DEPENDENT_SHAPE_REPRESENTATION ( #1018, #207 ) ;
#847 = ORIENTED_EDGE ( 'NONE', *, *, #278, .T. ) ;
#848 = DIRECTION ( 'NONE',  ( 0.0000000000000000000, 1.000000000000000000, 0.0000000000000000000 ) ) ;
#849 = FILL_AREA_STYLE ('',( #374 ) ) ;
#850 = ORIENTED_EDGE ( 'NONE', *, *, #1165, .F. ) ;
#851 = SURFACE_SIDE_STYLE ('',( #1041 ) ) ;
#852 = ADVANCED_FACE ( 'NONE', ( #832 ), #523, .T. ) ;
#853 = DIRECTION ( 'NONE',  ( 0.0000000000000000000, 0.0000000000000000000, 1.000000000000000000 ) ) ;
#854 = CIRCLE ( 'NONE', #1932, 0.009999999999999939493 ) ;
#855 = SURFACE_SIDE_STYLE ('',( #1192 ) ) ;
#856 = ORIENTED_EDGE ( 'NONE', *, *, #840, .T. ) ;
#857 = AXIS2_PLACEMENT_3D ( 'NONE', #156, #1320, #1623 ) ;
#858 = CARTESIAN_POINT ( 'NONE',  ( 0.06003131717443462717, -0.02000000000000000042, 0.7330832898901309402 ) ) ;
#859 = DIRECTION ( 'NONE',  ( 1.000000000000000000, 0.0000000000000000000, 0.0000000000000000000 ) ) ;
#860 = VERTEX_POINT ( 'NONE', #184 ) ;
#861 =( LENGTH_UNIT ( ) NAMED_UNIT ( * ) SI_UNIT ( .CENTI., .METRE. ) );
#862 = CARTESIAN_POINT ( 'NONE',  ( 0.1270000000000000018, 0.0000000000000000000, 0.8500000000000000888 ) ) ;
#863 = ORIENTED_EDGE ( 'NONE', *, *, #1739, .F. ) ;
#864 = SURFACE_STYLE_USAGE ( .BOTH. , #566 ) ;
#865 = CARTESIAN_POINT ( 'NONE',  ( 0.04999999999999991257, 0.0000000000000000000, 0.8000000000000000444 ) ) ;
#866 = ADVANCED_FACE ( 'NONE', ( #680 ), #223, .T. ) ;
#867 = SURFACE_SIDE_STYLE ('',( #486 ) ) ;
#868 = CONTEXT_DEPENDENT_SHAPE_REPRESENTATION ( #1443, #2019 ) ;
#869 = EDGE_LOOP ( 'NONE', ( #1680, #1933, #923, #1223 ) ) ;
#870 = SURFACE_STYLE_FILL_AREA ( #1183 ) ;
#871 = DIRECTION ( 'NONE',  ( 0.0000000000000000000, 1.000000000000000000, 0.0000000000000000000 ) ) ;
#872 = FILL_AREA_STYLE_COLOUR ( '', #1097 ) ;
#873 = EDGE_LOOP ( 'NONE', ( #38, #1611, #1426, #310 ) ) ;
#874 = PRESENTATION_STYLE_ASSIGNMENT (( #702 ) ) ;
#875 = EDGE_LOOP ( 'NONE', ( #1953, #81, #208, #847 ) ) ;
#876 = PLANE ( 'NONE',  #1735 ) ;
#877 = FILL_AREA_STYLE ('',( #1534 ) ) ;
#878 = ADVANCED_FACE ( 'NONE', ( #1429 ), #54, .T. ) ;
#879 = FACE_OUTER_BOUND ( 'NONE', #661, .T. ) ;
#880 = APPLICATION_PROTOCOL_DEFINITION ( 'draft international standard', 'automotive_design', 1998, #1256 ) ;
#881 = STYLED_ITEM ( 'NONE', ( #1384 ), #136 ) ;
#882 = ORIENTED_EDGE ( 'NONE', *, *, #93, .T. ) ;
#883 =( NAMED_UNIT ( * ) SI_UNIT ( $, .STERADIAN. ) SOLID_ANGLE_UNIT ( ) );
#884 = DIRECTION ( 'NONE',  ( 0.0000000000000000000, 0.0000000000000000000, 1.000000000000000000 ) ) ;
#885 = SURFACE_STYLE_FILL_AREA ( #1185 ) ;
#886 = ORIENTED_EDGE ( 'NONE', *, *, #1710, .T. ) ;
#887 = LINE ( 'NONE', #727, #534 ) ;
#888 = MECHANICAL_DESIGN_GEOMETRIC_PRESENTATION_REPRESENTATION (  '', ( #296 ), #1868 ) ;
#889 = ORIENTED_EDGE ( 'NONE', *, *, #1036, .F. ) ;
#890 = CARTESIAN_POINT ( 'NONE',  ( 0.0000000000000000000, 0.1270000000000000018, 0.8500000000000000888 ) ) ;
#891 = CIRCLE ( 'NONE', #1334, 0.009999999999999939493 ) ;
#892 = CARTESIAN_POINT ( 'NONE',  ( 0.03244696269377490144, -0.02000000000000000042, 0.08882838487625117907 ) ) ;
#893 = VECTOR ( 'NONE', #585, 100.0000000000000000 ) ;
#894 = FILL_AREA_STYLE ('',( #917 ) ) ;
#895 = MECHANICAL_DESIGN_GEOMETRIC_PRESENTATION_REPRESENTATION (  '', ( #1452 ), #1521 ) ;
#896 = ORIENTED_EDGE ( 'NONE', *, *, #109, .F. ) ;
#897 = FILL_AREA_STYLE ('',( #607 ) ) ;
#898 =( LENGTH_UNIT ( ) NAMED_UNIT ( * ) SI_UNIT ( .CENTI., .METRE. ) );
#899 = EDGE_CURVE ( 'NONE', #457, #936, #891, .T. ) ;
#900 =( NAMED_UNIT ( * ) PLANE_ANGLE_UNIT ( ) SI_UNIT ( $, .RADIAN. ) );
#901 = AXIS2_PLACEMENT_3D ( 'NONE', #17, #1721, #558 ) ;
#902 = EDGE_LOOP ( 'NONE', ( #41, #952, #1007, #565 ) ) ;
#903 = DIRECTION ( 'NONE',  ( 0.0000000000000000000, 1.000000000000000000, 0.0000000000000000000 ) ) ;
#904 = SURFACE_SIDE_STYLE ('',( #1733 ) ) ;
#905 = LINE ( 'NONE', #1420, #576 ) ;
#906 = UNCERTAINTY_MEASURE_WITH_UNIT (LENGTH_MEASURE( 1.000000000000000082E-05 ), #1838, 'distance_accuracy_value', 'NONE');
#907 = CARTESIAN_POINT ( 'NONE',  ( -0.02130000000000010704, 0.02000000000000001082, -1.045954227447509988 ) ) ;
#908 = SURFACE_STYLE_FILL_AREA ( #391 ) ;
#909 = ITEM_DEFINED_TRANSFORMATION ( 'NONE', 'NONE', #551,  #828 ) ;
#910 =( NAMED_UNIT ( * ) SI_UNIT ( $, .STERADIAN. ) SOLID_ANGLE_UNIT ( ) );
#911 =( REPRESENTATION_RELATIONSHIP ('NONE','NONE', #1403, #1782 ) REPRESENTATION_RELATIONSHIP_WITH_TRANSFORMATION ( #226 )SHAPE_REPRESENTATION_RELATIONSHIP( ) );
#912 = ORIENTED_EDGE ( 'NONE', *, *, #1168, .F. ) ;
#913 = FILL_AREA_STYLE ('',( #1253 ) ) ;
#914 = DIRECTION ( 'NONE',  ( 0.0000000000000000000, -0.0000000000000000000, 1.000000000000000000 ) ) ;
#915 = VECTOR ( 'NONE', #32, 100.0000000000000000 ) ;
#916 = ADVANCED_FACE ( 'NONE', ( #1728 ), #1177, .T. ) ;
#917 = FILL_AREA_STYLE_COLOUR ( '', #1836 ) ;
#918 = AXIS2_PLACEMENT_3D ( 'NONE', #361, #2002, #712 ) ;
#919 = DIRECTION ( 'NONE',  ( -0.0000000000000000000, -0.0000000000000000000, -1.000000000000000000 ) ) ;
#920 = VECTOR ( 'NONE', #1854, 100.0000000000000000 ) ;
#921 = LINE ( 'NONE', #1904, #2102 ) ;
#922 = PRESENTATION_STYLE_ASSIGNMENT (( #1094 ) ) ;
#923 = ORIENTED_EDGE ( 'NONE', *, *, #256, .T. ) ;
#924 = AXIS2_PLACEMENT_3D ( 'NONE', #1678, #205, #1517 ) ;
#925 = EDGE_CURVE ( 'NONE', #802, #1046, #1189, .T. ) ;
#926 = LINE ( 'NONE', #1935, #491 ) ;
#927 = CARTESIAN_POINT ( 'NONE',  ( 0.0000000000000000000, 0.0000000000000000000, 0.0000000000000000000 ) ) ;
#928 =( NAMED_UNIT ( * ) SI_UNIT ( $, .STERADIAN. ) SOLID_ANGLE_UNIT ( ) );
#929 = ORIENTED_EDGE ( 'NONE', *, *, #1983, .F. ) ;
#930 = CARTESIAN_POINT ( 'NONE',  ( -0.06003131717443468962, -0.02000000000000000042, 0.5529086589813230201 ) ) ;
#931 = UNCERTAINTY_MEASURE_WITH_UNIT (LENGTH_MEASURE( 1.000000000000000082E-05 ), #2106, 'distance_accuracy_value', 'NONE');
#932 =( NAMED_UNIT ( * ) SI_UNIT ( $, .STERADIAN. ) SOLID_ANGLE_UNIT ( ) );
#933 = EDGE_CURVE ( 'NONE', #279, #726, #564, .T. ) ;
#934 = DIRECTION ( 'NONE',  ( 0.0000000000000000000, 0.0000000000000000000, -1.000000000000000000 ) ) ;
#935 = FILL_AREA_STYLE ('',( #1785 ) ) ;
#936 = VERTEX_POINT ( 'NONE', #1864 ) ;
#937 = DIRECTION ( 'NONE',  ( -1.000000000000000000, -2.078962154847970352E-32, 0.0000000000000000000 ) ) ;
#938 = CIRCLE ( 'NONE', #1547, 0.009999999999999939493 ) ;
#939 = ORIENTED_EDGE ( 'NONE', *, *, #1602, .T. ) ;
#940 = DIRECTION ( 'NONE',  ( -1.000000000000000000, -0.0000000000000000000, -0.0000000000000000000 ) ) ;
#941 = STYLED_ITEM ( 'NONE', ( #874 ), #916 ) ;
#942 =( REPRESENTATION_RELATIONSHIP ('NONE','NONE', #1403, #1853 ) REPRESENTATION_RELATIONSHIP_WITH_TRANSFORMATION ( #695 )SHAPE_REPRESENTATION_RELATIONSHIP( ) );
#943 = AXIS2_PLACEMENT_3D ( 'NONE', #419, #1081, #2093 ) ;
#944 = DIRECTION ( 'NONE',  ( 0.0000000000000000000, 0.0000000000000000000, 1.000000000000000000 ) ) ;
#945 = DIRECTION ( 'NONE',  ( 1.000000000000000000, 0.0000000000000000000, 0.0000000000000000000 ) ) ;
#946 = AXIS2_PLACEMENT_3D ( 'NONE', #1233, #741, #1901 ) ;
#947 = VERTEX_POINT ( 'NONE', #1555 ) ;
#948 = SURFACE_STYLE_USAGE ( .BOTH. , #827 ) ;
#949 = LINE ( 'NONE', #791, #174 ) ;
#950 = VECTOR ( 'NONE', #721, 100.0000000000000000 ) ;
#951 = ADVANCED_FACE ( 'NONE', ( #1394 ), #355, .F. ) ;
#952 = ORIENTED_EDGE ( 'NONE', *, *, #1432, .F. ) ;
#953 = CARTESIAN_POINT ( 'NONE',  ( -0.05000000000000000278, 0.05000000000000000278, 0.8500000000000000888 ) ) ;
#954 = VECTOR ( 'NONE', #57, 100.0000000000000000 ) ;
#955 =( NAMED_UNIT ( * ) PLANE_ANGLE_UNIT ( ) SI_UNIT ( $, .RADIAN. ) );
#956 = ORIENTED_EDGE ( 'NONE', *, *, #440, .T. ) ;
#957 = DIRECTION ( 'NONE',  ( 1.000000000000000000, 0.0000000000000000000, 0.0000000000000000000 ) ) ;
#958 = STYLED_ITEM ( 'NONE', ( #1938 ), #2021 ) ;
#959 = FACE_OUTER_BOUND ( 'NONE', #616, .T. ) ;
#960 = FILL_AREA_STYLE_COLOUR ( '', #984 ) ;
#961 = FACE_OUTER_BOUND ( 'NONE', #138, .T. ) ;
#962 = ORIENTED_EDGE ( 'NONE', *, *, #348, .F. ) ;
#963 = DIRECTION ( 'NONE',  ( 0.0000000000000000000, 1.000000000000000000, 0.0000000000000000000 ) ) ;
#964 = EDGE_CURVE ( 'NONE', #563, #73, #1236, .T. ) ;
#965 = DIRECTION ( 'NONE',  ( 0.0000000000000000000, 0.0000000000000000000, 1.000000000000000000 ) ) ;
#966 = CARTESIAN_POINT ( 'NONE',  ( -0.06836365425400149631, -0.02000000000000000042, 0.08882838487625120683 ) ) ;
#967 = CARTESIAN_POINT ( 'NONE',  ( -0.06003131717443500881, -0.02000000000000000042, 0.2677666470408440191 ) ) ;
#968 = ORIENTED_EDGE ( 'NONE', *, *, #1058, .T. ) ;
#969 = CARTESIAN_POINT ( 'NONE',  ( 0.1042803458142281675, -0.02000000000000000042, 0.7873271032559990834 ) ) ;
#970 = CARTESIAN_POINT ( 'NONE',  ( -0.2982794916698709997, 0.02000000000000000042, 0.6429959744357269802 ) ) ;
#971 = DIRECTION ( 'NONE',  ( 1.000000000000000000, 0.0000000000000000000, -0.0000000000000000000 ) ) ;
#972 = VERTEX_POINT ( 'NONE', #448 ) ;
#973 = FILL_AREA_STYLE ('',( #1467 ) ) ;
#974 = AXIS2_PLACEMENT_3D ( 'NONE', #320, #963, #13 ) ;
#975 = DIRECTION ( 'NONE',  ( 0.0000000000000000000, -1.000000000000000000, -0.0000000000000000000 ) ) ;
#976 = EDGE_CURVE ( 'NONE', #387, #1466, #1729, .T. ) ;
#977 =( GEOMETRIC_REPRESENTATION_CONTEXT ( 3 ) GLOBAL_UNCERTAINTY_ASSIGNED_CONTEXT ( ( #736 ) ) GLOBAL_UNIT_ASSIGNED_CONTEXT ( ( #116, #418, #424 ) ) REPRESENTATION_CONTEXT ( 'NONE', 'WORKASPACE' ) );
#978 = UNCERTAINTY_MEASURE_WITH_UNIT (LENGTH_MEASURE( 1.000000000000000082E-05 ), #1663, 'distance_accuracy_value', 'NONE');
#979 = DIRECTION ( 'NONE',  ( 0.0000000000000000000, 0.0000000000000000000, 1.000000000000000000 ) ) ;
#980 = ORIENTED_EDGE ( 'NONE', *, *, #1536, .T. ) ;
#981 =( GEOMETRIC_REPRESENTATION_CONTEXT ( 3 ) GLOBAL_UNCERTAINTY_ASSIGNED_CONTEXT ( ( #1070 ) ) GLOBAL_UNIT_ASSIGNED_CONTEXT ( ( #706, #381, #213 ) ) REPRESENTATION_CONTEXT ( 'NONE', 'WORKASPACE' ) );
#982 = SURFACE_STYLE_FILL_AREA ( #326 ) ;
#983 = SURFACE_STYLE_USAGE ( .BOTH. , #801 ) ;
#984 = COLOUR_RGB ( '',0.05882352941176470507, 0.05882352941176470507, 0.05882352941176470507 ) ;
#985 = ORIENTED_EDGE ( 'NONE', *, *, #1593, .F. ) ;
#986 = LINE ( 'NONE', #1142, #429 ) ;
#987 = AXIS2_PLACEMENT_3D ( 'NONE', #177, #1512, #833 ) ;
#988 = CARTESIAN_POINT ( 'NONE',  ( -0.1000000000000000056, 0.0000000000000000000, 0.0000000000000000000 ) ) ;
#989 =( NAMED_UNIT ( * ) PLANE_ANGLE_UNIT ( ) SI_UNIT ( $, .RADIAN. ) );
#990 = EDGE_CURVE ( 'NONE', #1379, #128, #1073, .T. ) ;
#991 = CIRCLE ( 'NONE', #745, 0.2547114388012230446 ) ;
#992 = CARTESIAN_POINT ( 'NONE',  ( 0.09428034581422810312, 0.02000000000000000042, 0.7873271032559990834 ) ) ;
#993 = CARTESIAN_POINT ( 'NONE',  ( 1.524000000000000021, 0.0000000000000000000, 0.0000000000000000000 ) ) ;
#994 = VERTEX_POINT ( 'NONE', #1248 ) ;
#995 = LINE ( 'NONE', #134, #1480 ) ;
#996 = SURFACE_STYLE_FILL_AREA ( #341 ) ;
#997 = ORIENTED_EDGE ( 'NONE', *, *, #1165, .T. ) ;
#998 = DIRECTION ( 'NONE',  ( -0.0000000000000000000, 1.000000000000000000, 0.0000000000000000000 ) ) ;
#999 = UNCERTAINTY_MEASURE_WITH_UNIT (LENGTH_MEASURE( 1.000000000000000082E-05 ), #34, 'distance_accuracy_value', 'NONE');
#1000 = SHAPE_DEFINITION_REPRESENTATION ( #752, #1853 ) ;
#1001 = ORIENTED_EDGE ( 'NONE', *, *, #925, .F. ) ;
#1002 = SURFACE_SIDE_STYLE ('',( #1704 ) ) ;
#1003 = EDGE_CURVE ( 'NONE', #60, #838, #1103, .T. ) ;
#1004 = VERTEX_POINT ( 'NONE', #1261 ) ;
#1005 = FILL_AREA_STYLE_COLOUR ( '', #1328 ) ;
#1006 = SURFACE_STYLE_FILL_AREA ( #2043 ) ;
#1007 = ORIENTED_EDGE ( 'NONE', *, *, #1747, .F. ) ;
#1008 = PRODUCT_DEFINITION_SHAPE ( 'NONE', 'NONE',  #2137 ) ;
#1009 = FACE_OUTER_BOUND ( 'NONE', #873, .T. ) ;
#1010 = CARTESIAN_POINT ( 'NONE',  ( 0.07499999999999999722, 0.0000000000000000000, 0.8250000000000000666 ) ) ;
#1011 = DIRECTION ( 'NONE',  ( 0.0000000000000000000, 0.0000000000000000000, 1.000000000000000000 ) ) ;
#1012 = STYLED_ITEM ( 'NONE', ( #756 ), #416 ) ;
#1013 = VERTEX_POINT ( 'NONE', #1613 ) ;
#1014 = CARTESIAN_POINT ( 'NONE',  ( -0.03244696269377497777, -0.02000000000000000042, -0.9671385867237070055 ) ) ;
#1015 = DIRECTION ( 'NONE',  ( 0.0000000000000000000, 1.000000000000000000, 0.0000000000000000000 ) ) ;
#1016 =( NAMED_UNIT ( * ) PLANE_ANGLE_UNIT ( ) SI_UNIT ( $, .RADIAN. ) );
#1017 = EDGE_LOOP ( 'NONE', ( #559, #757, #1706, #248 ) ) ;
#1018 =( REPRESENTATION_RELATIONSHIP ('NONE','NONE', #1403, #1782 ) REPRESENTATION_RELATIONSHIP_WITH_TRANSFORMATION ( #1857 )SHAPE_REPRESENTATION_RELATIONSHIP( ) );
#1019 = EDGE_CURVE ( 'NONE', #151, #1506, #1556, .T. ) ;
#1020 =( LENGTH_UNIT ( ) NAMED_UNIT ( * ) SI_UNIT ( .CENTI., .METRE. ) );
#1021 = COLOUR_RGB ( '',0.1019607843137254888, 0.1019607843137254888, 0.1019607843137254888 ) ;
#1022 = ORIENTED_EDGE ( 'NONE', *, *, #1044, .F. ) ;
#1023 = FACE_OUTER_BOUND ( 'NONE', #2022, .T. ) ;
#1024 = VECTOR ( 'NONE', #1526, 100.0000000000000000 ) ;
#1025 = CARTESIAN_POINT ( 'NONE',  ( 0.1000000000000000056, 0.0000000000000000000, 0.8500000000000000888 ) ) ;
#1026 = PRODUCT_DEFINITION_SHAPE ( 'NONE', 'NONE',  #2128 ) ;
#1027 = PRESENTATION_STYLE_ASSIGNMENT (( #1998 ) ) ;
#1028 = ORIENTED_EDGE ( 'NONE', *, *, #86, .F. ) ;
#1029 = MECHANICAL_DESIGN_GEOMETRIC_PRESENTATION_REPRESENTATION (  '', ( #1347 ), #1310 ) ;
#1030 = CARTESIAN_POINT ( 'NONE',  ( 0.1042803458142282924, -0.02000000000000000042, 0.7873271032559990834 ) ) ;
#1031 = SURFACE_STYLE_FILL_AREA ( #1567 ) ;
#1032 = EDGE_LOOP ( 'NONE', ( #1798, #1368, #398, #780, #261, #394, #1887, #1373, #1600, #1486, #1554, #182, #1158, #427, #1444, #1557, #2000, #1599, #132, #385 ) ) ;
#1033 = COLOUR_RGB ( '',0.1019607843137254888, 0.1019607843137254888, 0.1019607843137254888 ) ;
#1034 = ORIENTED_EDGE ( 'NONE', *, *, #473, .F. ) ;
#1035 = LINE ( 'NONE', #1179, #1309 ) ;
#1036 = EDGE_CURVE ( 'NONE', #1211, #343, #738, .T. ) ;
#1037 = ORIENTED_EDGE ( 'NONE', *, *, #321, .T. ) ;
#1038 = FACE_OUTER_BOUND ( 'NONE', #1434, .T. ) ;
#1039 = PRESENTATION_STYLE_ASSIGNMENT (( #699 ) ) ;
#1040 = EDGE_LOOP ( 'NONE', ( #1764, #2056, #1661, #686 ) ) ;
#1041 = SURFACE_STYLE_FILL_AREA ( #1892 ) ;
#1042 = DIRECTION ( 'NONE',  ( 0.0000000000000000000, 0.0000000000000000000, 1.000000000000000000 ) ) ;
#1043 = EDGE_LOOP ( 'NONE', ( #1647, #1028, #179, #829 ) ) ;
#1044 = EDGE_CURVE ( 'NONE', #287, #343, #921, .T. ) ;
#1045 = FACE_OUTER_BOUND ( 'NONE', #2104, .T. ) ;
#1046 = VERTEX_POINT ( 'NONE', #1598 ) ;
#1047 = LINE ( 'NONE', #835, #1051 ) ;
#1048 = CYLINDRICAL_SURFACE ( 'NONE', #857, 0.2547114388012230446 ) ;
#1049 =( NAMED_UNIT ( * ) SI_UNIT ( $, .STERADIAN. ) SOLID_ANGLE_UNIT ( ) );
#1050 = PRESENTATION_LAYER_ASSIGNMENT (  '', '', ( #1682 ) ) ;
#1051 = VECTOR ( 'NONE', #570, 100.0000000000000000 ) ;
#1052 = CARTESIAN_POINT ( 'NONE',  ( 0.0000000000000000000, -0.1000000000000000056, 0.0000000000000000000 ) ) ;
#1053 =( GEOMETRIC_REPRESENTATION_CONTEXT ( 3 ) GLOBAL_UNCERTAINTY_ASSIGNED_CONTEXT ( ( #1468 ) ) GLOBAL_UNIT_ASSIGNED_CONTEXT ( ( #1020, #1545, #1694 ) ) REPRESENTATION_CONTEXT ( 'NONE', 'WORKASPACE' ) );
#1054 = ORIENTED_EDGE ( 'NONE', *, *, #312, .T. ) ;
#1055 = CYLINDRICAL_SURFACE ( 'NONE', #805, 0.06003131717443499493 ) ;
#1056 = CARTESIAN_POINT ( 'NONE',  ( 0.09428034581422810312, -0.02000000000000000042, 0.7973271032559993143 ) ) ;
#1057 = PRESENTATION_LAYER_ASSIGNMENT (  '', '', ( #1385 ) ) ;
#1058 = EDGE_CURVE ( 'NONE', #49, #128, #1401, .T. ) ;
#1059 = SURFACE_STYLE_USAGE ( .BOTH. , #401 ) ;
#1060 = SURFACE_STYLE_FILL_AREA ( #270 ) ;
#1061 =( GEOMETRIC_REPRESENTATION_CONTEXT ( 3 ) GLOBAL_UNCERTAINTY_ASSIGNED_CONTEXT ( ( #999 ) ) GLOBAL_UNIT_ASSIGNED_CONTEXT ( ( #34, #725, #1049 ) ) REPRESENTATION_CONTEXT ( 'NONE', 'WORKASPACE' ) );
#1062 = EDGE_CURVE ( 'NONE', #1325, #972, #125, .T. ) ;
#1063 =( NAMED_UNIT ( * ) PLANE_ANGLE_UNIT ( ) SI_UNIT ( $, .RADIAN. ) );
#1064 =( NAMED_UNIT ( * ) PLANE_ANGLE_UNIT ( ) SI_UNIT ( $, .RADIAN. ) );
#1065 = AXIS2_PLACEMENT_3D ( 'NONE', #1124, #1458, #657 ) ;
#1066 = LINE ( 'NONE', #553, #1960 ) ;
#1067 = PLANE ( 'NONE',  #1218 ) ;
#1068 =( GEOMETRIC_REPRESENTATION_CONTEXT ( 3 ) GLOBAL_UNCERTAINTY_ASSIGNED_CONTEXT ( ( #1806 ) ) GLOBAL_UNIT_ASSIGNED_CONTEXT ( ( #1873, #1016, #62 ) ) REPRESENTATION_CONTEXT ( 'NONE', 'WORKASPACE' ) );
#1069 = FILL_AREA_STYLE_COLOUR ( '', #1374 ) ;
#1070 = UNCERTAINTY_MEASURE_WITH_UNIT (LENGTH_MEASURE( 1.000000000000000082E-05 ), #706, 'distance_accuracy_value', 'NONE');
#1071 = SURFACE_STYLE_FILL_AREA ( #2090 ) ;
#1072 = DIRECTION ( 'NONE',  ( 8.065349974140638857E-32, 0.7071067811865460184, 0.7071067811865490160 ) ) ;
#1073 = LINE ( 'NONE', #1759, #463 ) ;
#1074 = EDGE_CURVE ( 'NONE', #533, #387, #1604, .T. ) ;
#1075 = LINE ( 'NONE', #1942, #1327 ) ;
#1076 = PRODUCT_DEFINITION_SHAPE ( 'NONE', 'NONE',  #1496 ) ;
#1077 = DIRECTION ( 'NONE',  ( 0.0000000000000000000, -1.000000000000000000, 0.0000000000000000000 ) ) ;
#1078 = FACE_OUTER_BOUND ( 'NONE', #1456, .T. ) ;
#1079 = ORIENTED_EDGE ( 'NONE', *, *, #2080, .T. ) ;
#1080 = PLANE ( 'NONE',  #431 ) ;
#1081 = DIRECTION ( 'NONE',  ( -0.0000000000000000000, -1.000000000000000000, -0.0000000000000000000 ) ) ;
#1082 = COLOUR_RGB ( '',1.000000000000000000, 1.000000000000000000, 1.000000000000000000 ) ;
#1083 = EDGE_CURVE ( 'NONE', #1363, #240, #1828, .T. ) ;
#1084 = VECTOR ( 'NONE', #1595, 100.0000000000000000 ) ;
#1085 = ORIENTED_EDGE ( 'NONE', *, *, #86, .T. ) ;
#1086 = AXIS2_PLACEMENT_3D ( 'NONE', #1531, #377, #518 ) ;
#1087 = CARTESIAN_POINT ( 'NONE',  ( 0.0000000000000000000, 0.1270000000000000018, 0.8500000000000000888 ) ) ;
#1088 = DIRECTION ( 'NONE',  ( -0.1400372197710414990, 0.0000000000000000000, 0.9901462402487811731 ) ) ;
#1089 = MECHANICAL_DESIGN_GEOMETRIC_PRESENTATION_REPRESENTATION (  '', ( #245 ), #165 ) ;
#1090 = DIRECTION ( 'NONE',  ( 0.0000000000000000000, 1.000000000000000000, 0.0000000000000000000 ) ) ;
#1091 = AXIS2_PLACEMENT_3D ( 'NONE', #412, #588, #1917 ) ;
#1092 = CARTESIAN_POINT ( 'NONE',  ( -0.06003131717443484228, 0.02000000000000000042, 0.2677666470408440191 ) ) ;
#1093 = MECHANICAL_DESIGN_GEOMETRIC_PRESENTATION_REPRESENTATION (  '', ( #277 ), #1276 ) ;
#1094 = SURFACE_STYLE_USAGE ( .BOTH. , #1578 ) ;
#1095 = PRODUCT_DEFINITION_FORMATION_WITH_SPECIFIED_SOURCE ( 'ANY', '', #423, .NOT_KNOWN. ) ;
#1096 = ORIENTED_EDGE ( 'NONE', *, *, #578, .T. ) ;
#1097 = COLOUR_RGB ( '',0.8666666666666666963, 0.7725490196078431682, 0.2156862745098039325 ) ;
#1098 =( NAMED_UNIT ( * ) PLANE_ANGLE_UNIT ( ) SI_UNIT ( $, .RADIAN. ) );
#1099 =( REPRESENTATION_RELATIONSHIP ('NONE','NONE', #1403, #1782 ) REPRESENTATION_RELATIONSHIP_WITH_TRANSFORMATION ( #708 )SHAPE_REPRESENTATION_RELATIONSHIP( ) );
#1100 = CARTESIAN_POINT ( 'NONE',  ( 0.1000000000000000056, -0.1000000000000000056, 0.0000000000000000000 ) ) ;
#1101 = SURFACE_STYLE_FILL_AREA ( #2119 ) ;
#1102 =( NAMED_UNIT ( * ) SI_UNIT ( $, .STERADIAN. ) SOLID_ANGLE_UNIT ( ) );
#1103 = LINE ( 'NONE', #1748, #400 ) ;
#1104 =( NAMED_UNIT ( * ) PLANE_ANGLE_UNIT ( ) SI_UNIT ( $, .RADIAN. ) );
#1105 = VERTEX_POINT ( 'NONE', #907 ) ;
#1106 = CARTESIAN_POINT ( 'NONE',  ( 0.0000000000000000000, 0.05000000000000000278, 0.8500000000000000888 ) ) ;
#1107 = FILL_AREA_STYLE_COLOUR ( '', #1478 ) ;
#1108 = EDGE_CURVE ( 'NONE', #1363, #726, #2099, .T. ) ;
#1109 = CARTESIAN_POINT ( 'NONE',  ( -0.08509588200079716558, 0.02000000000000000042, 0.7912825582816289671 ) ) ;
#1110 = DIRECTION ( 'NONE',  ( 0.0000000000000000000, 0.0000000000000000000, 1.000000000000000000 ) ) ;
#1111 = DIRECTION ( 'NONE',  ( -0.0000000000000000000, 1.000000000000000000, 0.0000000000000000000 ) ) ;
#1112 = DIRECTION ( 'NONE',  ( 8.065349974140638857E-32, -0.7071067811865460184, 0.7071067811865490160 ) ) ;
#1113 = EDGE_LOOP ( 'NONE', ( #1866, #301, #1586, #1714 ) ) ;
#1114 = DIRECTION ( 'NONE',  ( 0.0000000000000000000, 0.0000000000000000000, -1.000000000000000000 ) ) ;
#1115 = PRESENTATION_LAYER_ASSIGNMENT (  '', '', ( #230 ) ) ;
#1116 = PRESENTATION_LAYER_ASSIGNMENT (  '', '', ( #488 ) ) ;
#1117 = CARTESIAN_POINT ( 'NONE',  ( -0.1042803458142280149, -0.02000000000000000042, 0.08882838487625122070 ) ) ;
#1118 = COLOUR_RGB ( '',0.06666666666666666574, 0.06666666666666666574, 0.06666666666666666574 ) ;
#1119 = LINE ( 'NONE', #1656, #749 ) ;
#1120 = STYLED_ITEM ( 'NONE', ( #1805 ), #763 ) ;
#1121 = SURFACE_STYLE_FILL_AREA ( #1312 ) ;
#1122 = VECTOR ( 'NONE', #255, 100.0000000000000000 ) ;
#1123 = FILL_AREA_STYLE_COLOUR ( '', #139 ) ;
#1124 = CARTESIAN_POINT ( 'NONE',  ( 0.5080000000000000071, 0.0000000000000000000, 0.0000000000000000000 ) ) ;
#1125 = STYLED_ITEM ( 'NONE', ( #1890 ), #1393 ) ;
#1126 = CARTESIAN_POINT ( 'NONE',  ( 0.1270000000000000018, 0.0000000000000000000, 0.0000000000000000000 ) ) ;
#1127 = CARTESIAN_POINT ( 'NONE',  ( 0.03244696269377490144, -0.02000000000000000042, 0.08882838487625119295 ) ) ;
#1128 = CARTESIAN_POINT ( 'NONE',  ( 0.04999999999999998890, -0.04999999999999998890, 0.8000000000000000444 ) ) ;
#1129 = ORIENTED_EDGE ( 'NONE', *, *, #1826, .F. ) ;
#1130 = CARTESIAN_POINT ( 'NONE',  ( -0.1042803458142280149, -0.02000000000000000042, 0.08882838487625122070 ) ) ;
#1131 = MECHANICAL_DESIGN_GEOMETRIC_PRESENTATION_REPRESENTATION (  '', ( #1488 ), #1594 ) ;
#1132 = UNCERTAINTY_MEASURE_WITH_UNIT (LENGTH_MEASURE( 1.000000000000000082E-05 ), #502, 'distance_accuracy_value', 'NONE');
#1133 = APPLICATION_CONTEXT ( 'automotive_design' ) ;
#1134 =( LENGTH_UNIT ( ) NAMED_UNIT ( * ) SI_UNIT ( .CENTI., .METRE. ) );
#1135 = CARTESIAN_POINT ( 'NONE',  ( -0.09428034581422810312, -0.02000000000000000042, 0.7873271032559990834 ) ) ;
#1136 = FACE_OUTER_BOUND ( 'NONE', #817, .T. ) ;
#1137 = DIRECTION ( 'NONE',  ( 1.000000000000000000, 0.0000000000000000000, 0.0000000000000000000 ) ) ;
#1138 = EDGE_LOOP ( 'NONE', ( #1681, #12, #1564, #592 ) ) ;
#1139 = FACE_OUTER_BOUND ( 'NONE', #1113, .T. ) ;
#1140 =( NAMED_UNIT ( * ) SI_UNIT ( $, .STERADIAN. ) SOLID_ANGLE_UNIT ( ) );
#1141 = ORIENTED_EDGE ( 'NONE', *, *, #1793, .F. ) ;
#1142 = CARTESIAN_POINT ( 'NONE',  ( -0.1042803458142280149, 0.02000000000000000042, 0.02843064381840689978 ) ) ;
#1143 = EDGE_CURVE ( 'NONE', #777, #279, #407, .T. ) ;
#1144 =( NAMED_UNIT ( * ) SI_UNIT ( $, .STERADIAN. ) SOLID_ANGLE_UNIT ( ) );
#1145 = DIRECTION ( 'NONE',  ( 1.000000000000000000, 0.0000000000000000000, 0.0000000000000000000 ) ) ;
#1146 = DIRECTION ( 'NONE',  ( -1.000000000000000000, 0.0000000000000000000, 0.0000000000000000000 ) ) ;
#1147 =( LENGTH_UNIT ( ) NAMED_UNIT ( * ) SI_UNIT ( .CENTI., .METRE. ) );
#1148 = DIRECTION ( 'NONE',  ( 1.000000000000000000, 0.0000000000000000000, 0.0000000000000000000 ) ) ;
#1149 = ORIENTED_EDGE ( 'NONE', *, *, #1285, .F. ) ;
#1150 = CARTESIAN_POINT ( 'NONE',  ( -0.09428034581422810312, 0.02000000000000000042, 0.7973271032559989813 ) ) ;
#1151 = EDGE_CURVE ( 'NONE', #1990, #1013, #742, .T. ) ;
#1152 =( GEOMETRIC_REPRESENTATION_CONTEXT ( 3 ) GLOBAL_UNCERTAINTY_ASSIGNED_CONTEXT ( ( #561 ) ) GLOBAL_UNIT_ASSIGNED_CONTEXT ( ( #395, #1217, #354 ) ) REPRESENTATION_CONTEXT ( 'NONE', 'WORKASPACE' ) );
#1153 = DIRECTION ( 'NONE',  ( 0.0000000000000000000, -1.000000000000000000, -0.0000000000000000000 ) ) ;
#1154 = VECTOR ( 'NONE', #601, 100.0000000000000000 ) ;
#1155 =( LENGTH_UNIT ( ) NAMED_UNIT ( * ) SI_UNIT ( .CENTI., .METRE. ) );
#1156 = DIRECTION ( 'NONE',  ( 0.0000000000000000000, -0.0000000000000000000, 1.000000000000000000 ) ) ;
#1157 = DIRECTION ( 'NONE',  ( 1.000000000000000000, 0.0000000000000000000, 0.0000000000000000000 ) ) ;
#1158 = ORIENTED_EDGE ( 'NONE', *, *, #1083, .T. ) ;
#1159 = CARTESIAN_POINT ( 'NONE',  ( 1.892425610156520157E-18, 0.1000000000000000056, 0.8500000000000000888 ) ) ;
#1160 = VECTOR ( 'NONE', #454, 100.0000000000000000 ) ;
#1161 = ORIENTED_EDGE ( 'NONE', *, *, #679, .T. ) ;
#1162 = CARTESIAN_POINT ( 'NONE',  ( -0.06003131717443468962, -0.02000000000000000042, 0.4103376530110829923 ) ) ;
#1163 = COLOUR_RGB ( '',0.8666666666666666963, 0.7725490196078431682, 0.2156862745098039325 ) ;
#1164 = CIRCLE ( 'NONE', #987, 0.01000000000000028644 ) ;
#1165 = EDGE_CURVE ( 'NONE', #2034, #713, #1474, .T. ) ;
#1166 = SURFACE_STYLE_FILL_AREA ( #1700 ) ;
#1167 = ORIENTED_EDGE ( 'NONE', *, *, #1244, .F. ) ;
#1168 = EDGE_CURVE ( 'NONE', #349, #1379, #1484, .T. ) ;
#1169 = CARTESIAN_POINT ( 'NONE',  ( -0.02130000000000031868, -0.02000000000000000042, -1.045954227447509988 ) ) ;
#1170 = APPLICATION_PROTOCOL_DEFINITION ( 'draft international standard', 'automotive_design', 1998, #39 ) ;
#1171 = ORIENTED_EDGE ( 'NONE', *, *, #109, .T. ) ;
#1172 = CARTESIAN_POINT ( 'NONE',  ( -0.1270000000000000018, 0.1270000000000000018, 0.8500000000000000888 ) ) ;
#1173 =( NAMED_UNIT ( * ) SI_UNIT ( $, .STERADIAN. ) SOLID_ANGLE_UNIT ( ) );
#1174 = PRESENTATION_LAYER_ASSIGNMENT (  '', '', ( #1775 ) ) ;
#1175 = CARTESIAN_POINT ( 'NONE',  ( 0.1000000000000000056, 0.1000000000000000056, 0.0000000000000000000 ) ) ;
#1176 = ORIENTED_EDGE ( 'NONE', *, *, #77, .F. ) ;
#1177 = PLANE ( 'NONE',  #773 ) ;
#1178 = ORIENTED_EDGE ( 'NONE', *, *, #1571, .F. ) ;
#1179 = CARTESIAN_POINT ( 'NONE',  ( 0.03244696269377490144, 0.02000000000000000042, -0.9671385867237070055 ) ) ;
#1180 = FILL_AREA_STYLE_COLOUR ( '', #1876 ) ;
#1181 = ITEM_DEFINED_TRANSFORMATION ( 'NONE', 'NONE', #823,  #828 ) ;
#1182 = VERTEX_POINT ( 'NONE', #1127 ) ;
#1183 = FILL_AREA_STYLE ('',( #1528 ) ) ;
#1184 =( NAMED_UNIT ( * ) SI_UNIT ( $, .STERADIAN. ) SOLID_ANGLE_UNIT ( ) );
#1185 = FILL_AREA_STYLE ('',( #515 ) ) ;
#1186 = PRODUCT ( 'User Library-SIL_Socket10_', 'User Library-SIL_Socket10_', '', ( #1371 ) ) ;
#1187 = ORIENTED_EDGE ( 'NONE', *, *, #1062, .T. ) ;
#1188 = CARTESIAN_POINT ( 'NONE',  ( -0.03244696269377490144, 0.02000000000000000042, 0.02843064381840689978 ) ) ;
#1189 = LINE ( 'NONE', #1052, #1266 ) ;
#1190 = VERTEX_POINT ( 'NONE', #479 ) ;
#1191 = CARTESIAN_POINT ( 'NONE',  ( -0.1270000000000000018, 0.1270000000000000018, 0.0000000000000000000 ) ) ;
#1192 = SURFACE_STYLE_FILL_AREA ( #1501 ) ;
#1193 = PRESENTATION_STYLE_ASSIGNMENT (( #1996 ) ) ;
#1194 = CONTEXT_DEPENDENT_SHAPE_REPRESENTATION ( #795, #521 ) ;
#1195 = VECTOR ( 'NONE', #1227, 100.0000000000000000 ) ;
#1196 = ORIENTED_EDGE ( 'NONE', *, *, #1723, .T. ) ;
#1197 = PRESENTATION_STYLE_ASSIGNMENT (( #187 ) ) ;
#1198 = VECTOR ( 'NONE', #1950, 100.0000000000000000 ) ;
#1199 = CARTESIAN_POINT ( 'NONE',  ( 0.2982794916698709997, -0.02000000000000000042, 0.6429959744357269802 ) ) ;
#1200 = PRODUCT_RELATED_PRODUCT_CATEGORY ( 'part', '', ( #1186 ) ) ;
#1201 =( GEOMETRIC_REPRESENTATION_CONTEXT ( 3 ) GLOBAL_UNCERTAINTY_ASSIGNED_CONTEXT ( ( #1213 ) ) GLOBAL_UNIT_ASSIGNED_CONTEXT ( ( #1155, #989, #510 ) ) REPRESENTATION_CONTEXT ( 'NONE', 'WORKASPACE' ) );
#1202 = ORIENTED_EDGE ( 'NONE', *, *, #578, .F. ) ;
#1203 =( LENGTH_UNIT ( ) NAMED_UNIT ( * ) SI_UNIT ( .CENTI., .METRE. ) );
#1204 =( GEOMETRIC_REPRESENTATION_CONTEXT ( 3 ) GLOBAL_UNCERTAINTY_ASSIGNED_CONTEXT ( ( #598 ) ) GLOBAL_UNIT_ASSIGNED_CONTEXT ( ( #288, #1064, #928 ) ) REPRESENTATION_CONTEXT ( 'NONE', 'WORKASPACE' ) );
#1205 = SURFACE_STYLE_FILL_AREA ( #2057 ) ;
#1206 = PRESENTATION_LAYER_ASSIGNMENT (  '', '', ( #245 ) ) ;
#1207 = CARTESIAN_POINT ( 'NONE',  ( 1.892425610156520157E-18, -0.1000000000000000056, 0.8500000000000000888 ) ) ;
#1208 = CARTESIAN_POINT ( 'NONE',  ( 0.02687348134688750251, -0.02000000000000000042, -1.006546407085610051 ) ) ;
#1209 = COLOUR_RGB ( '',0.1019607843137254888, 0.1019607843137254888, 0.1019607843137254888 ) ;
#1210 = DIRECTION ( 'NONE',  ( 1.000000000000000000, 0.0000000000000000000, -0.0000000000000000000 ) ) ;
#1211 = VERTEX_POINT ( 'NONE', #309 ) ;
#1212 = AXIS2_PLACEMENT_3D ( 'NONE', #178, #798, #957 ) ;
#1213 = UNCERTAINTY_MEASURE_WITH_UNIT (LENGTH_MEASURE( 1.000000000000000082E-05 ), #1155, 'distance_accuracy_value', 'NONE');
#1214 = DIRECTION ( 'NONE',  ( 1.000000000000000000, 0.0000000000000000000, -1.140612731871519894E-31 ) ) ;
#1215 = CARTESIAN_POINT ( 'NONE',  ( 0.0000000000000000000, 0.0000000000000000000, 0.0000000000000000000 ) ) ;
#1216 = ORIENTED_EDGE ( 'NONE', *, *, #899, .F. ) ;
#1217 =( NAMED_UNIT ( * ) PLANE_ANGLE_UNIT ( ) SI_UNIT ( $, .RADIAN. ) );
#1218 = AXIS2_PLACEMENT_3D ( 'NONE', #732, #1580, #126 ) ;
#1219 = SURFACE_STYLE_USAGE ( .BOTH. , #550 ) ;
#1220 = ORIENTED_EDGE ( 'NONE', *, *, #899, .T. ) ;
#1221 = FILL_AREA_STYLE ('',( #1718 ) ) ;
#1222 = SURFACE_SIDE_STYLE ('',( #2060 ) ) ;
#1223 = ORIENTED_EDGE ( 'NONE', *, *, #964, .T. ) ;
#1224 = FILL_AREA_STYLE ('',( #350 ) ) ;
#1225 = LINE ( 'NONE', #1030, #137 ) ;
#1226 = EDGE_LOOP ( 'NONE', ( #1054, #1875, #956, #31 ) ) ;
#1227 = DIRECTION ( 'NONE',  ( -1.658928450709476921E-64, 7.979599084288239752E-33, 1.000000000000000000 ) ) ;
#1228 = VERTEX_POINT ( 'NONE', #1425 ) ;
#1229 =( NAMED_UNIT ( * ) PLANE_ANGLE_UNIT ( ) SI_UNIT ( $, .RADIAN. ) );
#1230 = EDGE_CURVE ( 'NONE', #792, #1686, #995, .T. ) ;
#1231 = VECTOR ( 'NONE', #1284, 100.0000000000000000 ) ;
#1232 = SURFACE_STYLE_FILL_AREA ( #2079 ) ;
#1233 = CARTESIAN_POINT ( 'NONE',  ( 0.05000000000000000278, 0.0000000000000000000, 0.8500000000000000888 ) ) ;
#1234 = COLOUR_RGB ( '',0.05882352941176470507, 0.05882352941176470507, 0.05882352941176470507 ) ;
#1235 = LINE ( 'NONE', #2097, #1262 ) ;
#1236 = LINE ( 'NONE', #1939, #1414 ) ;
#1237 = AXIS2_PLACEMENT_3D ( 'NONE', #655, #683, #772 ) ;
#1238 = DIRECTION ( 'NONE',  ( 1.000000000000000000, 5.703063659357579763E-32, -5.703063659357603848E-32 ) ) ;
#1239 = MECHANICAL_DESIGN_GEOMETRIC_PRESENTATION_REPRESENTATION (  '', ( #1688 ), #1802 ) ;
#1240 = VECTOR ( 'NONE', #47, 100.0000000000000000 ) ;
#1241 = PLANE ( 'NONE',  #1091 ) ;
#1242 =( GEOMETRIC_REPRESENTATION_CONTEXT ( 3 ) GLOBAL_UNCERTAINTY_ASSIGNED_CONTEXT ( ( #978 ) ) GLOBAL_UNIT_ASSIGNED_CONTEXT ( ( #1663, #14, #538 ) ) REPRESENTATION_CONTEXT ( 'NONE', 'WORKASPACE' ) );
#1243 = LINE ( 'NONE', #1737, #1348 ) ;
#1244 = EDGE_CURVE ( 'NONE', #1532, #936, #1315, .T. ) ;
#1245 =( NAMED_UNIT ( * ) PLANE_ANGLE_UNIT ( ) SI_UNIT ( $, .RADIAN. ) );
#1246 = AXIS2_PLACEMENT_3D ( 'NONE', #1959, #336, #1667 ) ;
#1247 = ADVANCED_FACE ( 'NONE', ( #1305 ), #1951, .T. ) ;
#1248 = CARTESIAN_POINT ( 'NONE',  ( 0.06003131717443468962, 0.02000000000000000042, 0.5529086589813229091 ) ) ;
#1249 = APPLICATION_CONTEXT ( 'automotive_design' ) ;
#1250 = LINE ( 'NONE', #1408, #535 ) ;
#1251 = EDGE_CURVE ( 'NONE', #417, #533, #991, .T. ) ;
#1252 = ORIENTED_EDGE ( 'NONE', *, *, #1923, .T. ) ;
#1253 = FILL_AREA_STYLE_COLOUR ( '', #1234 ) ;
#1254 = DIRECTION ( 'NONE',  ( -0.0000000000000000000, -1.000000000000000000, -0.0000000000000000000 ) ) ;
#1255 = CARTESIAN_POINT ( 'NONE',  ( 0.08509588200079712395, 0.02000000000000000042, 0.7912825582816289671 ) ) ;
#1256 = APPLICATION_CONTEXT ( 'automotive_design' ) ;
#1257 = CARTESIAN_POINT ( 'NONE',  ( 0.1270000000000000018, 0.1270000000000000018, 0.8500000000000000888 ) ) ;
#1258 = SURFACE_SIDE_STYLE ('',( #1071 ) ) ;
#1259 = FILL_AREA_STYLE ('',( #1757 ) ) ;
#1260 = EDGE_CURVE ( 'NONE', #2084, #1990, #1987, .T. ) ;
#1261 = CARTESIAN_POINT ( 'NONE',  ( 0.02129999999999999949, 0.02000000000000000042, -1.045954227447509988 ) ) ;
#1262 = VECTOR ( 'NONE', #1903, 100.0000000000000000 ) ;
#1263 = ORIENTED_EDGE ( 'NONE', *, *, #1019, .F. ) ;
#1264 = PLANE ( 'NONE',  #35 ) ;
#1265 = CONTEXT_DEPENDENT_SHAPE_REPRESENTATION ( #122, #1273 ) ;
#1266 = VECTOR ( 'NONE', #1381, 100.0000000000000000 ) ;
#1267 = MECHANICAL_DESIGN_GEOMETRIC_PRESENTATION_REPRESENTATION (  '', ( #1762 ), #1482 ) ;
#1268 = CARTESIAN_POINT ( 'NONE',  ( 0.0000000000000000000, 0.0000000000000000000, 0.0000000000000000000 ) ) ;
#1269 = VECTOR ( 'NONE', #1210, 100.0000000000000000 ) ;
#1270 = FACE_OUTER_BOUND ( 'NONE', #1894, .T. ) ;
#1271 = MECHANICAL_DESIGN_GEOMETRIC_PRESENTATION_REPRESENTATION (  '', ( #507 ), #619 ) ;
#1272 = SURFACE_STYLE_FILL_AREA ( #704 ) ;
#1273 = PRODUCT_DEFINITION_SHAPE ( 'NONE', 'NONE',  #2133 ) ;
#1274 = ADVANCED_FACE ( 'NONE', ( #1821 ), #1292, .T. ) ;
#1275 = ORIENTED_EDGE ( 'NONE', *, *, #1571, .T. ) ;
#1276 =( GEOMETRIC_REPRESENTATION_CONTEXT ( 3 ) GLOBAL_UNCERTAINTY_ASSIGNED_CONTEXT ( ( #314 ) ) GLOBAL_UNIT_ASSIGNED_CONTEXT ( ( #567, #135, #1907 ) ) REPRESENTATION_CONTEXT ( 'NONE', 'WORKASPACE' ) );
#1277 = CARTESIAN_POINT ( 'NONE',  ( 0.1042803458142280149, 0.02000000000000000042, 0.02843064381840689978 ) ) ;
#1278 = PLANE ( 'NONE',  #608 ) ;
#1279 = LINE ( 'NONE', #1658, #1518 ) ;
#1280 = DIRECTION ( 'NONE',  ( 0.0000000000000000000, 0.0000000000000000000, 1.000000000000000000 ) ) ;
#1281 = DIRECTION ( 'NONE',  ( 1.658928450709476921E-64, -7.979599084288239752E-33, -1.000000000000000000 ) ) ;
#1282 = DIRECTION ( 'NONE',  ( 0.0000000000000000000, -1.000000000000000000, -0.0000000000000000000 ) ) ;
#1283 = VERTEX_POINT ( 'NONE', #514 ) ;
#1284 = DIRECTION ( 'NONE',  ( 0.0000000000000000000, 1.000000000000000000, 0.0000000000000000000 ) ) ;
#1285 = EDGE_CURVE ( 'NONE', #653, #1283, #1931, .T. ) ;
#1286 = DIRECTION ( 'NONE',  ( 0.0000000000000000000, -0.0000000000000000000, -1.000000000000000000 ) ) ;
#1287 = SURFACE_STYLE_USAGE ( .BOTH. , #1297 ) ;
#1288 = UNCERTAINTY_MEASURE_WITH_UNIT (LENGTH_MEASURE( 1.000000000000000082E-05 ), #260, 'distance_accuracy_value', 'NONE');
#1289 = CARTESIAN_POINT ( 'NONE',  ( 0.09428034581422810312, -0.02000000000000000042, 0.7873271032559990834 ) ) ;
#1290 = DIRECTION ( 'NONE',  ( 1.000000000000000000, 0.0000000000000000000, 0.0000000000000000000 ) ) ;
#1291 = DIRECTION ( 'NONE',  ( 0.0000000000000000000, -1.000000000000000000, 0.0000000000000000000 ) ) ;
#1292 = CYLINDRICAL_SURFACE ( 'NONE', #1967, 0.009999999999999939493 ) ;
#1293 = EDGE_LOOP ( 'NONE', ( #1171, #2050, #211, #1848 ) ) ;
#1294 = DIRECTION ( 'NONE',  ( 1.000000000000000000, 0.0000000000000000000, 0.0000000000000000000 ) ) ;
#1295 = COLOUR_RGB ( '',0.1019607843137254888, 0.1019607843137254888, 0.1019607843137254888 ) ;
#1296 = STYLED_ITEM ( 'NONE', ( #1193 ), #866 ) ;
#1297 = SURFACE_SIDE_STYLE ('',( #1121 ) ) ;
#1298 = PRESENTATION_LAYER_ASSIGNMENT (  '', '', ( #1688 ) ) ;
#1299 = CARTESIAN_POINT ( 'NONE',  ( -0.02687348134688750251, -0.02000000000000000042, -1.006546407085610051 ) ) ;
#1300 = CARTESIAN_POINT ( 'NONE',  ( 1.778000000000000025, 0.0000000000000000000, 0.0000000000000000000 ) ) ;
#1301 = VECTOR ( 'NONE', #590, 100.0000000000000000 ) ;
#1302 = EDGE_CURVE ( 'NONE', #441, #356, #1225, .T. ) ;
#1303 = ORIENTED_EDGE ( 'NONE', *, *, #990, .F. ) ;
#1304 = DIRECTION ( 'NONE',  ( -0.0000000000000000000, -1.000000000000000000, 0.0000000000000000000 ) ) ;
#1305 = FACE_OUTER_BOUND ( 'NONE', #1606, .T. ) ;
#1306 = DIRECTION ( 'NONE',  ( -1.000000000000000000, 0.0000000000000000000, -0.0000000000000000000 ) ) ;
#1307 = STYLED_ITEM ( 'NONE', ( #280 ), #1642 ) ;
#1308 = ORIENTED_EDGE ( 'NONE', *, *, #1143, .F. ) ;
#1309 = VECTOR ( 'NONE', #164, 100.0000000000000142 ) ;
#1310 =( GEOMETRIC_REPRESENTATION_CONTEXT ( 3 ) GLOBAL_UNCERTAINTY_ASSIGNED_CONTEXT ( ( #1313 ) ) GLOBAL_UNIT_ASSIGNED_CONTEXT ( ( #1738, #1585, #748 ) ) REPRESENTATION_CONTEXT ( 'NONE', 'WORKASPACE' ) );
#1311 = PRODUCT_DEFINITION_SHAPE ( 'NONE', 'NONE',  #2135 ) ;
#1312 = FILL_AREA_STYLE ('',( #1778 ) ) ;
#1313 = UNCERTAINTY_MEASURE_WITH_UNIT (LENGTH_MEASURE( 1.000000000000000082E-05 ), #1738, 'distance_accuracy_value', 'NONE');
#1314 = FILL_AREA_STYLE ('',( #1648 ) ) ;
#1315 = LINE ( 'NONE', #642, #1160 ) ;
#1316 = ADVANCED_FACE ( 'NONE', ( #1351, #2037 ), #698, .T. ) ;
#1317 = ORIENTED_EDGE ( 'NONE', *, *, #461, .T. ) ;
#1318 =( NAMED_UNIT ( * ) SI_UNIT ( $, .STERADIAN. ) SOLID_ANGLE_UNIT ( ) );
#1319 = LINE ( 'NONE', #1207, #547 ) ;
#1320 = DIRECTION ( 'NONE',  ( 0.0000000000000000000, 1.000000000000000000, 0.0000000000000000000 ) ) ;
#1321 = DIRECTION ( 'NONE',  ( 1.000000000000000000, 0.0000000000000000000, 0.0000000000000000000 ) ) ;
#1322 =( LENGTH_UNIT ( ) NAMED_UNIT ( * ) SI_UNIT ( .CENTI., .METRE. ) );
#1323 = CARTESIAN_POINT ( 'NONE',  ( 0.06003131717443470350, -0.02000000000000000042, 0.7330832898901310513 ) ) ;
#1324 = PLANE ( 'NONE',  #789 ) ;
#1325 = VERTEX_POINT ( 'NONE', #530 ) ;
#1326 = CARTESIAN_POINT ( 'NONE',  ( 0.1000000000000000056, -0.1000000000000000056, 0.7399999999999999911 ) ) ;
#1327 = VECTOR ( 'NONE', #1749, 100.0000000000000000 ) ;
#1328 = COLOUR_RGB ( '',1.000000000000000000, 1.000000000000000000, 1.000000000000000000 ) ;
#1329 = PRESENTATION_STYLE_ASSIGNMENT (( #690 ) ) ;
#1330 = VECTOR ( 'NONE', #434, 100.0000000000000000 ) ;
#1331 = SURFACE_STYLE_FILL_AREA ( #877 ) ;
#1332 = UNCERTAINTY_MEASURE_WITH_UNIT (LENGTH_MEASURE( 1.000000000000000082E-05 ), #1646, 'distance_accuracy_value', 'NONE');
#1333 = FACE_OUTER_BOUND ( 'NONE', #869, .T. ) ;
#1334 = AXIS2_PLACEMENT_3D ( 'NONE', #210, #1852, #1042 ) ;
#1335 = ORIENTED_EDGE ( 'NONE', *, *, #389, .F. ) ;
#1336 =( NAMED_UNIT ( * ) SI_UNIT ( $, .STERADIAN. ) SOLID_ANGLE_UNIT ( ) );
#1337 = DIRECTION ( 'NONE',  ( 0.0000000000000000000, 0.0000000000000000000, -1.000000000000000000 ) ) ;
#1338 = FILL_AREA_STYLE_COLOUR ( '', #1884 ) ;
#1339 = MECHANICAL_DESIGN_GEOMETRIC_PRESENTATION_REPRESENTATION (  '', ( #1385 ), #1905 ) ;
#1340 = ORIENTED_EDGE ( 'NONE', *, *, #1507, .T. ) ;
#1341 = PRESENTATION_STYLE_ASSIGNMENT (( #1817 ) ) ;
#1342 = AXIS2_PLACEMENT_3D ( 'NONE', #1361, #2020, #225 ) ;
#1343 = SURFACE_SIDE_STYLE ('',( #231 ) ) ;
#1344 = CIRCLE ( 'NONE', #1342, 0.01000000000000028644 ) ;
#1345 = ORIENTED_EDGE ( 'NONE', *, *, #389, .T. ) ;
#1346 = EDGE_CURVE ( 'NONE', #1543, #1379, #465, .T. ) ;
#1347 = STYLED_ITEM ( 'NONE', ( #1781 ), #439 ) ;
#1348 = VECTOR ( 'NONE', #735, 100.0000000000000000 ) ;
#1349 = ORIENTED_EDGE ( 'NONE', *, *, #1777, .F. ) ;
#1350 = CARTESIAN_POINT ( 'NONE',  ( -0.06003131717443468962, 0.02000000000000000042, 0.5529086589813230201 ) ) ;
#1351 = FACE_BOUND ( 'NONE', #1702, .T. ) ;
#1352 = STYLED_ITEM ( 'NONE', ( #1039 ), #37 ) ;
#1353 = DIRECTION ( 'NONE',  ( 0.0000000000000000000, 0.0000000000000000000, 1.000000000000000000 ) ) ;
#1354 = EDGE_LOOP ( 'NONE', ( #2008, #1459, #190, #1187 ) ) ;
#1355 = SURFACE_SIDE_STYLE ('',( #386 ) ) ;
#1356 = DIRECTION ( 'NONE',  ( 0.0000000000000000000, 0.0000000000000000000, 1.000000000000000000 ) ) ;
#1357 = ORIENTED_EDGE ( 'NONE', *, *, #925, .T. ) ;
#1358 = LINE ( 'NONE', #1888, #666 ) ;
#1359 = LINE ( 'NONE', #1533, #954 ) ;
#1360 = SURFACE_STYLE_USAGE ( .BOTH. , #1843 ) ;
#1361 = CARTESIAN_POINT ( 'NONE',  ( 0.09428034581422810312, 0.02000000000000000042, 0.7873271032559990834 ) ) ;
#1362 = CONTEXT_DEPENDENT_SHAPE_REPRESENTATION ( #911, #36 ) ;
#1363 = VERTEX_POINT ( 'NONE', #1850 ) ;
#1364 = DIRECTION ( 'NONE',  ( -0.0000000000000000000, 1.000000000000000000, 0.0000000000000000000 ) ) ;
#1365 = VERTEX_POINT ( 'NONE', #1689 ) ;
#1366 = PRESENTATION_STYLE_ASSIGNMENT (( #1520 ) ) ;
#1367 =( NAMED_UNIT ( * ) PLANE_ANGLE_UNIT ( ) SI_UNIT ( $, .RADIAN. ) );
#1368 = ORIENTED_EDGE ( 'NONE', *, *, #1549, .T. ) ;
#1369 = CARTESIAN_POINT ( 'NONE',  ( 0.0000000000000000000, -0.1000000000000000056, 0.7399999999999999911 ) ) ;
#1370 = DIRECTION ( 'NONE',  ( 0.0000000000000000000, -1.000000000000000000, -0.0000000000000000000 ) ) ;
#1371 = PRODUCT_CONTEXT ( 'NONE', #39, 'mechanical' ) ;
#1372 =( GEOMETRIC_REPRESENTATION_CONTEXT ( 3 ) GLOBAL_UNCERTAINTY_ASSIGNED_CONTEXT ( ( #1409 ) ) GLOBAL_UNIT_ASSIGNED_CONTEXT ( ( #584, #1063, #1102 ) ) REPRESENTATION_CONTEXT ( 'NONE', 'WORKASPACE' ) );
#1373 = ORIENTED_EDGE ( 'NONE', *, *, #532, .T. ) ;
#1374 = COLOUR_RGB ( '',0.06666666666666666574, 0.06666666666666666574, 0.06666666666666666574 ) ;
#1375 = SURFACE_STYLE_USAGE ( .BOTH. , #188 ) ;
#1376 =( NAMED_UNIT ( * ) PLANE_ANGLE_UNIT ( ) SI_UNIT ( $, .RADIAN. ) );
#1377 = EDGE_CURVE ( 'NONE', #1182, #87, #1552, .T. ) ;
#1378 =( GEOMETRIC_REPRESENTATION_CONTEXT ( 3 ) GLOBAL_UNCERTAINTY_ASSIGNED_CONTEXT ( ( #113 ) ) GLOBAL_UNIT_ASSIGNED_CONTEXT ( ( #1448, #1818, #637 ) ) REPRESENTATION_CONTEXT ( 'NONE', 'WORKASPACE' ) );
#1379 = VERTEX_POINT ( 'NONE', #858 ) ;
#1380 = DIRECTION ( 'NONE',  ( 0.0000000000000000000, 0.0000000000000000000, 1.000000000000000000 ) ) ;
#1381 = DIRECTION ( 'NONE',  ( -1.000000000000000000, -0.0000000000000000000, 0.0000000000000000000 ) ) ;
#1382 = VECTOR ( 'NONE', #1356, 100.0000000000000000 ) ;
#1383 = VERTEX_POINT ( 'NONE', #51 ) ;
#1384 = PRESENTATION_STYLE_ASSIGNMENT (( #864 ) ) ;
#1385 = STYLED_ITEM ( 'NONE', ( #1815 ), #1479 ) ;
#1386 = COLOUR_RGB ( '',0.8666666666666666963, 0.7725490196078431682, 0.2156862745098039325 ) ;
#1387 = PRESENTATION_LAYER_ASSIGNMENT (  '', '', ( #1488 ) ) ;
#1388 = ITEM_DEFINED_TRANSFORMATION ( 'NONE', 'NONE', #1212,  #828 ) ;
#1389 = ORIENTED_EDGE ( 'NONE', *, *, #825, .T. ) ;
#1390 = ORIENTED_EDGE ( 'NONE', *, *, #825, .F. ) ;
#1391 = DIRECTION ( 'NONE',  ( -1.000000000000000000, 0.0000000000000000000, 0.0000000000000000000 ) ) ;
#1392 = PRESENTATION_LAYER_ASSIGNMENT (  '', '', ( #507 ) ) ;
#1393 = ADVANCED_FACE ( 'NONE', ( #351 ), #562, .T. ) ;
#1394 = FACE_OUTER_BOUND ( 'NONE', #1717, .T. ) ;
#1395 = FACE_OUTER_BOUND ( 'NONE', #1550, .T. ) ;
#1396 = EDGE_CURVE ( 'NONE', #240, #1532, #854, .T. ) ;
#1397 = FACE_OUTER_BOUND ( 'NONE', #1859, .T. ) ;
#1398 = SURFACE_STYLE_USAGE ( .BOTH. , #1751 ) ;
#1399 =( NAMED_UNIT ( * ) SI_UNIT ( $, .STERADIAN. ) SOLID_ANGLE_UNIT ( ) );
#1400 = PLANE ( 'NONE',  #192 ) ;
#1401 = LINE ( 'NONE', #2065, #1447 ) ;
#1402 = SURFACE_STYLE_FILL_AREA ( #1940 ) ;
#1403 = SHAPE_REPRESENTATION ( 'User Library-SIL_Socket10_', ( #901, #1596, #785, #648, #1881, #172, #1065, #823, #1423, #1212, #468, #2, #1246, #1771, #1662, #2009, #551, #729, #305, #1524, #1491 ), #2047 ) ;
#1404 = EDGE_CURVE ( 'NONE', #1228, #73, #422, .T. ) ;
#1405 =( REPRESENTATION_RELATIONSHIP ('NONE','NONE', #1403, #1853 ) REPRESENTATION_RELATIONSHIP_WITH_TRANSFORMATION ( #760 )SHAPE_REPRESENTATION_RELATIONSHIP( ) );
#1406 = DIRECTION ( 'NONE',  ( 0.7071067811865460184, 0.0000000000000000000, 0.7071067811865490160 ) ) ;
#1407 =( GEOMETRIC_REPRESENTATION_CONTEXT ( 3 ) GLOBAL_UNCERTAINTY_ASSIGNED_CONTEXT ( ( #1583 ) ) GLOBAL_UNIT_ASSIGNED_CONTEXT ( ( #2045, #1229, #1906 ) ) REPRESENTATION_CONTEXT ( 'NONE', 'WORKASPACE' ) );
#1408 = CARTESIAN_POINT ( 'NONE',  ( -0.1000000000000000056, -0.1000000000000000056, 0.0000000000000000000 ) ) ;
#1409 = UNCERTAINTY_MEASURE_WITH_UNIT (LENGTH_MEASURE( 1.000000000000000082E-05 ), #584, 'distance_accuracy_value', 'NONE');
#1410 = PRESENTATION_LAYER_ASSIGNMENT (  '', '', ( #265 ) ) ;
#1411 = CARTESIAN_POINT ( 'NONE',  ( -0.03244696269377490144, -0.02000000000000000042, -0.4391551009237280034 ) ) ;
#1412 = CARTESIAN_POINT ( 'NONE',  ( -0.05000000000000000278, 0.0000000000000000000, 0.7399999999999999911 ) ) ;
#1413 = PRESENTATION_LAYER_ASSIGNMENT (  '', '', ( #1513 ) ) ;
#1414 = VECTOR ( 'NONE', #117, 100.0000000000000000 ) ;
#1415 = VECTOR ( 'NONE', #975, 100.0000000000000000 ) ;
#1416 = ADVANCED_FACE ( 'NONE', ( #1078 ), #254, .T. ) ;
#1417 = PLANE ( 'NONE',  #276 ) ;
#1418 = CONTEXT_DEPENDENT_SHAPE_REPRESENTATION ( #766, #1607 ) ;
#1419 = COLOUR_RGB ( '',0.8666666666666666963, 0.7725490196078431682, 0.2156862745098039325 ) ;
#1420 = CARTESIAN_POINT ( 'NONE',  ( -0.02129999999999999949, 0.02000000000000000042, -1.045954227447509988 ) ) ;
#1421 = FILL_AREA_STYLE_COLOUR ( '', #200 ) ;
#1422 = PRODUCT ( 'SIL_SocketPin', 'SIL_SocketPin', '', ( #48 ) ) ;
#1423 = AXIS2_PLACEMENT_3D ( 'NONE', #824, #1830, #1816 ) ;
#1424 = DIRECTION ( 'NONE',  ( 1.000000000000000000, 0.0000000000000000000, 0.0000000000000000000 ) ) ;
#1425 = CARTESIAN_POINT ( 'NONE',  ( -0.1270000000000000018, -0.1270000000000000018, 0.8500000000000000888 ) ) ;
#1426 = ORIENTED_EDGE ( 'NONE', *, *, #1697, .F. ) ;
#1427 = DIRECTION ( 'NONE',  ( 0.9901462402487813952, 0.0000000000000000000, -0.1400372197710403055 ) ) ;
#1428 = EDGE_LOOP ( 'NONE', ( #1085, #365, #1196, #450 ) ) ;
#1429 = FACE_OUTER_BOUND ( 'NONE', #902, .T. ) ;
#1430 = UNCERTAINTY_MEASURE_WITH_UNIT (LENGTH_MEASURE( 1.000000000000000082E-05 ), #808, 'distance_accuracy_value', 'NONE');
#1431 = DIRECTION ( 'NONE',  ( -0.0000000000000000000, -1.000000000000000000, -0.0000000000000000000 ) ) ;
#1432 = EDGE_CURVE ( 'NONE', #144, #1365, #2089, .T. ) ;
#1433 = SURFACE_STYLE_FILL_AREA ( #913 ) ;
#1434 = EDGE_LOOP ( 'NONE', ( #980, #516, #634, #968 ) ) ;
#1435 = FACE_OUTER_BOUND ( 'NONE', #875, .T. ) ;
#1436 = DIRECTION ( 'NONE',  ( 0.0000000000000000000, -0.0000000000000000000, -1.000000000000000000 ) ) ;
#1437 = FILL_AREA_STYLE ('',( #1421 ) ) ;
#1438 = MECHANICAL_DESIGN_GEOMETRIC_PRESENTATION_REPRESENTATION (  '', ( #230 ), #485 ) ;
#1439 = PRESENTATION_LAYER_ASSIGNMENT (  '', '', ( #232 ) ) ;
#1440 = ADVANCED_FACE ( 'NONE', ( #747 ), #1048, .T. ) ;
#1441 = VECTOR ( 'NONE', #1961, 100.0000000000000000 ) ;
#1442 = AXIS2_PLACEMENT_3D ( 'NONE', #1539, #2035, #216 ) ;
#1443 =( REPRESENTATION_RELATIONSHIP ('NONE','NONE', #1403, #1853 ) REPRESENTATION_RELATIONSHIP_WITH_TRANSFORMATION ( #201 )SHAPE_REPRESENTATION_RELATIONSHIP( ) );
#1444 = ORIENTED_EDGE ( 'NONE', *, *, #638, .T. ) ;
#1445 = MECHANICAL_DESIGN_GEOMETRIC_PRESENTATION_REPRESENTATION (  '', ( #1120 ), #1553 ) ;
#1446 = CARTESIAN_POINT ( 'NONE',  ( 0.0000000000000000000, 0.1270000000000000018, 0.0000000000000000000 ) ) ;
#1447 = VECTOR ( 'NONE', #1254, 100.0000000000000000 ) ;
#1448 =( LENGTH_UNIT ( ) NAMED_UNIT ( * ) SI_UNIT ( .CENTI., .METRE. ) );
#1449 = UNCERTAINTY_MEASURE_WITH_UNIT (LENGTH_MEASURE( 1.000000000000000082E-05 ), #68, 'distance_accuracy_value', 'NONE');
#1450 = SURFACE_STYLE_FILL_AREA ( #315 ) ;
#1451 = DIRECTION ( 'NONE',  ( 0.0000000000000000000, 0.0000000000000000000, 1.000000000000000000 ) ) ;
#1452 = STYLED_ITEM ( 'NONE', ( #1027 ), #1632 ) ;
#1453 = SURFACE_SIDE_STYLE ('',( #1974 ) ) ;
#1454 = DIRECTION ( 'NONE',  ( -1.000000000000000000, 0.0000000000000000000, 0.0000000000000000000 ) ) ;
#1455 = VECTOR ( 'NONE', #480, 100.0000000000000142 ) ;
#1456 = EDGE_LOOP ( 'NONE', ( #1630, #378, #456, #1677 ) ) ;
#1457 = ADVANCED_FACE ( 'NONE', ( #1136 ), #2110, .T. ) ;
#1458 = DIRECTION ( 'NONE',  ( 0.0000000000000000000, 0.0000000000000000000, 1.000000000000000000 ) ) ;
#1459 = ORIENTED_EDGE ( 'NONE', *, *, #1983, .T. ) ;
#1460 = DIRECTION ( 'NONE',  ( 0.0000000000000000000, -1.000000000000000000, 0.0000000000000000000 ) ) ;
#1461 = PLANE ( 'NONE',  #2033 ) ;
#1462 = DIRECTION ( 'NONE',  ( 0.0000000000000000000, 1.000000000000000000, 0.0000000000000000000 ) ) ;
#1463 = DIRECTION ( 'NONE',  ( 0.0000000000000000000, 0.0000000000000000000, 1.000000000000000000 ) ) ;
#1464 = LINE ( 'NONE', #1126, #1588 ) ;
#1465 = PRESENTATION_STYLE_ASSIGNMENT (( #152 ) ) ;
#1466 = VERTEX_POINT ( 'NONE', #295 ) ;
#1467 = FILL_AREA_STYLE_COLOUR ( '', #1926 ) ;
#1468 = UNCERTAINTY_MEASURE_WITH_UNIT (LENGTH_MEASURE( 1.000000000000000082E-05 ), #1020, 'distance_accuracy_value', 'NONE');
#1469 = DIRECTION ( 'NONE',  ( 0.0000000000000000000, 1.000000000000000000, 0.0000000000000000000 ) ) ;
#1470 = EDGE_CURVE ( 'NONE', #1506, #387, #1819, .T. ) ;
#1471 = PRESENTATION_STYLE_ASSIGNMENT (( #787 ) ) ;
#1472 = CARTESIAN_POINT ( 'NONE',  ( 2.032000000000000028, 0.0000000000000000000, 0.0000000000000000000 ) ) ;
#1473 = PRODUCT_DEFINITION_SHAPE ( 'NONE', 'NONE',  #2140 ) ;
#1474 = LINE ( 'NONE', #1159, #436 ) ;
#1475 = VERTEX_POINT ( 'NONE', #143 ) ;
#1476 = VECTOR ( 'NONE', #1919, 100.0000000000000000 ) ;
#1477 = PRESENTATION_STYLE_ASSIGNMENT (( #784 ) ) ;
#1478 = COLOUR_RGB ( '',0.8666666666666666963, 0.7725490196078431682, 0.2156862745098039325 ) ;
#1479 = ADVANCED_FACE ( 'NONE', ( #459 ), #774, .T. ) ;
#1480 = VECTOR ( 'NONE', #1281, 100.0000000000000000 ) ;
#1481 = DIRECTION ( 'NONE',  ( 0.0000000000000000000, 0.0000000000000000000, 1.000000000000000000 ) ) ;
#1482 =( GEOMETRIC_REPRESENTATION_CONTEXT ( 3 ) GLOBAL_UNCERTAINTY_ASSIGNED_CONTEXT ( ( #1288 ) ) GLOBAL_UNIT_ASSIGNED_CONTEXT ( ( #260, #1576, #99 ) ) REPRESENTATION_CONTEXT ( 'NONE', 'WORKASPACE' ) );
#1483 = LINE ( 'NONE', #1497, #1198 ) ;
#1484 = LINE ( 'NONE', #1323, #776 ) ;
#1485 = MECHANICAL_DESIGN_GEOMETRIC_PRESENTATION_REPRESENTATION (  '', ( #722 ), #820 ) ;
#1486 = ORIENTED_EDGE ( 'NONE', *, *, #308, .T. ) ;
#1487 = SURFACE_STYLE_FILL_AREA ( #973 ) ;
#1488 = STYLED_ITEM ( 'NONE', ( #1477 ), #1763 ) ;
#1489 = UNCERTAINTY_MEASURE_WITH_UNIT (LENGTH_MEASURE( 1.000000000000000082E-05 ), #1605, 'distance_accuracy_value', 'NONE');
#1490 =( REPRESENTATION_RELATIONSHIP ('NONE','NONE', #1403, #1853 ) REPRESENTATION_RELATIONSHIP_WITH_TRANSFORMATION ( #605 )SHAPE_REPRESENTATION_RELATIONSHIP( ) );
#1491 = AXIS2_PLACEMENT_3D ( 'NONE', #477, #632, #1290 ) ;
#1492 = FILL_AREA_STYLE_COLOUR ( '', #1419 ) ;
#1493 = PRESENTATION_STYLE_ASSIGNMENT (( #1287 ) ) ;
#1494 = CARTESIAN_POINT ( 'NONE',  ( 0.09428034581422810312, -0.02000000000000000042, 0.7873271032559990834 ) ) ;
#1495 = DIRECTION ( 'NONE',  ( 0.0000000000000000000, 0.0000000000000000000, 1.000000000000000000 ) ) ;
#1496 = PRODUCT_DEFINITION ( 'UNKNOWN', '', #2112, #1535 ) ;
#1497 = CARTESIAN_POINT ( 'NONE',  ( 0.06003131717443468962, -0.02000000000000000042, 0.5529086589813229091 ) ) ;
#1498 = PRESENTATION_STYLE_ASSIGNMENT (( #948 ) ) ;
#1499 = LINE ( 'NONE', #10, #249 ) ;
#1500 = ORIENTED_EDGE ( 'NONE', *, *, #1470, .T. ) ;
#1501 = FILL_AREA_STYLE ('',( #1492 ) ) ;
#1502 = DIRECTION ( 'NONE',  ( -0.0000000000000000000, 1.000000000000000000, 0.0000000000000000000 ) ) ;
#1503 = PRESENTATION_STYLE_ASSIGNMENT (( #58 ) ) ;
#1504 = ORIENTED_EDGE ( 'NONE', *, *, #1877, .T. ) ;
#1505 =( LENGTH_UNIT ( ) NAMED_UNIT ( * ) SI_UNIT ( .CENTI., .METRE. ) );
#1506 = VERTEX_POINT ( 'NONE', #624 ) ;
#1507 = EDGE_CURVE ( 'NONE', #251, #802, #1279, .T. ) ;
#1508 = MECHANICAL_DESIGN_GEOMETRIC_PRESENTATION_REPRESENTATION (  '', ( #292 ), #1652 ) ;
#1509 = CARTESIAN_POINT ( 'NONE',  ( -0.02130000000000021460, -0.02000000000000000042, -1.045954227447509988 ) ) ;
#1510 = LINE ( 'NONE', #1025, #435 ) ;
#1511 = PRODUCT_DEFINITION_CONTEXT ( 'detailed design', #691, 'design' ) ;
#1512 = DIRECTION ( 'NONE',  ( 0.0000000000000000000, 1.000000000000000000, 0.0000000000000000000 ) ) ;
#1513 = STYLED_ITEM ( 'NONE', ( #665 ), #852 ) ;
#1514 = ORIENTED_EDGE ( 'NONE', *, *, #630, .F. ) ;
#1515 = CARTESIAN_POINT ( 'NONE',  ( 6.071532165918820208E-18, 0.02000000000000000042, -1.045954227447509988 ) ) ;
#1516 = FILL_AREA_STYLE_COLOUR ( '', #1969 ) ;
#1517 = DIRECTION ( 'NONE',  ( 0.0000000000000000000, 0.0000000000000000000, -1.000000000000000000 ) ) ;
#1518 = VECTOR ( 'NONE', #167, 100.0000000000000000 ) ;
#1519 = ORIENTED_EDGE ( 'NONE', *, *, #181, .F. ) ;
#1520 = SURFACE_STYLE_USAGE ( .BOTH. , #851 ) ;
#1521 =( GEOMETRIC_REPRESENTATION_CONTEXT ( 3 ) GLOBAL_UNCERTAINTY_ASSIGNED_CONTEXT ( ( #16 ) ) GLOBAL_UNIT_ASSIGNED_CONTEXT ( ( #372, #335, #682 ) ) REPRESENTATION_CONTEXT ( 'NONE', 'WORKASPACE' ) );
#1522 = AXIS2_PLACEMENT_3D ( 'NONE', #304, #794, #183 ) ;
#1523 = LINE ( 'NONE', #1369, #169 ) ;
#1524 = AXIS2_PLACEMENT_3D ( 'NONE', #316, #1481, #157 ) ;
#1525 = LINE ( 'NONE', #199, #496 ) ;
#1526 = DIRECTION ( 'NONE',  ( -1.000000000000000000, 0.0000000000000000000, -0.0000000000000000000 ) ) ;
#1527 = ORIENTED_EDGE ( 'NONE', *, *, #837, .F. ) ;
#1528 = FILL_AREA_STYLE_COLOUR ( '', #98 ) ;
#1529 = ORIENTED_EDGE ( 'NONE', *, *, #1036, .T. ) ;
#1530 = CARTESIAN_POINT ( 'NONE',  ( 0.01064999999999999974, -0.02000000000000000042, -1.045954227447509988 ) ) ;
#1531 = CARTESIAN_POINT ( 'NONE',  ( 0.1042803458142280149, -0.02000000000000000042, 0.4380777440661250410 ) ) ;
#1532 = VERTEX_POINT ( 'NONE', #1109 ) ;
#1533 = CARTESIAN_POINT ( 'NONE',  ( 0.02129999999999999949, -0.02000000000000000042, -1.045954227447509988 ) ) ;
#1534 = FILL_AREA_STYLE_COLOUR ( '', #641 ) ;
#1535 = PRODUCT_DEFINITION_CONTEXT ( 'detailed design', #1249, 'design' ) ;
#1536 = EDGE_CURVE ( 'NONE', #128, #1981, #617, .T. ) ;
#1537 = CARTESIAN_POINT ( 'NONE',  ( 0.05000000000000000278, 0.05000000000000000278, 0.7399999999999999911 ) ) ;
#1538 = ORIENTED_EDGE ( 'NONE', *, *, #1058, .F. ) ;
#1539 = CARTESIAN_POINT ( 'NONE',  ( -0.07256359958761600393, -0.02000000000000000042, 0.7621829240858799537 ) ) ;
#1540 = UNCERTAINTY_MEASURE_WITH_UNIT (LENGTH_MEASURE( 1.000000000000000082E-05 ), #1134, 'distance_accuracy_value', 'NONE');
#1541 = SURFACE_STYLE_USAGE ( .BOTH. , #1002 ) ;
#1542 = PRODUCT_DEFINITION_SHAPE ( 'NONE', 'NONE',  #2130 ) ;
#1543 = VERTEX_POINT ( 'NONE', #656 ) ;
#1544 = CARTESIAN_POINT ( 'NONE',  ( -0.1000000000000000056, 0.0000000000000000000, 0.0000000000000000000 ) ) ;
#1545 =( NAMED_UNIT ( * ) PLANE_ANGLE_UNIT ( ) SI_UNIT ( $, .RADIAN. ) );
#1546 = SURFACE_SIDE_STYLE ('',( #1331 ) ) ;
#1547 = AXIS2_PLACEMENT_3D ( 'NONE', #575, #408, #388 ) ;
#1548 = MECHANICAL_DESIGN_GEOMETRIC_PRESENTATION_REPRESENTATION (  '', ( #488 ), #1896 ) ;
#1549 = EDGE_CURVE ( 'NONE', #49, #1383, #587, .T. ) ;
#1550 = EDGE_LOOP ( 'NONE', ( #723, #1263, #604, #140 ) ) ;
#1551 =( GEOMETRIC_REPRESENTATION_CONTEXT ( 3 ) GLOBAL_UNCERTAINTY_ASSIGNED_CONTEXT ( ( #1755 ) ) GLOBAL_UNIT_ASSIGNED_CONTEXT ( ( #268, #2071, #580 ) ) REPRESENTATION_CONTEXT ( 'NONE', 'WORKASPACE' ) );
#1552 = LINE ( 'NONE', #75, #1660 ) ;
#1553 =( GEOMETRIC_REPRESENTATION_CONTEXT ( 3 ) GLOBAL_UNCERTAINTY_ASSIGNED_CONTEXT ( ( #1430 ) ) GLOBAL_UNIT_ASSIGNED_CONTEXT ( ( #808, #631, #1635 ) ) REPRESENTATION_CONTEXT ( 'NONE', 'WORKASPACE' ) );
#1554 = ORIENTED_EDGE ( 'NONE', *, *, #1003, .T. ) ;
#1555 = CARTESIAN_POINT ( 'NONE',  ( 0.1270000000000000018, 0.1270000000000000018, 0.0000000000000000000 ) ) ;
#1556 = CIRCLE ( 'NONE', #271, 0.06003131717443499493 ) ;
#1557 = ORIENTED_EDGE ( 'NONE', *, *, #1251, .T. ) ;
#1558 = FILL_AREA_STYLE_COLOUR ( '', #1989 ) ;
#1559 =( GEOMETRIC_REPRESENTATION_CONTEXT ( 3 ) GLOBAL_UNCERTAINTY_ASSIGNED_CONTEXT ( ( #786 ) ) GLOBAL_UNIT_ASSIGNED_CONTEXT ( ( #898, #1245, #1920 ) ) REPRESENTATION_CONTEXT ( 'NONE', 'WORKASPACE' ) );
#1560 = FACE_OUTER_BOUND ( 'NONE', #1226, .T. ) ;
#1561 = PRESENTATION_LAYER_ASSIGNMENT (  '', '', ( #1307 ) ) ;
#1562 =( NAMED_UNIT ( * ) SI_UNIT ( $, .STERADIAN. ) SOLID_ANGLE_UNIT ( ) );
#1563 = CONTEXT_DEPENDENT_SHAPE_REPRESENTATION ( #5, #390 ) ;
#1564 = ORIENTED_EDGE ( 'NONE', *, *, #2067, .F. ) ;
#1565 =( NAMED_UNIT ( * ) PLANE_ANGLE_UNIT ( ) SI_UNIT ( $, .RADIAN. ) );
#1566 = CARTESIAN_POINT ( 'NONE',  ( -0.08509588200079719333, 0.02000000000000000042, 0.7912825582816289671 ) ) ;
#1567 = FILL_AREA_STYLE ('',( #872 ) ) ;
#1568 = ADVANCED_FACE ( 'NONE', ( #879 ), #525, .F. ) ;
#1569 = LINE ( 'NONE', #687, #397 ) ;
#1570 = FILL_AREA_STYLE ('',( #247 ) ) ;
#1571 = EDGE_CURVE ( 'NONE', #1211, #251, #1701, .T. ) ;
#1572 = SURFACE_STYLE_USAGE ( .BOTH. , #904 ) ;
#1573 = FACE_OUTER_BOUND ( 'NONE', #1428, .T. ) ;
#1574 = CONTEXT_DEPENDENT_SHAPE_REPRESENTATION ( #2107, #1473 ) ;
#1575 = PRESENTATION_STYLE_ASSIGNMENT (( #597 ) ) ;
#1576 =( NAMED_UNIT ( * ) PLANE_ANGLE_UNIT ( ) SI_UNIT ( $, .RADIAN. ) );
#1577 = DIRECTION ( 'NONE',  ( -1.000000000000000000, 0.0000000000000000000, -0.0000000000000000000 ) ) ;
#1578 = SURFACE_SIDE_STYLE ('',( #1272 ) ) ;
#1579 = EDGE_CURVE ( 'NONE', #1365, #1182, #1685, .T. ) ;
#1580 = DIRECTION ( 'NONE',  ( 1.000000000000000000, 0.0000000000000000000, 0.0000000000000000000 ) ) ;
#1581 =( LENGTH_UNIT ( ) NAMED_UNIT ( * ) SI_UNIT ( .CENTI., .METRE. ) );
#1582 = VECTOR ( 'NONE', #1708, 100.0000000000000000 ) ;
#1583 = UNCERTAINTY_MEASURE_WITH_UNIT (LENGTH_MEASURE( 1.000000000000000082E-05 ), #2045, 'distance_accuracy_value', 'NONE');
#1584 = SURFACE_STYLE_FILL_AREA ( #1437 ) ;
#1585 =( NAMED_UNIT ( * ) PLANE_ANGLE_UNIT ( ) SI_UNIT ( $, .RADIAN. ) );
#1586 = ORIENTED_EDGE ( 'NONE', *, *, #793, .F. ) ;
#1587 = SURFACE_STYLE_USAGE ( .BOTH. , #1772 ) ;
#1588 = VECTOR ( 'NONE', #1111, 100.0000000000000000 ) ;
#1589 = CARTESIAN_POINT ( 'NONE',  ( -0.06003131717443468962, 0.02000000000000000042, 0.02843064381840689978 ) ) ;
#1590 = PRESENTATION_LAYER_ASSIGNMENT (  '', '', ( #1296 ) ) ;
#1591 = STYLED_ITEM ( 'NONE', ( #1498 ), #1274 ) ;
#1592 = FILL_AREA_STYLE ('',( #1925 ) ) ;
#1593 = EDGE_CURVE ( 'NONE', #1981, #441, #1164, .T. ) ;
#1594 =( GEOMETRIC_REPRESENTATION_CONTEXT ( 3 ) GLOBAL_UNCERTAINTY_ASSIGNED_CONTEXT ( ( #931 ) ) GLOBAL_UNIT_ASSIGNED_CONTEXT ( ( #2106, #955, #1977 ) ) REPRESENTATION_CONTEXT ( 'NONE', 'WORKASPACE' ) );
#1595 = DIRECTION ( 'NONE',  ( 0.3955455025629641130, 0.0000000000000000000, -0.9184463813430875367 ) ) ;
#1596 = AXIS2_PLACEMENT_3D ( 'NONE', #1268, #2081, #1937 ) ;
#1597 = DIRECTION ( 'NONE',  ( 0.5773502691896249539, -0.5773502691896269523, -0.5773502691896253980 ) ) ;
#1598 = CARTESIAN_POINT ( 'NONE',  ( -0.1000000000000000056, -0.1000000000000000056, 0.0000000000000000000 ) ) ;
#1599 = ORIENTED_EDGE ( 'NONE', *, *, #976, .T. ) ;
#1600 = ORIENTED_EDGE ( 'NONE', *, *, #693, .T. ) ;
#1601 = FACE_OUTER_BOUND ( 'NONE', #1032, .T. ) ;
#1602 = EDGE_CURVE ( 'NONE', #1105, #1891, #70, .T. ) ;
#1603 = CARTESIAN_POINT ( 'NONE',  ( 0.01064999999999999974, -0.02000000000000000042, -1.045954227447509988 ) ) ;
#1604 = LINE ( 'NONE', #1589, #26 ) ;
#1605 =( LENGTH_UNIT ( ) NAMED_UNIT ( * ) SI_UNIT ( .CENTI., .METRE. ) );
#1606 = EDGE_LOOP ( 'NONE', ( #850, #233, #519, #670 ) ) ;
#1607 = PRODUCT_DEFINITION_SHAPE ( 'NONE', 'NONE',  #2139 ) ;
#1608 = DIRECTION ( 'NONE',  ( -1.658928450709476921E-64, 7.979599084288239752E-33, 1.000000000000000000 ) ) ;
#1609 = FILL_AREA_STYLE_COLOUR ( '', #622 ) ;
#1610 = EDGE_CURVE ( 'NONE', #1383, #356, #1344, .T. ) ;
#1611 = ORIENTED_EDGE ( 'NONE', *, *, #451, .F. ) ;
#1612 = MECHANICAL_DESIGN_GEOMETRIC_PRESENTATION_REPRESENTATION (  '', ( #265 ), #160 ) ;
#1613 = CARTESIAN_POINT ( 'NONE',  ( -0.05000000000000000278, 0.05000000000000000278, 0.7399999999999999911 ) ) ;
#1614 = DIRECTION ( 'NONE',  ( -0.5773502691896249539, 0.5773502691896269523, -0.5773502691896253980 ) ) ;
#1615 = STYLED_ITEM ( 'NONE', ( #476 ), #730 ) ;
#1616 = VECTOR ( 'NONE', #1856, 100.0000000000000142 ) ;
#1617 = VERTEX_POINT ( 'NONE', #1537 ) ;
#1618 = VECTOR ( 'NONE', #1577, 100.0000000000000000 ) ;
#1619 = AXIS2_PLACEMENT_3D ( 'NONE', #2052, #2015, #1214 ) ;
#1620 = CARTESIAN_POINT ( 'NONE',  ( 0.06003131717443468962, 0.02000000000000000042, 0.7330832898901310513 ) ) ;
#1621 =( GEOMETRIC_REPRESENTATION_CONTEXT ( 3 ) GLOBAL_UNCERTAINTY_ASSIGNED_CONTEXT ( ( #1779 ) ) GLOBAL_UNIT_ASSIGNED_CONTEXT ( ( #1581, #744, #420 ) ) REPRESENTATION_CONTEXT ( 'NONE', 'WORKASPACE' ) );
#1622 = UNCERTAINTY_MEASURE_WITH_UNIT (LENGTH_MEASURE( 1.000000000000000082E-05 ), #469, 'distance_accuracy_value', 'NONE');
#1623 = DIRECTION ( 'NONE',  ( 0.0000000000000000000, 0.0000000000000000000, 1.000000000000000000 ) ) ;
#1624 = DIRECTION ( 'NONE',  ( 1.000000000000000000, 0.0000000000000000000, 0.0000000000000000000 ) ) ;
#1625 = MECHANICAL_DESIGN_GEOMETRIC_PRESENTATION_REPRESENTATION (  '', ( #646 ), #1242 ) ;
#1626 = EDGE_CURVE ( 'NONE', #1617, #2084, #511, .T. ) ;
#1627 =( REPRESENTATION_RELATIONSHIP ('NONE','NONE', #1403, #1853 ) REPRESENTATION_RELATIONSHIP_WITH_TRANSFORMATION ( #596 )SHAPE_REPRESENTATION_RELATIONSHIP( ) );
#1628 = DIRECTION ( 'NONE',  ( 0.0000000000000000000, 0.0000000000000000000, -1.000000000000000000 ) ) ;
#1629 = FILL_AREA_STYLE ('',( #1107 ) ) ;
#1630 = ORIENTED_EDGE ( 'NONE', *, *, #1626, .T. ) ;
#1631 = PRODUCT_DEFINITION_SHAPE ( 'NONE', 'NONE',  #2134 ) ;
#1632 = ADVANCED_FACE ( 'NONE', ( #1333 ), #1829, .T. ) ;
#1633 = ORIENTED_EDGE ( 'NONE', *, *, #630, .T. ) ;
#1634 = SURFACE_STYLE_FILL_AREA ( #647 ) ;
#1635 =( NAMED_UNIT ( * ) SI_UNIT ( $, .STERADIAN. ) SOLID_ANGLE_UNIT ( ) );
#1636 = DIRECTION ( 'NONE',  ( 0.0000000000000000000, 0.0000000000000000000, 1.000000000000000000 ) ) ;
#1637 = CARTESIAN_POINT ( 'NONE',  ( 2.032000000000000028, 0.0000000000000000000, 0.0000000000000000000 ) ) ;
#1638 = DIRECTION ( 'NONE',  ( 0.0000000000000000000, 0.0000000000000000000, 1.000000000000000000 ) ) ;
#1639 = FILL_AREA_STYLE_COLOUR ( '', #501 ) ;
#1640 = ORIENTED_EDGE ( 'NONE', *, *, #1945, .T. ) ;
#1641 =( NAMED_UNIT ( * ) PLANE_ANGLE_UNIT ( ) SI_UNIT ( $, .RADIAN. ) );
#1642 = ADVANCED_FACE ( 'NONE', ( #1573 ), #1417, .T. ) ;
#1643 = DIRECTION ( 'NONE',  ( -0.0000000000000000000, -1.000000000000000000, -0.0000000000000000000 ) ) ;
#1644 = DIRECTION ( 'NONE',  ( 0.0000000000000000000, 0.0000000000000000000, -1.000000000000000000 ) ) ;
#1645 = UNCERTAINTY_MEASURE_WITH_UNIT (LENGTH_MEASURE( 1.000000000000000082E-05 ), #352, 'distance_accuracy_value', 'NONE');
#1646 =( LENGTH_UNIT ( ) NAMED_UNIT ( * ) SI_UNIT ( .CENTI., .METRE. ) );
#1647 = ORIENTED_EDGE ( 'NONE', *, *, #264, .T. ) ;
#1648 = FILL_AREA_STYLE_COLOUR ( '', #1295 ) ;
#1649 = DIRECTION ( 'NONE',  ( -0.0000000000000000000, -1.000000000000000000, 0.0000000000000000000 ) ) ;
#1650 = SURFACE_SIDE_STYLE ('',( #1 ) ) ;
#1651 = ORIENTED_EDGE ( 'NONE', *, *, #1679, .T. ) ;
#1652 =( GEOMETRIC_REPRESENTATION_CONTEXT ( 3 ) GLOBAL_UNCERTAINTY_ASSIGNED_CONTEXT ( ( #1540 ) ) GLOBAL_UNIT_ASSIGNED_CONTEXT ( ( #1134, #1674, #1318 ) ) REPRESENTATION_CONTEXT ( 'NONE', 'WORKASPACE' ) );
#1653 = VECTOR ( 'NONE', #998, 100.0000000000000000 ) ;
#1654 = PRESENTATION_LAYER_ASSIGNMENT (  '', '', ( #2098 ) ) ;
#1655 = ADVANCED_FACE ( 'NONE', ( #2069 ), #1241, .F. ) ;
#1656 = CARTESIAN_POINT ( 'NONE',  ( -0.03244696269377490144, -0.02000000000000000042, 0.08882838487625120683 ) ) ;
#1657 = COLOUR_RGB ( '',0.05882352941176470507, 0.05882352941176470507, 0.05882352941176470507 ) ;
#1658 = CARTESIAN_POINT ( 'NONE',  ( 0.1000000000000000056, 0.0000000000000000000, 0.0000000000000000000 ) ) ;
#1659 = DIRECTION ( 'NONE',  ( 1.000000000000000000, 0.0000000000000000000, 0.0000000000000000000 ) ) ;
#1660 = VECTOR ( 'NONE', #1337, 100.0000000000000000 ) ;
#1661 = ORIENTED_EDGE ( 'NONE', *, *, #193, .F. ) ;
#1662 = AXIS2_PLACEMENT_3D ( 'NONE', #993, #1451, #639 ) ;
#1663 =( LENGTH_UNIT ( ) NAMED_UNIT ( * ) SI_UNIT ( .CENTI., .METRE. ) );
#1664 = PRESENTATION_LAYER_ASSIGNMENT (  '', '', ( #1352 ) ) ;
#1665 = CARTESIAN_POINT ( 'NONE',  ( -0.03244696269377490144, -0.02000000000000000042, 0.08882838487625120683 ) ) ;
#1666 = UNCERTAINTY_MEASURE_WITH_UNIT (LENGTH_MEASURE( 1.000000000000000082E-05 ), #546, 'distance_accuracy_value', 'NONE');
#1667 = DIRECTION ( 'NONE',  ( 1.000000000000000000, 0.0000000000000000000, 0.0000000000000000000 ) ) ;
#1668 =( REPRESENTATION_RELATIONSHIP ('NONE','NONE', #1403, #1782 ) REPRESENTATION_RELATIONSHIP_WITH_TRANSFORMATION ( #1883 )SHAPE_REPRESENTATION_RELATIONSHIP( ) );
#1669 = ADVANCED_FACE ( 'NONE', ( #1045 ), #82, .T. ) ;
#1670 = ORIENTED_EDGE ( 'NONE', *, *, #1710, .F. ) ;
#1671 = CARTESIAN_POINT ( 'NONE',  ( -0.06003131717443475901, 0.02000000000000000042, 0.7330832898901312733 ) ) ;
#1672 = SURFACE_SIDE_STYLE ('',( #996 ) ) ;
#1673 = VERTEX_POINT ( 'NONE', #1955 ) ;
#1674 =( NAMED_UNIT ( * ) PLANE_ANGLE_UNIT ( ) SI_UNIT ( $, .RADIAN. ) );
#1675 = DIRECTION ( 'NONE',  ( 0.0000000000000000000, 0.0000000000000000000, 1.000000000000000000 ) ) ;
#1676 = CARTESIAN_POINT ( 'NONE',  ( -0.03244696269377474185, 0.02000000000000000042, -0.9671385867237092260 ) ) ;
#1677 = ORIENTED_EDGE ( 'NONE', *, *, #591, .T. ) ;
#1678 = CARTESIAN_POINT ( 'NONE',  ( 0.03244696269377490144, -0.02000000000000000042, -0.4391551009237280034 ) ) ;
#1679 = EDGE_CURVE ( 'NONE', #533, #1283, #458, .T. ) ;
#1680 = ORIENTED_EDGE ( 'NONE', *, *, #1404, .F. ) ;
#1681 = ORIENTED_EDGE ( 'NONE', *, *, #1260, .F. ) ;
#1682 = STYLED_ITEM ( 'NONE', ( #1982 ), #239 ) ;
#1683 = DIRECTION ( 'NONE',  ( -1.000000000000000000, -0.0000000000000000000, -0.0000000000000000000 ) ) ;
#1684 = COLOUR_RGB ( '',0.8666666666666666963, 0.7725490196078431682, 0.2156862745098039325 ) ;
#1685 = LINE ( 'NONE', #845, #1024 ) ;
#1686 = VERTEX_POINT ( 'NONE', #141 ) ;
#1687 = CARTESIAN_POINT ( 'NONE',  ( 0.0000000000000000000, -0.05000000000000000278, 0.8500000000000000888 ) ) ;
#1688 = STYLED_ITEM ( 'NONE', ( #1795 ), #1247 ) ;
#1689 = CARTESIAN_POINT ( 'NONE',  ( 0.1042803458142280149, -0.02000000000000000042, 0.08882838487625122070 ) ) ;
#1690 = SURFACE_SIDE_STYLE ('',( #885 ) ) ;
#1691 = ORIENTED_EDGE ( 'NONE', *, *, #1074, .F. ) ;
#1692 = SURFACE_STYLE_FILL_AREA ( #2054 ) ;
#1693 = VECTOR ( 'NONE', #1608, 100.0000000000000000 ) ;
#1694 =( NAMED_UNIT ( * ) SI_UNIT ( $, .STERADIAN. ) SOLID_ANGLE_UNIT ( ) );
#1695 = COLOUR_RGB ( '',0.1019607843137254888, 0.1019607843137254888, 0.1019607843137254888 ) ;
#1696 = CARTESIAN_POINT ( 'NONE',  ( 0.03244696269377505410, -0.02000000000000000042, -0.9671385867237070055 ) ) ;
#1697 = EDGE_CURVE ( 'NONE', #1466, #994, #1968, .T. ) ;
#1698 = PRODUCT_DEFINITION_SHAPE ( 'NONE', 'NONE',  #2127 ) ;
#1699 = LINE ( 'NONE', #988, #1908 ) ;
#1700 = FILL_AREA_STYLE ('',( #692 ) ) ;
#1701 = LINE ( 'NONE', #541, #1269 ) ;
#1702 = EDGE_LOOP ( 'NONE', ( #481, #2025, #1096, #997 ) ) ;
#1703 = PLANE ( 'NONE',  #1442 ) ;
#1704 = SURFACE_STYLE_FILL_AREA ( #33 ) ;
#1705 = CARTESIAN_POINT ( 'NONE',  ( 0.07256359958761590678, -0.02000000000000000042, 0.7621829240858799537 ) ) ;
#1706 = ORIENTED_EDGE ( 'NONE', *, *, #1844, .T. ) ;
#1707 = FILL_AREA_STYLE_COLOUR ( '', #331 ) ;
#1708 = DIRECTION ( 'NONE',  ( 1.000000000000000000, 0.0000000000000000000, 0.0000000000000000000 ) ) ;
#1709 = DIRECTION ( 'NONE',  ( 0.0000000000000000000, 0.0000000000000000000, 1.000000000000000000 ) ) ;
#1710 = EDGE_CURVE ( 'NONE', #60, #777, #1119, .T. ) ;
#1711 = DIRECTION ( 'NONE',  ( -0.7071067811865460184, 0.0000000000000000000, 0.7071067811865490160 ) ) ;
#1712 = FILL_AREA_STYLE_COLOUR ( '', #406 ) ;
#1713 = SHAPE_DEFINITION_REPRESENTATION ( #1750, #1403 ) ;
#1714 = ORIENTED_EDGE ( 'NONE', *, *, #166, .T. ) ;
#1715 = PRESENTATION_STYLE_ASSIGNMENT (( #50 ) ) ;
#1716 = EDGE_LOOP ( 'NONE', ( #153, #1538, #1745, #1730 ) ) ;
#1717 = EDGE_LOOP ( 'NONE', ( #1335, #1340, #148, #65 ) ) ;
#1718 = FILL_AREA_STYLE_COLOUR ( '', #1033 ) ;
#1719 = AXIS2_PLACEMENT_3D ( 'NONE', #1162, #1294, #1114 ) ;
#1720 = DIRECTION ( 'NONE',  ( 0.0000000000000000000, -0.0000000000000000000, -1.000000000000000000 ) ) ;
#1721 = DIRECTION ( 'NONE',  ( 0.0000000000000000000, 0.0000000000000000000, 1.000000000000000000 ) ) ;
#1722 = ORIENTED_EDGE ( 'NONE', *, *, #1244, .T. ) ;
#1723 = EDGE_CURVE ( 'NONE', #947, #118, #129, .T. ) ;
#1724 = PRESENTATION_LAYER_ASSIGNMENT (  '', '', ( #1800 ) ) ;
#1725 = SURFACE_SIDE_STYLE ('',( #1060 ) ) ;
#1726 = MECHANICAL_DESIGN_GEOMETRIC_PRESENTATION_REPRESENTATION (  '', ( #1513 ), #981 ) ;
#1727 =( NAMED_UNIT ( * ) SI_UNIT ( $, .STERADIAN. ) SOLID_ANGLE_UNIT ( ) );
#1728 = FACE_OUTER_BOUND ( 'NONE', #373, .T. ) ;
#1729 = CIRCLE ( 'NONE', #943, 0.06003131717443499493 ) ;
#1730 = ORIENTED_EDGE ( 'NONE', *, *, #1168, .T. ) ;
#1731 = CARTESIAN_POINT ( 'NONE',  ( 0.0000000000000000000, -0.02000000000000000042, 0.2677666470408440191 ) ) ;
#1732 = MECHANICAL_DESIGN_GEOMETRIC_PRESENTATION_REPRESENTATION (  '', ( #101 ), #104 ) ;
#1733 = SURFACE_STYLE_FILL_AREA ( #1221 ) ;
#1734 = STYLED_ITEM ( 'NONE', ( #475 ), #1669 ) ;
#1735 = AXIS2_PLACEMENT_3D ( 'NONE', #455, #1454, #1709 ) ;
#1736 = SURFACE_SIDE_STYLE ('',( #818 ) ) ;
#1737 = CARTESIAN_POINT ( 'NONE',  ( 0.06003131717443468962, -0.02000000000000000042, 0.4103376530110829923 ) ) ;
#1738 =( LENGTH_UNIT ( ) NAMED_UNIT ( * ) SI_UNIT ( .CENTI., .METRE. ) );
#1739 = EDGE_CURVE ( 'NONE', #1981, #1383, #1803, .T. ) ;
#1740 = PRESENTATION_LAYER_ASSIGNMENT (  '', '', ( #2115 ) ) ;
#1741 =( REPRESENTATION_RELATIONSHIP ('NONE','NONE', #1403, #1782 ) REPRESENTATION_RELATIONSHIP_WITH_TRANSFORMATION ( #740 )SHAPE_REPRESENTATION_RELATIONSHIP( ) );
#1742 = FILL_AREA_STYLE_COLOUR ( '', #543 ) ;
#1743 = LINE ( 'NONE', #1257, #1330 ) ;
#1744 = SURFACE_STYLE_USAGE ( .BOTH. , #1258 ) ;
#1745 = ORIENTED_EDGE ( 'NONE', *, *, #754, .F. ) ;
#1746 =( NAMED_UNIT ( * ) PLANE_ANGLE_UNIT ( ) SI_UNIT ( $, .RADIAN. ) );
#1747 = EDGE_CURVE ( 'NONE', #356, #144, #621, .T. ) ;
#1748 = CARTESIAN_POINT ( 'NONE',  ( 6.071532165918820208E-18, 0.02000000000000000042, 0.08882838487625120683 ) ) ;
#1749 = DIRECTION ( 'NONE',  ( -0.0000000000000000000, 0.0000000000000000000, -1.000000000000000000 ) ) ;
#1750 = PRODUCT_DEFINITION_SHAPE ( 'NONE', 'NONE',  #121 ) ;
#1751 = SURFACE_SIDE_STYLE ('',( #908 ) ) ;
#1752 = CONTEXT_DEPENDENT_SHAPE_REPRESENTATION ( #1405, #1841 ) ;
#1753 = VECTOR ( 'NONE', #1801, 100.0000000000000000 ) ;
#1754 = SURFACE_SIDE_STYLE ('',( #1232 ) ) ;
#1755 = UNCERTAINTY_MEASURE_WITH_UNIT (LENGTH_MEASURE( 1.000000000000000082E-05 ), #268, 'distance_accuracy_value', 'NONE');
#1756 = CARTESIAN_POINT ( 'NONE',  ( 0.0000000000000000000, 0.0000000000000000000, 0.0000000000000000000 ) ) ;
#1757 = FILL_AREA_STYLE_COLOUR ( '', #1962 ) ;
#1758 = VECTOR ( 'NONE', #2088, 100.0000000000000142 ) ;
#1759 = CARTESIAN_POINT ( 'NONE',  ( 0.06003131717443468962, -0.02000000000000000042, 0.7330832898901310513 ) ) ;
#1760 = MECHANICAL_DESIGN_GEOMETRIC_PRESENTATION_REPRESENTATION (  '', ( #1296 ), #1201 ) ;
#1761 = MECHANICAL_DESIGN_GEOMETRIC_PRESENTATION_REPRESENTATION (  '', ( #1902 ), #1204 ) ;
#1762 = STYLED_ITEM ( 'NONE', ( #415 ), #1416 ) ;
#1763 = ADVANCED_FACE ( 'NONE', ( #1435 ), #1264, .T. ) ;
#1764 = ORIENTED_EDGE ( 'NONE', *, *, #933, .T. ) ;
#1765 = AXIS2_PLACEMENT_3D ( 'NONE', #992, #382, #1011 ) ;
#1766 = DIRECTION ( 'NONE',  ( -0.0000000000000000000, 1.000000000000000000, 0.0000000000000000000 ) ) ;
#1767 = CONTEXT_DEPENDENT_SHAPE_REPRESENTATION ( #1741, #1311 ) ;
#1768 = VECTOR ( 'NONE', #175, 100.0000000000000000 ) ;
#1769 = DIRECTION ( 'NONE',  ( 0.0000000000000000000, 0.0000000000000000000, 1.000000000000000000 ) ) ;
#1770 = CARTESIAN_POINT ( 'NONE',  ( 1.892425610156520157E-18, -0.1270000000000000018, 0.8500000000000000888 ) ) ;
#1771 = AXIS2_PLACEMENT_3D ( 'NONE', #1972, #1495, #460 ) ;
#1772 = SURFACE_SIDE_STYLE ('',( #1433 ) ) ;
#1773 = CARTESIAN_POINT ( 'NONE',  ( -0.1042803458142280149, -0.02000000000000000042, 0.7873271032559990834 ) ) ;
#1774 = ORIENTED_EDGE ( 'NONE', *, *, #1945, .F. ) ;
#1775 = STYLED_ITEM ( 'NONE', ( #1465 ), #2103 ) ;
#1776 = ORIENTED_EDGE ( 'NONE', *, *, #379, .F. ) ;
#1777 = EDGE_CURVE ( 'NONE', #994, #349, #206, .T. ) ;
#1778 = FILL_AREA_STYLE_COLOUR ( '', #238 ) ;
#1779 = UNCERTAINTY_MEASURE_WITH_UNIT (LENGTH_MEASURE( 1.000000000000000082E-05 ), #1581, 'distance_accuracy_value', 'NONE');
#1780 = SURFACE_SIDE_STYLE ('',( #1101 ) ) ;
#1781 = PRESENTATION_STYLE_ASSIGNMENT (( #1744 ) ) ;
#1782 = SHAPE_REPRESENTATION ( 'SIL_SocketPin', ( #828 ), #342 ) ;
#1783 = EDGE_LOOP ( 'NONE', ( #1871, #1670, #3, #882 ) ) ;
#1784 = CARTESIAN_POINT ( 'NONE',  ( 0.1042803458142281675, 0.02000000000000000042, 0.7873271032559990834 ) ) ;
#1785 = FILL_AREA_STYLE_COLOUR ( '', #149 ) ;
#1786 = ORIENTED_EDGE ( 'NONE', *, *, #1285, .T. ) ;
#1787 =( NAMED_UNIT ( * ) PLANE_ANGLE_UNIT ( ) SI_UNIT ( $, .RADIAN. ) );
#1788 = ORIENTED_EDGE ( 'NONE', *, *, #1346, .F. ) ;
#1789 = DIRECTION ( 'NONE',  ( 0.0000000000000000000, 1.000000000000000000, 0.0000000000000000000 ) ) ;
#1790 = PRODUCT_RELATED_PRODUCT_CATEGORY ( 'part', '', ( #423 ) ) ;
#1791 = DIRECTION ( 'NONE',  ( 0.0000000000000000000, 0.0000000000000000000, 1.000000000000000000 ) ) ;
#1792 = CLOSED_SHELL ( 'NONE', ( #568, #1274, #730, #1457, #2103, #1440, #1810, #136, #239, #224, #549, #1669, #739, #763, #416, #1479, #1393, #155, #2116, #2021, #878, #1655 ) ) ;
#1793 = EDGE_CURVE ( 'NONE', #203, #287, #1523, .T. ) ;
#1794 = MECHANICAL_DESIGN_GEOMETRIC_PRESENTATION_REPRESENTATION (  '', ( #232 ), #977 ) ;
#1795 = PRESENTATION_STYLE_ASSIGNMENT (( #340 ) ) ;
#1796 =( NAMED_UNIT ( * ) PLANE_ANGLE_UNIT ( ) SI_UNIT ( $, .RADIAN. ) );
#1797 = AXIS2_PLACEMENT_3D ( 'NONE', #560, #848, #1889 ) ;
#1798 = ORIENTED_EDGE ( 'NONE', *, *, #754, .T. ) ;
#1799 = SURFACE_SIDE_STYLE ('',( #1487 ) ) ;
#1800 = STYLED_ITEM ( 'NONE', ( #1493 ), #739 ) ;
#1801 = DIRECTION ( 'NONE',  ( -0.0000000000000000000, -1.000000000000000000, 0.0000000000000000000 ) ) ;
#1802 =( GEOMETRIC_REPRESENTATION_CONTEXT ( 3 ) GLOBAL_UNCERTAINTY_ASSIGNED_CONTEXT ( ( #804 ) ) GLOBAL_UNIT_ASSIGNED_CONTEXT ( ( #1147, #779, #161 ) ) REPRESENTATION_CONTEXT ( 'NONE', 'WORKASPACE' ) );
#1803 = LINE ( 'NONE', #442, #107 ) ;
#1804 = VECTOR ( 'NONE', #1431, 100.0000000000000000 ) ;
#1805 = PRESENTATION_STYLE_ASSIGNMENT (( #1946 ) ) ;
#1806 = UNCERTAINTY_MEASURE_WITH_UNIT (LENGTH_MEASURE( 1.000000000000000082E-05 ), #1873, 'distance_accuracy_value', 'NONE');
#1807 = DIRECTION ( 'NONE',  ( 1.000000000000000000, 0.0000000000000000000, 0.0000000000000000000 ) ) ;
#1808 = PRESENTATION_LAYER_ASSIGNMENT (  '', '', ( #646 ) ) ;
#1809 = PLANE ( 'NONE',  #237 ) ;
#1810 = ADVANCED_FACE ( 'NONE', ( #1009 ), #654, .T. ) ;
#1811 = ORIENTED_EDGE ( 'NONE', *, *, #782, .T. ) ;
#1812 = ORIENTED_EDGE ( 'NONE', *, *, #1679, .F. ) ;
#1813 = CARTESIAN_POINT ( 'NONE',  ( -0.1000000000000000056, -0.1000000000000000056, 0.7399999999999999911 ) ) ;
#1814 = FACE_OUTER_BOUND ( 'NONE', #1040, .T. ) ;
#1815 = PRESENTATION_STYLE_ASSIGNMENT (( #1978 ) ) ;
#1816 = DIRECTION ( 'NONE',  ( 1.000000000000000000, 0.0000000000000000000, 0.0000000000000000000 ) ) ;
#1817 = SURFACE_STYLE_USAGE ( .BOTH. , #1736 ) ;
#1818 =( NAMED_UNIT ( * ) PLANE_ANGLE_UNIT ( ) SI_UNIT ( $, .RADIAN. ) );
#1819 = LINE ( 'NONE', #967, #28 ) ;
#1820 = CARTESIAN_POINT ( 'NONE',  ( 0.2540000000000000036, 0.0000000000000000000, 0.0000000000000000000 ) ) ;
#1821 = FACE_OUTER_BOUND ( 'NONE', #1293, .T. ) ;
#1822 =( LENGTH_UNIT ( ) NAMED_UNIT ( * ) SI_UNIT ( .CENTI., .METRE. ) );
#1823 = ORIENTED_EDGE ( 'NONE', *, *, #663, .F. ) ;
#1824 = LINE ( 'NONE', #1964, #2068 ) ;
#1825 =( GEOMETRIC_REPRESENTATION_CONTEXT ( 3 ) GLOBAL_UNCERTAINTY_ASSIGNED_CONTEXT ( ( #1132 ) ) GLOBAL_UNIT_ASSIGNED_CONTEXT ( ( #502, #1849, #684 ) ) REPRESENTATION_CONTEXT ( 'NONE', 'WORKASPACE' ) );
#1826 = EDGE_CURVE ( 'NONE', #1686, #1004, #1035, .T. ) ;
#1827 = AXIS2_PLACEMENT_3D ( 'NONE', #89, #1406, #527 ) ;
#1828 = CIRCLE ( 'NONE', #198, 0.009999999999999939493 ) ;
#1829 = PLANE ( 'NONE',  #334 ) ;
#1830 = DIRECTION ( 'NONE',  ( 0.0000000000000000000, 0.0000000000000000000, 1.000000000000000000 ) ) ;
#1831 = PRESENTATION_LAYER_ASSIGNMENT (  '', '', ( #101 ) ) ;
#1832 = ORIENTED_EDGE ( 'NONE', *, *, #1930, .T. ) ;
#1833 = SURFACE_STYLE_FILL_AREA ( #145 ) ;
#1834 = CARTESIAN_POINT ( 'NONE',  ( 9.462128050782550710E-19, 0.07499999999999999722, 0.8250000000000000666 ) ) ;
#1835 = DIRECTION ( 'NONE',  ( 0.0000000000000000000, 0.0000000000000000000, -1.000000000000000000 ) ) ;
#1836 = COLOUR_RGB ( '',0.8666666666666666963, 0.7725490196078431682, 0.2156862745098039325 ) ;
#1837 = ORIENTED_EDGE ( 'NONE', *, *, #278, .F. ) ;
#1838 =( LENGTH_UNIT ( ) NAMED_UNIT ( * ) SI_UNIT ( .CENTI., .METRE. ) );
#1839 = AXIS2_PLACEMENT_3D ( 'NONE', #318, #1963, #971 ) ;
#1840 = PRESENTATION_LAYER_ASSIGNMENT (  '', '', ( #1347 ) ) ;
#1841 = PRODUCT_DEFINITION_SHAPE ( 'NONE', 'NONE',  #2136 ) ;
#1842 = AXIS2_PLACEMENT_3D ( 'NONE', #162, #1628, #1306 ) ;
#1843 = SURFACE_SIDE_STYLE ('',( #1166 ) ) ;
#1844 = EDGE_CURVE ( 'NONE', #860, #203, #4, .T. ) ;
#1845 = UNCERTAINTY_MEASURE_WITH_UNIT (LENGTH_MEASURE( 1.000000000000000082E-05 ), #672, 'distance_accuracy_value', 'NONE');
#1846 = FILL_AREA_STYLE ('',( #1712 ) ) ;
#1847 = APPLICATION_PROTOCOL_DEFINITION ( 'draft international standard', 'automotive_design', 1998, #691 ) ;
#1848 = ORIENTED_EDGE ( 'NONE', *, *, #1108, .T. ) ;
#1849 =( NAMED_UNIT ( * ) PLANE_ANGLE_UNIT ( ) SI_UNIT ( $, .RADIAN. ) );
#1850 = CARTESIAN_POINT ( 'NONE',  ( -0.1042803458142280149, 0.02000000000000000042, 0.7873271032559990834 ) ) ;
#1851 = ORIENTED_EDGE ( 'NONE', *, *, #693, .F. ) ;
#1852 = DIRECTION ( 'NONE',  ( 0.0000000000000000000, 1.000000000000000000, 0.0000000000000000000 ) ) ;
#1853 = SHAPE_REPRESENTATION ( 'SIL_Socket_Body', ( #828 ), #555 ) ;
#1854 = DIRECTION ( 'NONE',  ( -0.0000000000000000000, -1.000000000000000000, 0.0000000000000000000 ) ) ;
#1855 =( REPRESENTATION_RELATIONSHIP ('NONE','NONE', #1403, #1853 ) REPRESENTATION_RELATIONSHIP_WITH_TRANSFORMATION ( #97 )SHAPE_REPRESENTATION_RELATIONSHIP( ) );
#1856 = DIRECTION ( 'NONE',  ( -0.1400372197710402777, 0.0000000000000000000, -0.9901462402487812842 ) ) ;
#1857 = ITEM_DEFINED_TRANSFORMATION ( 'NONE', 'NONE', #1881,  #828 ) ;
#1858 = EDGE_CURVE ( 'NONE', #548, #972, #1319, .T. ) ;
#1859 = EDGE_LOOP ( 'NONE', ( #303, #1837, #1390, #19 ) ) ;
#1860 = SURFACE_SIDE_STYLE ('',( #360 ) ) ;
#1861 = DIRECTION ( 'NONE',  ( 0.0000000000000000000, 0.0000000000000000000, 1.000000000000000000 ) ) ;
#1862 = EDGE_CURVE ( 'NONE', #22, #1228, #842, .T. ) ;
#1863 = ORIENTED_EDGE ( 'NONE', *, *, #256, .F. ) ;
#1864 = CARTESIAN_POINT ( 'NONE',  ( -0.08509588200079717946, -0.02000000000000000042, 0.7912825582816288561 ) ) ;
#1865 = PRESENTATION_LAYER_ASSIGNMENT (  '', '', ( #292 ) ) ;
#1866 = ORIENTED_EDGE ( 'NONE', *, *, #1260, .T. ) ;
#1867 = CARTESIAN_POINT ( 'NONE',  ( 0.08509588200079712395, -0.02000000000000000042, 0.7912825582816289671 ) ) ;
#1868 =( GEOMETRIC_REPRESENTATION_CONTEXT ( 3 ) GLOBAL_UNCERTAINTY_ASSIGNED_CONTEXT ( ( #711 ) ) GLOBAL_UNIT_ASSIGNED_CONTEXT ( ( #545, #697, #883 ) ) REPRESENTATION_CONTEXT ( 'NONE', 'WORKASPACE' ) );
#1869 = SURFACE_SIDE_STYLE ('',( #1984 ) ) ;
#1870 = ITEM_DEFINED_TRANSFORMATION ( 'NONE', 'NONE', #648,  #828 ) ;
#1871 = ORIENTED_EDGE ( 'NONE', *, *, #77, .T. ) ;
#1872 = CARTESIAN_POINT ( 'NONE',  ( -0.09428034581422810312, -0.02000000000000000042, 0.7873271032559990834 ) ) ;
#1873 =( LENGTH_UNIT ( ) NAMED_UNIT ( * ) SI_UNIT ( .CENTI., .METRE. ) );
#1874 = MECHANICAL_DESIGN_GEOMETRIC_PRESENTATION_REPRESENTATION (  '', ( #581 ), #1559 ) ;
#1875 = ORIENTED_EDGE ( 'NONE', *, *, #1897, .T. ) ;
#1876 = COLOUR_RGB ( '',0.1019607843137254888, 0.1019607843137254888, 0.1019607843137254888 ) ;
#1877 = EDGE_CURVE ( 'NONE', #1046, #1211, #1699, .T. ) ;
#1878 = VECTOR ( 'NONE', #2010, 100.0000000000000000 ) ;
#1879 = PRODUCT_DEFINITION_SHAPE ( 'NONE', 'NONE',  #2129 ) ;
#1880 = DIRECTION ( 'NONE',  ( -0.0000000000000000000, 1.000000000000000000, 0.0000000000000000000 ) ) ;
#1881 = AXIS2_PLACEMENT_3D ( 'NONE', #788, #470, #487 ) ;
#1882 = CARTESIAN_POINT ( 'NONE',  ( -0.04999999999999991257, 0.0000000000000000000, 0.8000000000000000444 ) ) ;
#1883 = ITEM_DEFINED_TRANSFORMATION ( 'NONE', 'NONE', #1065,  #828 ) ;
#1884 = COLOUR_RGB ( '',0.1019607843137254888, 0.1019607843137254888, 0.1019607843137254888 ) ;
#1885 = ORIENTED_EDGE ( 'NONE', *, *, #461, .F. ) ;
#1886 = EDGE_LOOP ( 'NONE', ( #221, #985, #750, #1303, #1788, #319, #710, #328, #1149, #359, #1216, #896, #768, #1308, #1176, #353, #620, #2027, #2005, #834 ) ) ;
#1887 = ORIENTED_EDGE ( 'NONE', *, *, #1826, .T. ) ;
#1888 = CARTESIAN_POINT ( 'NONE',  ( 9.462128050782550710E-19, 0.04999999999999991257, 0.8000000000000000444 ) ) ;
#1889 = DIRECTION ( 'NONE',  ( 0.0000000000000000000, 0.0000000000000000000, 1.000000000000000000 ) ) ;
#1890 = PRESENTATION_STYLE_ASSIGNMENT (( #1541 ) ) ;
#1891 = VERTEX_POINT ( 'NONE', #1509 ) ;
#1892 = FILL_AREA_STYLE ('',( #376 ) ) ;
#1893 =( NAMED_UNIT ( * ) SI_UNIT ( $, .STERADIAN. ) SOLID_ANGLE_UNIT ( ) );
#1894 = EDGE_LOOP ( 'NONE', ( #63, #1774, #1519, #696 ) ) ;
#1895 =( REPRESENTATION_RELATIONSHIP ('NONE','NONE', #1403, #1853 ) REPRESENTATION_RELATIONSHIP_WITH_TRANSFORMATION ( #1388 )SHAPE_REPRESENTATION_RELATIONSHIP( ) );
#1896 =( GEOMETRIC_REPRESENTATION_CONTEXT ( 3 ) GLOBAL_UNCERTAINTY_ASSIGNED_CONTEXT ( ( #91 ) ) GLOBAL_UNIT_ASSIGNED_CONTEXT ( ( #517, #900, #1727 ) ) REPRESENTATION_CONTEXT ( 'NONE', 'WORKASPACE' ) );
#1897 = EDGE_CURVE ( 'NONE', #500, #118, #42, .T. ) ;
#1898 =( NAMED_UNIT ( * ) PLANE_ANGLE_UNIT ( ) SI_UNIT ( $, .RADIAN. ) );
#1899 = CARTESIAN_POINT ( 'NONE',  ( 0.1000000000000000194, 0.1000000000000000472, 0.8500000000000000888 ) ) ;
#1900 = COLOUR_RGB ( '',0.1019607843137254888, 0.1019607843137254888, 0.1019607843137254888 ) ;
#1901 = DIRECTION ( 'NONE',  ( 0.0000000000000000000, 0.0000000000000000000, 1.000000000000000000 ) ) ;
#1902 = STYLED_ITEM ( 'NONE', ( #2083 ), #951 ) ;
#1903 = DIRECTION ( 'NONE',  ( -0.0000000000000000000, -0.0000000000000000000, 1.000000000000000000 ) ) ;
#1904 = CARTESIAN_POINT ( 'NONE',  ( -0.1000000000000000056, 0.0000000000000000000, 0.7399999999999999911 ) ) ;
#1905 =( GEOMETRIC_REPRESENTATION_CONTEXT ( 3 ) GLOBAL_UNCERTAINTY_ASSIGNED_CONTEXT ( ( #1622 ) ) GLOBAL_UNIT_ASSIGNED_CONTEXT ( ( #469, #1565, #797 ) ) REPRESENTATION_CONTEXT ( 'NONE', 'WORKASPACE' ) );
#1906 =( NAMED_UNIT ( * ) SI_UNIT ( $, .STERADIAN. ) SOLID_ANGLE_UNIT ( ) );
#1907 =( NAMED_UNIT ( * ) SI_UNIT ( $, .STERADIAN. ) SOLID_ANGLE_UNIT ( ) );
#1908 = VECTOR ( 'NONE', #1880, 100.0000000000000000 ) ;
#1909 = AXIS2_PLACEMENT_3D ( 'NONE', #927, #2096, #610 ) ;
#1910 = ITEM_DEFINED_TRANSFORMATION ( 'NONE', 'NONE', #1246,  #828 ) ;
#1911 = FACE_BOUND ( 'NONE', #1138, .T. ) ;
#1912 = UNCERTAINTY_MEASURE_WITH_UNIT (LENGTH_MEASURE( 1.000000000000000082E-05 ), #1203, 'distance_accuracy_value', 'NONE');
#1913 =( LENGTH_UNIT ( ) NAMED_UNIT ( * ) SI_UNIT ( .CENTI., .METRE. ) );
#1914 = MECHANICAL_DESIGN_GEOMETRIC_PRESENTATION_REPRESENTATION (  '', ( #2115 ), #733 ) ;
#1915 = CARTESIAN_POINT ( 'NONE',  ( 0.0000000000000000000, -0.02000000000000000042, 0.2677666470408440191 ) ) ;
#1916 = DIRECTION ( 'NONE',  ( -0.1400372197710402777, 0.0000000000000000000, -0.9901462402487812842 ) ) ;
#1917 = DIRECTION ( 'NONE',  ( -1.000000000000000000, -2.078962154847970352E-32, 0.0000000000000000000 ) ) ;
#1918 = CONTEXT_DEPENDENT_SHAPE_REPRESENTATION ( #1490, #18 ) ;
#1919 = DIRECTION ( 'NONE',  ( -0.0000000000000000000, 0.0000000000000000000, 1.000000000000000000 ) ) ;
#1920 =( NAMED_UNIT ( * ) SI_UNIT ( $, .STERADIAN. ) SOLID_ANGLE_UNIT ( ) );
#1921 = DIRECTION ( 'NONE',  ( 0.0000000000000000000, -0.7071067811865490160, 0.7071067811865460184 ) ) ;
#1922 = DIRECTION ( 'NONE',  ( 0.0000000000000000000, 1.000000000000000000, 0.0000000000000000000 ) ) ;
#1923 = EDGE_CURVE ( 'NONE', #337, #2094, #831, .T. ) ;
#1924 = CARTESIAN_POINT ( 'NONE',  ( -0.03244696269377490144, 0.02000000000000000042, 0.08882838487625120683 ) ) ;
#1925 = FILL_AREA_STYLE_COLOUR ( '', #1386 ) ;
#1926 = COLOUR_RGB ( '',0.8666666666666666963, 0.7725490196078431682, 0.2156862745098039325 ) ;
#1927 = MECHANICAL_DESIGN_GEOMETRIC_PRESENTATION_REPRESENTATION (  '', ( #69 ), #163 ) ;
#1928 = DIRECTION ( 'NONE',  ( 0.0000000000000000000, 0.0000000000000000000, 1.000000000000000000 ) ) ;
#1929 = VECTOR ( 'NONE', #2108, 100.0000000000000000 ) ;
#1930 = EDGE_CURVE ( 'NONE', #1283, #1506, #664, .T. ) ;
#1931 = CIRCLE ( 'NONE', #918, 0.2547114388012230446 ) ;
#1932 = AXIS2_PLACEMENT_3D ( 'NONE', #571, #1090, #124 ) ;
#1933 = ORIENTED_EDGE ( 'NONE', *, *, #1862, .F. ) ;
#1934 = MECHANICAL_DESIGN_GEOMETRIC_PRESENTATION_REPRESENTATION (  '', ( #781 ), #79 ) ;
#1935 = CARTESIAN_POINT ( 'NONE',  ( 0.05000000000000000278, 0.05000000000000000278, 0.8500000000000000888 ) ) ;
#1936 = SURFACE_SIDE_STYLE ('',( #1584 ) ) ;
#1937 = DIRECTION ( 'NONE',  ( 1.000000000000000000, 0.0000000000000000000, 0.0000000000000000000 ) ) ;
#1938 = PRESENTATION_STYLE_ASSIGNMENT (( #983 ) ) ;
#1939 = CARTESIAN_POINT ( 'NONE',  ( 0.1270000000000000018, -0.1270000000000000018, 0.8500000000000000888 ) ) ;
#1940 = FILL_AREA_STYLE ('',( #717 ) ) ;
#1941 = PRESENTATION_LAYER_ASSIGNMENT (  '', '', ( #2011 ) ) ;
#1942 = CARTESIAN_POINT ( 'NONE',  ( 0.05000000000000000278, -0.05000000000000000278, 0.8500000000000000888 ) ) ;
#1943 = EDGE_CURVE ( 'NONE', #1004, #1475, #1359, .T. ) ;
#1944 = ORIENTED_EDGE ( 'NONE', *, *, #451, .T. ) ;
#1945 = EDGE_CURVE ( 'NONE', #792, #1182, #627, .T. ) ;
#1946 = SURFACE_STYLE_USAGE ( .BOTH. , #131 ) ;
#1947 = PRODUCT_DEFINITION_CONTEXT ( 'detailed design', #358, 'design' ) ;
#1948 = DIRECTION ( 'NONE',  ( 0.0000000000000000000, 1.000000000000000000, 0.0000000000000000000 ) ) ;
#1949 = CARTESIAN_POINT ( 'NONE',  ( 1.778000000000000025, 0.0000000000000000000, 0.0000000000000000000 ) ) ;
#1950 = DIRECTION ( 'NONE',  ( -0.0000000000000000000, -1.000000000000000000, -0.0000000000000000000 ) ) ;
#1951 = PLANE ( 'NONE',  #1997 ) ;
#1952 = PRESENTATION_STYLE_ASSIGNMENT (( #250 ) ) ;
#1953 = ORIENTED_EDGE ( 'NONE', *, *, #2067, .T. ) ;
#1954 = LINE ( 'NONE', #1117, #1753 ) ;
#1955 = CARTESIAN_POINT ( 'NONE',  ( -0.04999999999999998890, 0.04999999999999998890, 0.8000000000000000444 ) ) ;
#1956 =( REPRESENTATION_RELATIONSHIP ('NONE','NONE', #1403, #1782 ) REPRESENTATION_RELATIONSHIP_WITH_TRANSFORMATION ( #266 )SHAPE_REPRESENTATION_RELATIONSHIP( ) );
#1957 = DIRECTION ( 'NONE',  ( 0.0000000000000000000, 0.0000000000000000000, 1.000000000000000000 ) ) ;
#1958 = ADVANCED_FACE ( 'NONE', ( #1560 ), #876, .T. ) ;
#1959 = CARTESIAN_POINT ( 'NONE',  ( 1.270000000000000018, 0.0000000000000000000, 0.0000000000000000000 ) ) ;
#1960 = VECTOR ( 'NONE', #195, 100.0000000000000000 ) ;
#1961 = DIRECTION ( 'NONE',  ( 1.000000000000000000, 0.0000000000000000000, 0.0000000000000000000 ) ) ;
#1962 = COLOUR_RGB ( '',0.8666666666666666963, 0.7725490196078431682, 0.2156862745098039325 ) ;
#1963 = DIRECTION ( 'NONE',  ( 0.0000000000000000000, 0.0000000000000000000, 1.000000000000000000 ) ) ;
#1964 = CARTESIAN_POINT ( 'NONE',  ( 0.0000000000000000000, -0.1270000000000000018, 0.0000000000000000000 ) ) ;
#1965 = UNCERTAINTY_MEASURE_WITH_UNIT (LENGTH_MEASURE( 1.000000000000000082E-05 ), #2113, 'distance_accuracy_value', 'NONE');
#1966 = AXIS2_PLACEMENT_3D ( 'NONE', #1010, #1711, #719 ) ;
#1967 = AXIS2_PLACEMENT_3D ( 'NONE', #1872, #724, #1861 ) ;
#1968 = LINE ( 'NONE', #770, #1693 ) ;
#1969 = COLOUR_RGB ( '',0.8666666666666666963, 0.7725490196078431682, 0.2156862745098039325 ) ;
#1970 = VECTOR ( 'NONE', #940, 100.0000000000000000 ) ;
#1971 = DIRECTION ( 'NONE',  ( -0.9901462402487813952, 0.0000000000000000000, -0.1400372197710403055 ) ) ;
#1972 = CARTESIAN_POINT ( 'NONE',  ( 1.524000000000000021, 0.0000000000000000000, 0.0000000000000000000 ) ) ;
#1973 = VECTOR ( 'NONE', #1153, 100.0000000000000000 ) ;
#1974 = SURFACE_STYLE_FILL_AREA ( #492 ) ;
#1975 = FILL_AREA_STYLE ('',( #1338 ) ) ;
#1976 = ORIENTED_EDGE ( 'NONE', *, *, #1723, .F. ) ;
#1977 =( NAMED_UNIT ( * ) SI_UNIT ( $, .STERADIAN. ) SOLID_ANGLE_UNIT ( ) );
#1978 = SURFACE_STYLE_USAGE ( .BOTH. , #411 ) ;
#1979 = CARTESIAN_POINT ( 'NONE',  ( 0.7620000000000000107, 0.0000000000000000000, 0.0000000000000000000 ) ) ;
#1980 = LINE ( 'NONE', #815, #1455 ) ;
#1981 = VERTEX_POINT ( 'NONE', #1056 ) ;
#1982 = PRESENTATION_STYLE_ASSIGNMENT (( #803 ) ) ;
#1983 = EDGE_CURVE ( 'NONE', #548, #2094, #222, .T. ) ;
#1984 = SURFACE_STYLE_FILL_AREA ( #694 ) ;
#1985 = DIRECTION ( 'NONE',  ( 0.0000000000000000000, 0.0000000000000000000, 1.000000000000000000 ) ) ;
#1986 = EDGE_LOOP ( 'NONE', ( #552, #2053, #758, #1640 ) ) ;
#1987 = LINE ( 'NONE', #814, #1995 ) ;
#1988 = SURFACE_STYLE_USAGE ( .BOTH. , #1650 ) ;
#1989 = COLOUR_RGB ( '',0.8666666666666666963, 0.7725490196078431682, 0.2156862745098039325 ) ;
#1990 = VERTEX_POINT ( 'NONE', #2046 ) ;
#1991 = FILL_AREA_STYLE ('',( #150 ) ) ;
#1992 = PRESENTATION_LAYER_ASSIGNMENT (  '', '', ( #368 ) ) ;
#1993 = ADVANCED_FACE ( 'NONE', ( #1397 ), #1067, .T. ) ;
#1994 = PRESENTATION_LAYER_ASSIGNMENT (  '', '', ( #72 ) ) ;
#1995 = VECTOR ( 'NONE', #651, 100.0000000000000000 ) ;
#1996 = SURFACE_STYLE_USAGE ( .BOTH. , #1546 ) ;
#1997 = AXIS2_PLACEMENT_3D ( 'NONE', #1834, #1112, #317 ) ;
#1998 = SURFACE_STYLE_USAGE ( .BOTH. , #1869 ) ;
#1999 = AXIS2_PLACEMENT_3D ( 'NONE', #1289, #1948, #1636 ) ;
#2000 = ORIENTED_EDGE ( 'NONE', *, *, #1074, .T. ) ;
#2001 = FACE_OUTER_BOUND ( 'NONE', #471, .T. ) ;
#2002 = DIRECTION ( 'NONE',  ( 0.0000000000000000000, 1.000000000000000000, 0.0000000000000000000 ) ) ;
#2003 =( NAMED_UNIT ( * ) PLANE_ANGLE_UNIT ( ) SI_UNIT ( $, .RADIAN. ) );
#2004 = PRESENTATION_LAYER_ASSIGNMENT (  '', '', ( #781 ) ) ;
#2005 = ORIENTED_EDGE ( 'NONE', *, *, #1377, .F. ) ;
#2006 = DIRECTION ( 'NONE',  ( -1.658928450709476921E-64, 7.979599084288239752E-33, 1.000000000000000000 ) ) ;
#2007 = VECTOR ( 'NONE', #614, 100.0000000000000000 ) ;
#2008 = ORIENTED_EDGE ( 'NONE', *, *, #1858, .F. ) ;
#2009 = AXIS2_PLACEMENT_3D ( 'NONE', #1300, #1280, #1807 ) ;
#2010 = DIRECTION ( 'NONE',  ( 0.0000000000000000000, 0.0000000000000000000, 1.000000000000000000 ) ) ;
#2011 = STYLED_ITEM ( 'NONE', ( #2024 ), #2116 ) ;
#2012 = EDGE_CURVE ( 'NONE', #1686, #87, #2059, .T. ) ;
#2013 = ORIENTED_EDGE ( 'NONE', *, *, #1302, .T. ) ;
#2014 = CARTESIAN_POINT ( 'NONE',  ( 0.1270000000000000018, -0.1270000000000000018, 0.0000000000000000000 ) ) ;
#2015 = DIRECTION ( 'NONE',  ( 1.140612731871519894E-31, 0.0000000000000000000, 1.000000000000000000 ) ) ;
#2016 = EDGE_LOOP ( 'NONE', ( #1202, #369, #1389, #962 ) ) ;
#2017 = PRESENTATION_STYLE_ASSIGNMENT (( #246 ) ) ;
#2018 = SURFACE_STYLE_USAGE ( .BOTH. , #2055 ) ;
#2019 = PRODUCT_DEFINITION_SHAPE ( 'NONE', 'NONE',  #2126 ) ;
#2020 = DIRECTION ( 'NONE',  ( 0.0000000000000000000, 1.000000000000000000, 0.0000000000000000000 ) ) ;
#2021 = ADVANCED_FACE ( 'NONE', ( #1270 ), #289, .T. ) ;
#2022 = EDGE_LOOP ( 'NONE', ( #856, #536, #1129, #215 ) ) ;
#2023 =( NAMED_UNIT ( * ) PLANE_ANGLE_UNIT ( ) SI_UNIT ( $, .RADIAN. ) );
#2024 = PRESENTATION_STYLE_ASSIGNMENT (( #76 ) ) ;
#2025 = ORIENTED_EDGE ( 'NONE', *, *, #1858, .T. ) ;
#2026 = SURFACE_SIDE_STYLE ('',( #1692 ) ) ;
#2027 = ORIENTED_EDGE ( 'NONE', *, *, #840, .F. ) ;
#2028 = MECHANICAL_DESIGN_GEOMETRIC_PRESENTATION_REPRESENTATION (  '', ( #714 ), #1152 ) ;
#2029 = PRESENTATION_LAYER_ASSIGNMENT (  '', '', ( #296 ) ) ;
#2030 = CARTESIAN_POINT ( 'NONE',  ( 0.03244696269377490144, 0.02000000000000000042, 0.08882838487625120683 ) ) ;
#2031 =( NAMED_UNIT ( * ) SI_UNIT ( $, .STERADIAN. ) SOLID_ANGLE_UNIT ( ) );
#2032 = APPLICATION_PROTOCOL_DEFINITION ( 'draft international standard', 'automotive_design', 1998, #1133 ) ;
#2033 = AXIS2_PLACEMENT_3D ( 'NONE', #623, #822, #1957 ) ;
#2034 = VERTEX_POINT ( 'NONE', #147 ) ;
#2035 = DIRECTION ( 'NONE',  ( 0.9184463813430879808, 0.0000000000000000000, 0.3955455025629632249 ) ) ;
#2036 = UNCERTAINTY_MEASURE_WITH_UNIT (LENGTH_MEASURE( 1.000000000000000082E-05 ), #293, 'distance_accuracy_value', 'NONE');
#2037 = FACE_OUTER_BOUND ( 'NONE', #1043, .T. ) ;
#2038 = FACE_OUTER_BOUND ( 'NONE', #1986, .T. ) ;
#2039 =( GEOMETRIC_REPRESENTATION_CONTEXT ( 3 ) GLOBAL_UNCERTAINTY_ASSIGNED_CONTEXT ( ( #2118 ) ) GLOBAL_UNIT_ASSIGNED_CONTEXT ( ( #1505, #762, #1399 ) ) REPRESENTATION_CONTEXT ( 'NONE', 'WORKASPACE' ) );
#2040 = ORIENTED_EDGE ( 'NONE', *, *, #603, .F. ) ;
#2041 = FILL_AREA_STYLE_COLOUR ( '', #767 ) ;
#2042 = PRESENTATION_LAYER_ASSIGNMENT (  '', '', ( #1452 ) ) ;
#2043 = FILL_AREA_STYLE ('',( #1707 ) ) ;
#2044 = PRESENTATION_LAYER_ASSIGNMENT (  '', '', ( #277 ) ) ;
#2045 =( LENGTH_UNIT ( ) NAMED_UNIT ( * ) SI_UNIT ( .CENTI., .METRE. ) );
#2046 = CARTESIAN_POINT ( 'NONE',  ( -0.05000000000000000278, -0.05000000000000000278, 0.7399999999999999911 ) ) ;
#2047 =( GEOMETRIC_REPRESENTATION_CONTEXT ( 3 ) GLOBAL_UNCERTAINTY_ASSIGNED_CONTEXT ( ( #1332 ) ) GLOBAL_UNIT_ASSIGNED_CONTEXT ( ( #1646, #168, #186 ) ) REPRESENTATION_CONTEXT ( 'NONE', 'WORKASPACE' ) );
#2048 = SURFACE_SIDE_STYLE ('',( #120 ) ) ;
#2049 = COLOUR_RGB ( '',0.7921568627450980005, 0.8196078431372548767, 0.9333333333333333481 ) ;
#2050 = ORIENTED_EDGE ( 'NONE', *, *, #11, .T. ) ;
#2051 = CYLINDRICAL_SURFACE ( 'NONE', #1797, 0.01000000000000028644 ) ;
#2052 = CARTESIAN_POINT ( 'NONE',  ( 1.892425610156520157E-18, 0.0000000000000000000, 0.8500000000000000888 ) ) ;
#2053 = ORIENTED_EDGE ( 'NONE', *, *, #2012, .F. ) ;
#2054 = FILL_AREA_STYLE ('',( #2041 ) ) ;
#2055 = SURFACE_SIDE_STYLE ('',( #1006 ) ) ;
#2056 = ORIENTED_EDGE ( 'NONE', *, *, #1108, .F. ) ;
#2057 = FILL_AREA_STYLE ('',( #1558 ) ) ;
#2058 = ADVANCED_FACE ( 'NONE', ( #961, #836 ), #652, .F. ) ;
#2059 = LINE ( 'NONE', #2100, #2007 ) ;
#2060 = SURFACE_STYLE_FILL_AREA ( #894 ) ;
#2061 = CONTEXT_DEPENDENT_SHAPE_REPRESENTATION ( #1627, #1631 ) ;
#2062 = CARTESIAN_POINT ( 'NONE',  ( -0.06003131717443417614, -0.02000000000000000042, 0.7330832898901298300 ) ) ;
#2063 =( NAMED_UNIT ( * ) PLANE_ANGLE_UNIT ( ) SI_UNIT ( $, .RADIAN. ) );
#2064 = CARTESIAN_POINT ( 'NONE',  ( 9.462128050782550710E-19, -0.07499999999999999722, 0.8250000000000000666 ) ) ;
#2065 = CARTESIAN_POINT ( 'NONE',  ( 0.08509588200079713782, -0.02000000000000000042, 0.7912825582816289671 ) ) ;
#2066 = PLANE ( 'NONE',  #363 ) ;
#2067 = EDGE_CURVE ( 'NONE', #1013, #1617, #949, .T. ) ;
#2068 = VECTOR ( 'NONE', #329, 100.0000000000000000 ) ;
#2069 = FACE_OUTER_BOUND ( 'NONE', #1886, .T. ) ;
#2070 = MECHANICAL_DESIGN_GEOMETRIC_PRESENTATION_REPRESENTATION (  '', ( #194 ), #23 ) ;
#2071 =( NAMED_UNIT ( * ) PLANE_ANGLE_UNIT ( ) SI_UNIT ( $, .RADIAN. ) );
#2072 = PRESENTATION_STYLE_ASSIGNMENT (( #582 ) ) ;
#2073 =( GEOMETRIC_REPRESENTATION_CONTEXT ( 3 ) GLOBAL_UNCERTAINTY_ASSIGNED_CONTEXT ( ( #495 ) ) GLOBAL_UNIT_ASSIGNED_CONTEXT ( ( #146, #659, #1184 ) ) REPRESENTATION_CONTEXT ( 'NONE', 'WORKASPACE' ) );
#2074 = SURFACE_STYLE_FILL_AREA ( #1259 ) ;
#2075 = COLOUR_RGB ( '',0.8666666666666666963, 0.7725490196078431682, 0.2156862745098039325 ) ;
#2076 =( GEOMETRIC_REPRESENTATION_CONTEXT ( 3 ) GLOBAL_UNCERTAINTY_ASSIGNED_CONTEXT ( ( #505 ) ) GLOBAL_UNIT_ASSIGNED_CONTEXT ( ( #285, #1098, #467 ) ) REPRESENTATION_CONTEXT ( 'NONE', 'WORKASPACE' ) );
#2077 =( LENGTH_UNIT ( ) NAMED_UNIT ( * ) SI_UNIT ( .CENTI., .METRE. ) );
#2078 = CARTESIAN_POINT ( 'NONE',  ( 0.0000000000000000000, 0.1000000000000000056, 0.7399999999999999911 ) ) ;
#2079 = FILL_AREA_STYLE ('',( #1069 ) ) ;
#2080 = EDGE_CURVE ( 'NONE', #1891, #508, #1980, .T. ) ;
#2081 = DIRECTION ( 'NONE',  ( 0.0000000000000000000, 0.0000000000000000000, 1.000000000000000000 ) ) ;
#2082 =( NAMED_UNIT ( * ) SI_UNIT ( $, .STERADIAN. ) SOLID_ANGLE_UNIT ( ) );
#2083 = PRESENTATION_STYLE_ASSIGNMENT (( #2018 ) ) ;
#2084 = VERTEX_POINT ( 'NONE', #327 ) ;
#2085 = CARTESIAN_POINT ( 'NONE',  ( -0.05000000000000000278, -0.05000000000000000278, 0.8500000000000000888 ) ) ;
#2086 = CARTESIAN_POINT ( 'NONE',  ( 0.0000000000000000000, -0.1270000000000000018, 0.8500000000000000888 ) ) ;
#2087 = CONTEXT_DEPENDENT_SHAPE_REPRESENTATION ( #1895, #1542 ) ;
#2088 = DIRECTION ( 'NONE',  ( 0.3955455025629631693, 0.0000000000000000000, -0.9184463813430878698 ) ) ;
#2089 = LINE ( 'NONE', #755, #1804 ) ;
#2090 = FILL_AREA_STYLE ('',( #1609 ) ) ;
#2091 = EDGE_CURVE ( 'NONE', #441, #1365, #1499, .T. ) ;
#2092 = PRESENTATION_STYLE_ASSIGNMENT (( #1587 ) ) ;
#2093 = DIRECTION ( 'NONE',  ( 0.0000000000000000000, 0.0000000000000000000, 1.000000000000000000 ) ) ;
#2094 = VERTEX_POINT ( 'NONE', #1128 ) ;
#2095 = LINE ( 'NONE', #746, #433 ) ;
#2096 = DIRECTION ( 'NONE',  ( 0.0000000000000000000, 0.0000000000000000000, 1.000000000000000000 ) ) ;
#2097 = CARTESIAN_POINT ( 'NONE',  ( 0.1000000000000000056, 0.1000000000000000056, 0.0000000000000000000 ) ) ;
#2098 = STYLED_ITEM ( 'NONE', ( #1575 ), #709 ) ;
#2099 = LINE ( 'NONE', #1773, #675 ) ;
#2100 = CARTESIAN_POINT ( 'NONE',  ( 0.03244696269377512349, -0.02000000000000000042, -0.9671385867237070055 ) ) ;
#2101 = MECHANICAL_DESIGN_GEOMETRIC_PRESENTATION_REPRESENTATION (  '', ( #1800 ), #1378 ) ;
#2102 = VECTOR ( 'NONE', #594, 100.0000000000000000 ) ;
#2103 = ADVANCED_FACE ( 'NONE', ( #660 ), #1324, .T. ) ;
#2104 = EDGE_LOOP ( 'NONE', ( #393, #1220, #1167, #644 ) ) ;
#2105 = PRESENTATION_LAYER_ASSIGNMENT (  '', '', ( #722 ) ) ;
#2106 =( LENGTH_UNIT ( ) NAMED_UNIT ( * ) SI_UNIT ( .CENTI., .METRE. ) );
#2107 =( REPRESENTATION_RELATIONSHIP ('NONE','NONE', #1403, #1853 ) REPRESENTATION_RELATIONSHIP_WITH_TRANSFORMATION ( #83 )SHAPE_REPRESENTATION_RELATIONSHIP( ) );
#2108 = DIRECTION ( 'NONE',  ( 0.3955455025629641130, 0.0000000000000000000, 0.9184463813430875367 ) ) ;
#2109 =( GEOMETRIC_REPRESENTATION_CONTEXT ( 3 ) GLOBAL_UNCERTAINTY_ASSIGNED_CONTEXT ( ( #294 ) ) GLOBAL_UNIT_ASSIGNED_CONTEXT ( ( #1822, #1796, #633 ) ) REPRESENTATION_CONTEXT ( 'NONE', 'WORKASPACE' ) );
#2110 = CYLINDRICAL_SURFACE ( 'NONE', #1999, 0.01000000000000028644 ) ;
#2111 = DIRECTION ( 'NONE',  ( 1.000000000000000000, 0.0000000000000000000, 0.0000000000000000000 ) ) ;
#2112 = PRODUCT_DEFINITION_FORMATION_WITH_SPECIFIED_SOURCE ( 'ANY', '', #1422, .NOT_KNOWN. ) ;
#2113 =( LENGTH_UNIT ( ) NAMED_UNIT ( * ) SI_UNIT ( .CENTI., .METRE. ) );
#2114 = ORIENTED_EDGE ( 'NONE', *, *, #1943, .T. ) ;
#2115 = STYLED_ITEM ( 'NONE', ( #236 ), #1993 ) ;
#2116 = ADVANCED_FACE ( 'NONE', ( #2038 ), #362, .T. ) ;
#2117 = ORIENTED_EDGE ( 'NONE', *, *, #532, .F. ) ;
#2118 = UNCERTAINTY_MEASURE_WITH_UNIT (LENGTH_MEASURE( 1.000000000000000082E-05 ), #1505, 'distance_accuracy_value', 'NONE');
#2119 = FILL_AREA_STYLE ('',( #446 ) ) ;
#2120 = DIRECTION ( 'NONE',  ( 0.0000000000000000000, 0.0000000000000000000, 1.000000000000000000 ) ) ;
#2121 = DIRECTION ( 'NONE',  ( 0.0000000000000000000, -0.0000000000000000000, -1.000000000000000000 ) ) ;
#2122 = NEXT_ASSEMBLY_USAGE_OCCURRENCE ( 'NAUO1', ' ', ' ', #121, #364, $ ) ;
#2123 = NEXT_ASSEMBLY_USAGE_OCCURRENCE ( 'NAUO2', ' ', ' ', #121, #1496, $ ) ;
#2124 = NEXT_ASSEMBLY_USAGE_OCCURRENCE ( 'NAUO3', ' ', ' ', #121, #364, $ ) ;
#2125 = NEXT_ASSEMBLY_USAGE_OCCURRENCE ( 'NAUO4', ' ', ' ', #121, #1496, $ ) ;
#2126 = NEXT_ASSEMBLY_USAGE_OCCURRENCE ( 'NAUO5', ' ', ' ', #121, #364, $ ) ;
#2127 = NEXT_ASSEMBLY_USAGE_OCCURRENCE ( 'NAUO6', ' ', ' ', #121, #1496, $ ) ;
#2128 = NEXT_ASSEMBLY_USAGE_OCCURRENCE ( 'NAUO7', ' ', ' ', #121, #364, $ ) ;
#2129 = NEXT_ASSEMBLY_USAGE_OCCURRENCE ( 'NAUO8', ' ', ' ', #121, #1496, $ ) ;
#2130 = NEXT_ASSEMBLY_USAGE_OCCURRENCE ( 'NAUO9', ' ', ' ', #121, #364, $ ) ;
#2131 = NEXT_ASSEMBLY_USAGE_OCCURRENCE ( 'NAUO10', ' ', ' ', #121, #1496, $ ) ;
#2132 = NEXT_ASSEMBLY_USAGE_OCCURRENCE ( 'NAUO11', ' ', ' ', #121, #364, $ ) ;
#2133 = NEXT_ASSEMBLY_USAGE_OCCURRENCE ( 'NAUO12', ' ', ' ', #121, #1496, $ ) ;
#2134 = NEXT_ASSEMBLY_USAGE_OCCURRENCE ( 'NAUO13', ' ', ' ', #121, #364, $ ) ;
#2135 = NEXT_ASSEMBLY_USAGE_OCCURRENCE ( 'NAUO14', ' ', ' ', #121, #1496, $ ) ;
#2136 = NEXT_ASSEMBLY_USAGE_OCCURRENCE ( 'NAUO15', ' ', ' ', #121, #364, $ ) ;
#2137 = NEXT_ASSEMBLY_USAGE_OCCURRENCE ( 'NAUO16', ' ', ' ', #121, #1496, $ ) ;
#2138 = NEXT_ASSEMBLY_USAGE_OCCURRENCE ( 'NAUO17', ' ', ' ', #121, #364, $ ) ;
#2139 = NEXT_ASSEMBLY_USAGE_OCCURRENCE ( 'NAUO18', ' ', ' ', #121, #1496, $ ) ;
#2140 = NEXT_ASSEMBLY_USAGE_OCCURRENCE ( 'NAUO19', ' ', ' ', #121, #364, $ ) ;
#2141 = NEXT_ASSEMBLY_USAGE_OCCURRENCE ( 'NAUO20', ' ', ' ', #121, #1496, $ ) ;
ENDSEC;
END-ISO-10303-21;
