ISO-10303-21;
HEADER;
FILE_DESCRIPTION (( 'STEP AP214' ),
    '1' );
FILE_NAME ('User Library-SIL_Socket08_.STEP',
    '2026-08-28T19:29:26',
    ( '' ),
    ( '' ),
    'SwSTEP 2.0',
    'SolidWorks 2022',
    '' );
FILE_SCHEMA (( 'AUTOMOTIVE_DESIGN' ));
ENDSEC;

DATA;
#1 = DIRECTION ( 'NONE',  ( 0.0000000000000000000, 1.000000000000000000, -0.0000000000000000000 ) ) ;
#2 =( NAMED_UNIT ( * ) SI_UNIT ( $, .STERADIAN. ) SOLID_ANGLE_UNIT ( ) );
#3 = CARTESIAN_POINT ( 'NONE',  ( 0.09428034581422810312, 0.02000000000000000042, 0.7873271032559990834 ) ) ;
#4 = PRODUCT_DEFINITION_SHAPE ( 'NONE', 'NONE',  #2097 ) ;
#5 = EDGE_CURVE ( 'NONE', #143, #1374, #1654, .T. ) ;
#6 = LINE ( 'NONE', #1152, #1567 ) ;
#7 = ORIENTED_EDGE ( 'NONE', *, *, #614, .F. ) ;
#8 = UNCERTAINTY_MEASURE_WITH_UNIT (LENGTH_MEASURE( 1.000000000000000082E-05 ), #393, 'distance_accuracy_value', 'NONE');
#9 = DIRECTION ( 'NONE',  ( 0.0000000000000000000, 0.0000000000000000000, 1.000000000000000000 ) ) ;
#10 =( NAMED_UNIT ( * ) SI_UNIT ( $, .STERADIAN. ) SOLID_ANGLE_UNIT ( ) );
#11 =( REPRESENTATION_RELATIONSHIP ('NONE','NONE', #548, #966 ) REPRESENTATION_RELATIONSHIP_WITH_TRANSFORMATION ( #1579 )SHAPE_REPRESENTATION_RELATIONSHIP( ) );
#12 = LINE ( 'NONE', #1440, #1842 ) ;
#13 = STYLED_ITEM ( 'NONE', ( #557 ), #113 ) ;
#14 =( NAMED_UNIT ( * ) SI_UNIT ( $, .STERADIAN. ) SOLID_ANGLE_UNIT ( ) );
#15 = SURFACE_STYLE_FILL_AREA ( #857 ) ;
#16 = STYLED_ITEM ( 'NONE', ( #1072 ), #1455 ) ;
#17 = VECTOR ( 'NONE', #813, 100.0000000000000000 ) ;
#18 = STYLED_ITEM ( 'NONE', ( #560 ), #1803 ) ;
#19 =( NAMED_UNIT ( * ) PLANE_ANGLE_UNIT ( ) SI_UNIT ( $, .RADIAN. ) );
#20 = VERTEX_POINT ( 'NONE', #716 ) ;
#21 = VECTOR ( 'NONE', #387, 100.0000000000000000 ) ;
#22 = ADVANCED_FACE ( 'NONE', ( #1194 ), #1831, .T. ) ;
#23 = AXIS2_PLACEMENT_3D ( 'NONE', #451, #769, #440 ) ;
#24 = FILL_AREA_STYLE ('',( #1136 ) ) ;
#25 = VECTOR ( 'NONE', #1499, 100.0000000000000000 ) ;
#26 = DIRECTION ( 'NONE',  ( 0.0000000000000000000, 0.0000000000000000000, 1.000000000000000000 ) ) ;
#27 = SURFACE_SIDE_STYLE ('',( #1304 ) ) ;
#28 =( GEOMETRIC_REPRESENTATION_CONTEXT ( 3 ) GLOBAL_UNCERTAINTY_ASSIGNED_CONTEXT ( ( #2051 ) ) GLOBAL_UNIT_ASSIGNED_CONTEXT ( ( #516, #1479, #1306 ) ) REPRESENTATION_CONTEXT ( 'NONE', 'WORKASPACE' ) );
#29 = SURFACE_SIDE_STYLE ('',( #1981 ) ) ;
#30 = VERTEX_POINT ( 'NONE', #1213 ) ;
#31 = CARTESIAN_POINT ( 'NONE',  ( 0.06003131717443468962, -0.02000000000000000042, 0.5529086589813229091 ) ) ;
#32 = DIRECTION ( 'NONE',  ( 1.000000000000000000, 0.0000000000000000000, 0.0000000000000000000 ) ) ;
#33 =( NAMED_UNIT ( * ) PLANE_ANGLE_UNIT ( ) SI_UNIT ( $, .RADIAN. ) );
#34 = FACE_OUTER_BOUND ( 'NONE', #1274, .T. ) ;
#35 = EDGE_LOOP ( 'NONE', ( #2032, #1667, #1044, #2029 ) ) ;
#36 = ORIENTED_EDGE ( 'NONE', *, *, #855, .F. ) ;
#37 = CARTESIAN_POINT ( 'NONE',  ( 0.5080000000000000071, 0.0000000000000000000, 0.0000000000000000000 ) ) ;
#38 = DIRECTION ( 'NONE',  ( 0.0000000000000000000, 0.0000000000000000000, 1.000000000000000000 ) ) ;
#39 = EDGE_CURVE ( 'NONE', #1169, #843, #753, .T. ) ;
#40 = FILL_AREA_STYLE_COLOUR ( '', #2027 ) ;
#41 = MECHANICAL_DESIGN_GEOMETRIC_PRESENTATION_REPRESENTATION (  '', ( #522 ), #218 ) ;
#42 = SURFACE_SIDE_STYLE ('',( #169 ) ) ;
#43 = VECTOR ( 'NONE', #960, 100.0000000000000000 ) ;
#44 = ORIENTED_EDGE ( 'NONE', *, *, #1568, .F. ) ;
#45 = MECHANICAL_DESIGN_GEOMETRIC_PRESENTATION_REPRESENTATION (  '', ( #2059 ), #496 ) ;
#46 = PRESENTATION_LAYER_ASSIGNMENT (  '', '', ( #297 ) ) ;
#47 =( REPRESENTATION_RELATIONSHIP ('NONE','NONE', #548, #966 ) REPRESENTATION_RELATIONSHIP_WITH_TRANSFORMATION ( #1847 )SHAPE_REPRESENTATION_RELATIONSHIP( ) );
#48 = SURFACE_STYLE_FILL_AREA ( #1342 ) ;
#49 = ORIENTED_EDGE ( 'NONE', *, *, #176, .T. ) ;
#50 = PRESENTATION_LAYER_ASSIGNMENT (  '', '', ( #402 ) ) ;
#51 = COLOUR_RGB ( '',0.1019607843137254888, 0.1019607843137254888, 0.1019607843137254888 ) ;
#52 = DIRECTION ( 'NONE',  ( 1.000000000000000000, 0.0000000000000000000, 0.0000000000000000000 ) ) ;
#53 = DIRECTION ( 'NONE',  ( 0.3955455025629631693, 0.0000000000000000000, 0.9184463813430878698 ) ) ;
#54 = ORIENTED_EDGE ( 'NONE', *, *, #1295, .T. ) ;
#55 = DIRECTION ( 'NONE',  ( 0.0000000000000000000, 0.0000000000000000000, 1.000000000000000000 ) ) ;
#56 = FACE_OUTER_BOUND ( 'NONE', #1913, .T. ) ;
#57 = CARTESIAN_POINT ( 'NONE',  ( 0.03244696269377490144, 0.02000000000000000042, 0.08882838487625120683 ) ) ;
#58 = ORIENTED_EDGE ( 'NONE', *, *, #539, .T. ) ;
#59 = DIRECTION ( 'NONE',  ( -0.5773502691896269523, -0.5773502691896249539, -0.5773502691896253980 ) ) ;
#60 = ORIENTED_EDGE ( 'NONE', *, *, #746, .F. ) ;
#61 = ITEM_DEFINED_TRANSFORMATION ( 'NONE', 'NONE', #1137,  #411 ) ;
#62 = ORIENTED_EDGE ( 'NONE', *, *, #242, .T. ) ;
#63 = DIRECTION ( 'NONE',  ( -0.0000000000000000000, 1.000000000000000000, 0.0000000000000000000 ) ) ;
#64 = DIRECTION ( 'NONE',  ( 0.0000000000000000000, 0.0000000000000000000, 1.000000000000000000 ) ) ;
#65 = APPLICATION_CONTEXT ( 'automotive_design' ) ;
#66 = CARTESIAN_POINT ( 'NONE',  ( -0.1042803458142280149, 0.02000000000000000042, 0.7873271032559990834 ) ) ;
#67 = ORIENTED_EDGE ( 'NONE', *, *, #855, .T. ) ;
#68 = ADVANCED_FACE ( 'NONE', ( #1911 ), #1748, .T. ) ;
#69 = DIRECTION ( 'NONE',  ( 0.0000000000000000000, 0.0000000000000000000, 1.000000000000000000 ) ) ;
#70 = EDGE_LOOP ( 'NONE', ( #1045, #1474, #908, #246 ) ) ;
#71 = APPLICATION_PROTOCOL_DEFINITION ( 'draft international standard', 'automotive_design', 1998, #1825 ) ;
#72 =( LENGTH_UNIT ( ) NAMED_UNIT ( * ) SI_UNIT ( .CENTI., .METRE. ) );
#73 = VERTEX_POINT ( 'NONE', #1876 ) ;
#74 = LINE ( 'NONE', #558, #25 ) ;
#75 = CARTESIAN_POINT ( 'NONE',  ( 0.0000000000000000000, 0.1000000000000000056, 0.0000000000000000000 ) ) ;
#76 = DIRECTION ( 'NONE',  ( 0.0000000000000000000, 0.0000000000000000000, 1.000000000000000000 ) ) ;
#77 =( GEOMETRIC_REPRESENTATION_CONTEXT ( 3 ) GLOBAL_UNCERTAINTY_ASSIGNED_CONTEXT ( ( #1083 ) ) GLOBAL_UNIT_ASSIGNED_CONTEXT ( ( #1382, #922, #116 ) ) REPRESENTATION_CONTEXT ( 'NONE', 'WORKASPACE' ) );
#78 =( NAMED_UNIT ( * ) PLANE_ANGLE_UNIT ( ) SI_UNIT ( $, .RADIAN. ) );
#79 = ORIENTED_EDGE ( 'NONE', *, *, #232, .T. ) ;
#80 = PRESENTATION_LAYER_ASSIGNMENT (  '', '', ( #1327 ) ) ;
#81 = STYLED_ITEM ( 'NONE', ( #1429 ), #687 ) ;
#82 = DIRECTION ( 'NONE',  ( 0.3955455025629631693, 0.0000000000000000000, -0.9184463813430878698 ) ) ;
#83 = ORIENTED_EDGE ( 'NONE', *, *, #1269, .F. ) ;
#84 = EDGE_CURVE ( 'NONE', #20, #1481, #253, .T. ) ;
#85 = AXIS2_PLACEMENT_3D ( 'NONE', #1549, #244, #257 ) ;
#86 = MECHANICAL_DESIGN_GEOMETRIC_PRESENTATION_REPRESENTATION (  '', ( #1747 ), #465 ) ;
#87 = SHAPE_DEFINITION_REPRESENTATION ( #338, #966 ) ;
#88 = DIRECTION ( 'NONE',  ( -0.0000000000000000000, -1.000000000000000000, 0.0000000000000000000 ) ) ;
#89 = MECHANICAL_DESIGN_GEOMETRIC_PRESENTATION_REPRESENTATION (  '', ( #1920 ), #901 ) ;
#90 = EDGE_LOOP ( 'NONE', ( #765, #1858, #545, #1508, #811, #1864, #1818, #1363, #1628, #1674, #884, #1778, #701, #1022, #1384, #348, #1518, #1996, #225, #1721 ) ) ;
#91 = FACE_OUTER_BOUND ( 'NONE', #730, .T. ) ;
#92 = DIRECTION ( 'NONE',  ( 0.0000000000000000000, 0.0000000000000000000, 1.000000000000000000 ) ) ;
#93 = FILL_AREA_STYLE ('',( #107 ) ) ;
#94 = COLOUR_RGB ( '',0.8666666666666666963, 0.7725490196078431682, 0.2156862745098039325 ) ;
#95 = SURFACE_STYLE_USAGE ( .BOTH. , #1703 ) ;
#96 = UNCERTAINTY_MEASURE_WITH_UNIT (LENGTH_MEASURE( 1.000000000000000082E-05 ), #431, 'distance_accuracy_value', 'NONE');
#97 = APPLICATION_PROTOCOL_DEFINITION ( 'draft international standard', 'automotive_design', 1998, #65 ) ;
#98 = CARTESIAN_POINT ( 'NONE',  ( 0.1042803458142281675, -0.02000000000000000042, 0.7873271032559990834 ) ) ;
#99 = PRODUCT_DEFINITION ( 'UNKNOWN', '', #344, #1505 ) ;
#100 = VERTEX_POINT ( 'NONE', #427 ) ;
#101 = EDGE_CURVE ( 'NONE', #1985, #117, #1892, .T. ) ;
#102 = FILL_AREA_STYLE_COLOUR ( '', #1641 ) ;
#103 = PRESENTATION_STYLE_ASSIGNMENT (( #573 ) ) ;
#104 = LINE ( 'NONE', #2083, #1812 ) ;
#105 = FILL_AREA_STYLE_COLOUR ( '', #735 ) ;
#106 = DIRECTION ( 'NONE',  ( 1.658928450709476921E-64, -7.979599084288239752E-33, -1.000000000000000000 ) ) ;
#107 = FILL_AREA_STYLE_COLOUR ( '', #1560 ) ;
#108 =( NAMED_UNIT ( * ) SI_UNIT ( $, .STERADIAN. ) SOLID_ANGLE_UNIT ( ) );
#109 = ORIENTED_EDGE ( 'NONE', *, *, #1867, .F. ) ;
#110 = SURFACE_SIDE_STYLE ('',( #1559 ) ) ;
#111 = PLANE ( 'NONE',  #1086 ) ;
#112 = PLANE ( 'NONE',  #1398 ) ;
#113 = ADVANCED_FACE ( 'NONE', ( #914 ), #1334, .T. ) ;
#114 = DIRECTION ( 'NONE',  ( 0.0000000000000000000, 1.000000000000000000, 0.0000000000000000000 ) ) ;
#115 = SURFACE_SIDE_STYLE ('',( #1110 ) ) ;
#116 =( NAMED_UNIT ( * ) SI_UNIT ( $, .STERADIAN. ) SOLID_ANGLE_UNIT ( ) );
#117 = VERTEX_POINT ( 'NONE', #1898 ) ;
#118 = AXIS2_PLACEMENT_3D ( 'NONE', #1485, #1530, #1186 ) ;
#119 = MECHANICAL_DESIGN_GEOMETRIC_PRESENTATION_REPRESENTATION (  '', ( #1776 ), #1951 ) ;
#120 = COLOUR_RGB ( '',0.8666666666666666963, 0.7725490196078431682, 0.2156862745098039325 ) ;
#121 = MECHANICAL_DESIGN_GEOMETRIC_PRESENTATION_REPRESENTATION (  '', ( #434 ), #260 ) ;
#122 = DIRECTION ( 'NONE',  ( 0.0000000000000000000, 0.0000000000000000000, 1.000000000000000000 ) ) ;
#123 = DIRECTION ( 'NONE',  ( 0.0000000000000000000, -0.7071067811865490160, -0.7071067811865460184 ) ) ;
#124 =( REPRESENTATION_RELATIONSHIP ('NONE','NONE', #548, #1475 ) REPRESENTATION_RELATIONSHIP_WITH_TRANSFORMATION ( #1377 )SHAPE_REPRESENTATION_RELATIONSHIP( ) );
#125 = MECHANICAL_DESIGN_GEOMETRIC_PRESENTATION_REPRESENTATION (  '', ( #1000 ), #702 ) ;
#126 = CARTESIAN_POINT ( 'NONE',  ( 0.09428034581422810312, -0.02000000000000000042, 0.7973271032559993143 ) ) ;
#127 = DIRECTION ( 'NONE',  ( 0.0000000000000000000, 1.000000000000000000, 0.0000000000000000000 ) ) ;
#128 = VERTEX_POINT ( 'NONE', #635 ) ;
#129 = ITEM_DEFINED_TRANSFORMATION ( 'NONE', 'NONE', #1008,  #411 ) ;
#130 = CARTESIAN_POINT ( 'NONE',  ( -0.03244696269377490144, -0.02000000000000000042, 0.08882838487625120683 ) ) ;
#131 = AXIS2_PLACEMENT_3D ( 'NONE', #363, #981, #347 ) ;
#132 = LINE ( 'NONE', #624, #1801 ) ;
#133 = LINE ( 'NONE', #913, #1372 ) ;
#134 =( NAMED_UNIT ( * ) PLANE_ANGLE_UNIT ( ) SI_UNIT ( $, .RADIAN. ) );
#135 =( LENGTH_UNIT ( ) NAMED_UNIT ( * ) SI_UNIT ( .CENTI., .METRE. ) );
#136 = VERTEX_POINT ( 'NONE', #1761 ) ;
#137 = EDGE_CURVE ( 'NONE', #73, #817, #1926, .T. ) ;
#138 = FACE_BOUND ( 'NONE', #1543, .T. ) ;
#139 = DIRECTION ( 'NONE',  ( -0.0000000000000000000, -1.000000000000000000, -0.0000000000000000000 ) ) ;
#140 = CARTESIAN_POINT ( 'NONE',  ( -0.08509588200079716558, 0.02000000000000000042, 0.7912825582816289671 ) ) ;
#141 = DIRECTION ( 'NONE',  ( -0.0000000000000000000, -1.000000000000000000, 0.0000000000000000000 ) ) ;
#142 = CARTESIAN_POINT ( 'NONE',  ( 1.892425610156520157E-18, -0.1270000000000000018, 0.8500000000000000888 ) ) ;
#143 = VERTEX_POINT ( 'NONE', #1586 ) ;
#144 = DIRECTION ( 'NONE',  ( 1.000000000000000000, 0.0000000000000000000, 0.0000000000000000000 ) ) ;
#145 = ADVANCED_FACE ( 'NONE', ( #1553, #1076 ), #111, .F. ) ;
#146 = CIRCLE ( 'NONE', #184, 0.06003131717443499493 ) ;
#147 = CARTESIAN_POINT ( 'NONE',  ( -0.2982794916698709997, 0.02000000000000000042, 0.6429959744357269802 ) ) ;
#148 = MECHANICAL_DESIGN_GEOMETRIC_PRESENTATION_REPRESENTATION (  '', ( #256 ), #1806 ) ;
#149 = VECTOR ( 'NONE', #270, 100.0000000000000000 ) ;
#150 = AXIS2_PLACEMENT_3D ( 'NONE', #374, #1011, #1322 ) ;
#151 = DIRECTION ( 'NONE',  ( -0.1400372197710402777, 0.0000000000000000000, -0.9901462402487812842 ) ) ;
#152 = SURFACE_SIDE_STYLE ('',( #1580 ) ) ;
#153 = DIRECTION ( 'NONE',  ( 0.7071067811865490160, 0.0000000000000000000, -0.7071067811865460184 ) ) ;
#154 =( GEOMETRIC_REPRESENTATION_CONTEXT ( 3 ) GLOBAL_UNCERTAINTY_ASSIGNED_CONTEXT ( ( #674 ) ) GLOBAL_UNIT_ASSIGNED_CONTEXT ( ( #1972, #1644, #1777 ) ) REPRESENTATION_CONTEXT ( 'NONE', 'WORKASPACE' ) );
#155 =( GEOMETRIC_REPRESENTATION_CONTEXT ( 3 ) GLOBAL_UNCERTAINTY_ASSIGNED_CONTEXT ( ( #905 ) ) GLOBAL_UNIT_ASSIGNED_CONTEXT ( ( #941, #785, #1420 ) ) REPRESENTATION_CONTEXT ( 'NONE', 'WORKASPACE' ) );
#156 = AXIS2_PLACEMENT_3D ( 'NONE', #1318, #1655, #1832 ) ;
#157 = CARTESIAN_POINT ( 'NONE',  ( 0.09428034581422810312, 0.02000000000000000042, 0.7973271032559993143 ) ) ;
#158 = ORIENTED_EDGE ( 'NONE', *, *, #650, .F. ) ;
#159 = UNCERTAINTY_MEASURE_WITH_UNIT (LENGTH_MEASURE( 1.000000000000000082E-05 ), #615, 'distance_accuracy_value', 'NONE');
#160 = DIRECTION ( 'NONE',  ( 0.0000000000000000000, 0.0000000000000000000, 1.000000000000000000 ) ) ;
#161 =( NAMED_UNIT ( * ) SI_UNIT ( $, .STERADIAN. ) SOLID_ANGLE_UNIT ( ) );
#162 = APPLICATION_CONTEXT ( 'automotive_design' ) ;
#163 = VECTOR ( 'NONE', #186, 100.0000000000000000 ) ;
#164 = LINE ( 'NONE', #1769, #663 ) ;
#165 = ORIENTED_EDGE ( 'NONE', *, *, #1968, .F. ) ;
#166 = EDGE_CURVE ( 'NONE', #655, #1166, #181, .T. ) ;
#167 = FILL_AREA_STYLE_COLOUR ( '', #740 ) ;
#168 = LINE ( 'NONE', #1785, #1495 ) ;
#169 = SURFACE_STYLE_FILL_AREA ( #1013 ) ;
#170 = ORIENTED_EDGE ( 'NONE', *, *, #1269, .T. ) ;
#171 = SURFACE_STYLE_USAGE ( .BOTH. , #1272 ) ;
#172 = DIRECTION ( 'NONE',  ( 0.0000000000000000000, 0.0000000000000000000, 1.000000000000000000 ) ) ;
#173 = FACE_OUTER_BOUND ( 'NONE', #1184, .T. ) ;
#174 = FILL_AREA_STYLE_COLOUR ( '', #1850 ) ;
#175 = DIRECTION ( 'NONE',  ( -1.000000000000000000, -0.0000000000000000000, 1.140612731871519894E-31 ) ) ;
#176 = EDGE_CURVE ( 'NONE', #504, #1355, #767, .T. ) ;
#177 =( REPRESENTATION_RELATIONSHIP ('NONE','NONE', #548, #966 ) REPRESENTATION_RELATIONSHIP_WITH_TRANSFORMATION ( #906 )SHAPE_REPRESENTATION_RELATIONSHIP( ) );
#178 = LINE ( 'NONE', #1307, #699 ) ;
#179 = ORIENTED_EDGE ( 'NONE', *, *, #1609, .F. ) ;
#180 =( NAMED_UNIT ( * ) SI_UNIT ( $, .STERADIAN. ) SOLID_ANGLE_UNIT ( ) );
#181 = CIRCLE ( 'NONE', #1878, 0.06003131717443499493 ) ;
#182 = DIRECTION ( 'NONE',  ( 0.0000000000000000000, 0.0000000000000000000, 1.000000000000000000 ) ) ;
#183 = FILL_AREA_STYLE_COLOUR ( '', #2055 ) ;
#184 = AXIS2_PLACEMENT_3D ( 'NONE', #745, #1330, #38 ) ;
#185 =( LENGTH_UNIT ( ) NAMED_UNIT ( * ) SI_UNIT ( .CENTI., .METRE. ) );
#186 = DIRECTION ( 'NONE',  ( -0.0000000000000000000, -1.000000000000000000, -0.0000000000000000000 ) ) ;
#187 = MECHANICAL_DESIGN_GEOMETRIC_PRESENTATION_REPRESENTATION (  '', ( #2017 ), #1918 ) ;
#188 = VECTOR ( 'NONE', #309, 100.0000000000000142 ) ;
#189 = SURFACE_STYLE_USAGE ( .BOTH. , #29 ) ;
#190 = EDGE_LOOP ( 'NONE', ( #549, #1141, #2053, #7 ) ) ;
#191 = COLOUR_RGB ( '',0.05882352941176470507, 0.05882352941176470507, 0.05882352941176470507 ) ;
#192 = AXIS2_PLACEMENT_3D ( 'NONE', #1267, #1916, #1762 ) ;
#193 = LINE ( 'NONE', #1666, #637 ) ;
#194 = ORIENTED_EDGE ( 'NONE', *, *, #814, .T. ) ;
#195 = CARTESIAN_POINT ( 'NONE',  ( 0.05000000000000000278, 0.0000000000000000000, 0.8500000000000000888 ) ) ;
#196 = ORIENTED_EDGE ( 'NONE', *, *, #1103, .T. ) ;
#197 = PRESENTATION_LAYER_ASSIGNMENT (  '', '', ( #876 ) ) ;
#198 = AXIS2_PLACEMENT_3D ( 'NONE', #1319, #351, #835 ) ;
#199 = CARTESIAN_POINT ( 'NONE',  ( 0.2982794916698709997, -0.02000000000000000042, 0.6429959744357269802 ) ) ;
#200 = ORIENTED_EDGE ( 'NONE', *, *, #274, .F. ) ;
#201 = SURFACE_SIDE_STYLE ('',( #48 ) ) ;
#202 = EDGE_CURVE ( 'NONE', #1682, #280, #956, .T. ) ;
#203 = CARTESIAN_POINT ( 'NONE',  ( -0.1270000000000000018, -0.1270000000000000018, 0.0000000000000000000 ) ) ;
#204 = PLANE ( 'NONE',  #1956 ) ;
#205 = DIRECTION ( 'NONE',  ( 0.0000000000000000000, -0.7071067811865490160, 0.7071067811865460184 ) ) ;
#206 = DIRECTION ( 'NONE',  ( 0.0000000000000000000, 1.000000000000000000, 0.0000000000000000000 ) ) ;
#207 = ORIENTED_EDGE ( 'NONE', *, *, #378, .F. ) ;
#208 = SURFACE_SIDE_STYLE ('',( #1637 ) ) ;
#209 = ORIENTED_EDGE ( 'NONE', *, *, #1501, .T. ) ;
#210 = DIRECTION ( 'NONE',  ( 1.000000000000000000, 0.0000000000000000000, 0.0000000000000000000 ) ) ;
#211 = EDGE_CURVE ( 'NONE', #1528, #587, #939, .T. ) ;
#212 =( NAMED_UNIT ( * ) PLANE_ANGLE_UNIT ( ) SI_UNIT ( $, .RADIAN. ) );
#213 = ORIENTED_EDGE ( 'NONE', *, *, #844, .F. ) ;
#214 = UNCERTAINTY_MEASURE_WITH_UNIT (LENGTH_MEASURE( 1.000000000000000082E-05 ), #748, 'distance_accuracy_value', 'NONE');
#215 =( NAMED_UNIT ( * ) PLANE_ANGLE_UNIT ( ) SI_UNIT ( $, .RADIAN. ) );
#216 = LINE ( 'NONE', #265, #1299 ) ;
#217 = SHAPE_REPRESENTATION_RELATIONSHIP ( 'NONE' , 'NONE' ,  #966, #1112 ) ;
#218 =( GEOMETRIC_REPRESENTATION_CONTEXT ( 3 ) GLOBAL_UNCERTAINTY_ASSIGNED_CONTEXT ( ( #822 ) ) GLOBAL_UNIT_ASSIGNED_CONTEXT ( ( #1424, #1243, #1906 ) ) REPRESENTATION_CONTEXT ( 'NONE', 'WORKASPACE' ) );
#219 = DIRECTION ( 'NONE',  ( 0.0000000000000000000, -1.000000000000000000, -0.0000000000000000000 ) ) ;
#220 = PRESENTATION_LAYER_ASSIGNMENT (  '', '', ( #228 ) ) ;
#221 = PRESENTATION_LAYER_ASSIGNMENT (  '', '', ( #1297 ) ) ;
#222 = ORIENTED_EDGE ( 'NONE', *, *, #746, .T. ) ;
#223 = PRESENTATION_LAYER_ASSIGNMENT (  '', '', ( #1259 ) ) ;
#224 = FILL_AREA_STYLE ('',( #845 ) ) ;
#225 = ORIENTED_EDGE ( 'NONE', *, *, #623, .F. ) ;
#226 = VECTOR ( 'NONE', #842, 100.0000000000000142 ) ;
#227 = MECHANICAL_DESIGN_GEOMETRIC_PRESENTATION_REPRESENTATION (  '', ( #1498 ), #155 ) ;
#228 = STYLED_ITEM ( 'NONE', ( #1202 ), #1283 ) ;
#229 = EDGE_LOOP ( 'NONE', ( #950, #1456, #1316, #1821 ) ) ;
#230 = DIRECTION ( 'NONE',  ( 0.0000000000000000000, -1.000000000000000000, 0.0000000000000000000 ) ) ;
#231 =( LENGTH_UNIT ( ) NAMED_UNIT ( * ) SI_UNIT ( .CENTI., .METRE. ) );
#232 = EDGE_CURVE ( 'NONE', #1341, #1895, #132, .T. ) ;
#233 = EDGE_LOOP ( 'NONE', ( #377, #795, #200, #1217 ) ) ;
#234 = CARTESIAN_POINT ( 'NONE',  ( -0.1270000000000000018, -0.1270000000000000018, 0.8500000000000000888 ) ) ;
#235 = ORIENTED_EDGE ( 'NONE', *, *, #1968, .T. ) ;
#236 = CONTEXT_DEPENDENT_SHAPE_REPRESENTATION ( #1126, #826 ) ;
#237 = PRESENTATION_STYLE_ASSIGNMENT (( #1687 ) ) ;
#238 = EDGE_LOOP ( 'NONE', ( #1572, #158, #727, #684 ) ) ;
#239 = CARTESIAN_POINT ( 'NONE',  ( 0.06003131717443468962, -0.02000000000000000042, 0.4103376530110829923 ) ) ;
#240 = LINE ( 'NONE', #1387, #780 ) ;
#241 =( NAMED_UNIT ( * ) PLANE_ANGLE_UNIT ( ) SI_UNIT ( $, .RADIAN. ) );
#242 = EDGE_CURVE ( 'NONE', #873, #568, #330, .T. ) ;
#243 = SURFACE_SIDE_STYLE ('',( #2003 ) ) ;
#244 = DIRECTION ( 'NONE',  ( 0.0000000000000000000, 1.000000000000000000, 0.0000000000000000000 ) ) ;
#245 =( LENGTH_UNIT ( ) NAMED_UNIT ( * ) SI_UNIT ( .CENTI., .METRE. ) );
#246 = ORIENTED_EDGE ( 'NONE', *, *, #2070, .F. ) ;
#247 = APPLICATION_PROTOCOL_DEFINITION ( 'draft international standard', 'automotive_design', 1998, #1023 ) ;
#248 = CARTESIAN_POINT ( 'NONE',  ( 0.06003131717443468962, 0.02000000000000000042, 0.02843064381840689978 ) ) ;
#249 = ORIENTED_EDGE ( 'NONE', *, *, #1476, .F. ) ;
#250 = CARTESIAN_POINT ( 'NONE',  ( -0.02687348134688750251, -0.02000000000000000042, -1.006546407085610051 ) ) ;
#251 = STYLED_ITEM ( 'NONE', ( #1089 ), #68 ) ;
#252 = CARTESIAN_POINT ( 'NONE',  ( 1.892425610156520157E-18, 0.1000000000000000056, 0.8500000000000000888 ) ) ;
#253 = LINE ( 'NONE', #1548, #395 ) ;
#254 = AXIS2_PLACEMENT_3D ( 'NONE', #1407, #1551, #273 ) ;
#255 = EDGE_CURVE ( 'NONE', #1365, #720, #12, .T. ) ;
#256 = STYLED_ITEM ( 'NONE', ( #653 ), #542 ) ;
#257 = DIRECTION ( 'NONE',  ( 0.0000000000000000000, 0.0000000000000000000, 1.000000000000000000 ) ) ;
#258 = ORIENTED_EDGE ( 'NONE', *, *, #137, .F. ) ;
#259 = ADVANCED_FACE ( 'NONE', ( #521 ), #1610, .T. ) ;
#260 =( GEOMETRIC_REPRESENTATION_CONTEXT ( 3 ) GLOBAL_UNCERTAINTY_ASSIGNED_CONTEXT ( ( #315 ) ) GLOBAL_UNIT_ASSIGNED_CONTEXT ( ( #231, #1866, #1854 ) ) REPRESENTATION_CONTEXT ( 'NONE', 'WORKASPACE' ) );
#261 = APPLICATION_PROTOCOL_DEFINITION ( 'draft international standard', 'automotive_design', 1998, #1290 ) ;
#262 =( NAMED_UNIT ( * ) PLANE_ANGLE_UNIT ( ) SI_UNIT ( $, .RADIAN. ) );
#263 = AXIS2_PLACEMENT_3D ( 'NONE', #928, #1411, #2076 ) ;
#264 = CARTESIAN_POINT ( 'NONE',  ( 0.0000000000000000000, -0.1000000000000000056, 0.0000000000000000000 ) ) ;
#265 = CARTESIAN_POINT ( 'NONE',  ( -0.06003131717443468962, 0.02000000000000000042, 0.02843064381840689978 ) ) ;
#266 = LINE ( 'NONE', #2048, #1371 ) ;
#267 = FILL_AREA_STYLE_COLOUR ( '', #1887 ) ;
#268 = DIRECTION ( 'NONE',  ( -0.0000000000000000000, 1.000000000000000000, 0.0000000000000000000 ) ) ;
#269 = PRESENTATION_LAYER_ASSIGNMENT (  '', '', ( #974 ) ) ;
#270 = DIRECTION ( 'NONE',  ( -1.000000000000000000, -2.078962154847970352E-32, 0.0000000000000000000 ) ) ;
#271 = VERTEX_POINT ( 'NONE', #360 ) ;
#272 = UNCERTAINTY_MEASURE_WITH_UNIT (LENGTH_MEASURE( 1.000000000000000082E-05 ), #72, 'distance_accuracy_value', 'NONE');
#273 = DIRECTION ( 'NONE',  ( -1.000000000000000000, 0.0000000000000000000, -0.0000000000000000000 ) ) ;
#274 = EDGE_CURVE ( 'NONE', #933, #1393, #848, .T. ) ;
#275 = SURFACE_STYLE_USAGE ( .BOTH. , #1394 ) ;
#276 =( LENGTH_UNIT ( ) NAMED_UNIT ( * ) SI_UNIT ( .CENTI., .METRE. ) );
#277 =( REPRESENTATION_RELATIONSHIP ('NONE','NONE', #548, #1475 ) REPRESENTATION_RELATIONSHIP_WITH_TRANSFORMATION ( #2044 )SHAPE_REPRESENTATION_RELATIONSHIP( ) );
#278 =( NAMED_UNIT ( * ) PLANE_ANGLE_UNIT ( ) SI_UNIT ( $, .RADIAN. ) );
#279 = PRESENTATION_STYLE_ASSIGNMENT (( #1571 ) ) ;
#280 = VERTEX_POINT ( 'NONE', #343 ) ;
#281 = PRODUCT ( 'SIL_Socket_Body', 'SIL_Socket_Body', '', ( #435 ) ) ;
#282 = LINE ( 'NONE', #907, #463 ) ;
#283 = PRODUCT_DEFINITION ( 'UNKNOWN', '', #1234, #1877 ) ;
#284 = SURFACE_STYLE_USAGE ( .BOTH. , #1450 ) ;
#285 = FILL_AREA_STYLE ('',( #1233 ) ) ;
#286 = SURFACE_STYLE_USAGE ( .BOTH. , #1428 ) ;
#287 = DIRECTION ( 'NONE',  ( 0.3955455025629631693, 0.0000000000000000000, -0.9184463813430878698 ) ) ;
#288 = CARTESIAN_POINT ( 'NONE',  ( 0.1042803458142280149, -0.02000000000000000042, 0.08882838487625120683 ) ) ;
#289 =( NAMED_UNIT ( * ) SI_UNIT ( $, .STERADIAN. ) SOLID_ANGLE_UNIT ( ) );
#290 = STYLED_ITEM ( 'NONE', ( #1722 ), #145 ) ;
#291 = ORIENTED_EDGE ( 'NONE', *, *, #39, .T. ) ;
#292 = UNCERTAINTY_MEASURE_WITH_UNIT (LENGTH_MEASURE( 1.000000000000000082E-05 ), #1201, 'distance_accuracy_value', 'NONE');
#293 = COLOUR_RGB ( '',0.1019607843137254888, 0.1019607843137254888, 0.1019607843137254888 ) ;
#294 = DIRECTION ( 'NONE',  ( -1.000000000000000000, -0.0000000000000000000, -0.0000000000000000000 ) ) ;
#295 = VECTOR ( 'NONE', #59, 100.0000000000000000 ) ;
#296 = AXIS2_PLACEMENT_3D ( 'NONE', #449, #766, #1095 ) ;
#297 = STYLED_ITEM ( 'NONE', ( #1630 ), #759 ) ;
#298 = MECHANICAL_DESIGN_GEOMETRIC_PRESENTATION_REPRESENTATION (  '', ( #2064 ), #1852 ) ;
#299 = LINE ( 'NONE', #1556, #670 ) ;
#300 = FILL_AREA_STYLE_COLOUR ( '', #777 ) ;
#301 = COLOUR_RGB ( '',0.8666666666666666963, 0.7725490196078431682, 0.2156862745098039325 ) ;
#302 = CARTESIAN_POINT ( 'NONE',  ( 0.04999999999999991257, 0.0000000000000000000, 0.8000000000000000444 ) ) ;
#303 = EDGE_CURVE ( 'NONE', #983, #1904, #1490, .T. ) ;
#304 = DIRECTION ( 'NONE',  ( -1.000000000000000000, 0.0000000000000000000, -0.0000000000000000000 ) ) ;
#305 = DIRECTION ( 'NONE',  ( 1.140612731871519894E-31, 0.0000000000000000000, 1.000000000000000000 ) ) ;
#306 = ORIENTED_EDGE ( 'NONE', *, *, #324, .F. ) ;
#307 = MECHANICAL_DESIGN_GEOMETRIC_PRESENTATION_REPRESENTATION (  '', ( #679 ), #444 ) ;
#308 = CARTESIAN_POINT ( 'NONE',  ( -0.06003131717443468962, -0.02000000000000000042, 0.7330832898901310513 ) ) ;
#309 = DIRECTION ( 'NONE',  ( -0.1400372197710414990, 0.0000000000000000000, -0.9901462402487811731 ) ) ;
#310 = PLANE ( 'NONE',  #1884 ) ;
#311 = FACE_OUTER_BOUND ( 'NONE', #1182, .T. ) ;
#312 = EDGE_CURVE ( 'NONE', #817, #863, #485, .T. ) ;
#313 =( NAMED_UNIT ( * ) PLANE_ANGLE_UNIT ( ) SI_UNIT ( $, .RADIAN. ) );
#314 = EDGE_LOOP ( 'NONE', ( #758, #1881, #1558, #1954 ) ) ;
#315 = UNCERTAINTY_MEASURE_WITH_UNIT (LENGTH_MEASURE( 1.000000000000000082E-05 ), #231, 'distance_accuracy_value', 'NONE');
#316 = CONTEXT_DEPENDENT_SHAPE_REPRESENTATION ( #708, #1555 ) ;
#317 = FACE_OUTER_BOUND ( 'NONE', #1973, .T. ) ;
#318 =( NAMED_UNIT ( * ) SI_UNIT ( $, .STERADIAN. ) SOLID_ANGLE_UNIT ( ) );
#319 = SURFACE_SIDE_STYLE ('',( #647 ) ) ;
#320 = DIRECTION ( 'NONE',  ( 0.9901462402487813952, 0.0000000000000000000, -0.1400372197710403055 ) ) ;
#321 = DIRECTION ( 'NONE',  ( -0.0000000000000000000, -1.000000000000000000, -0.0000000000000000000 ) ) ;
#322 = CARTESIAN_POINT ( 'NONE',  ( -0.1042803458142280149, -0.02000000000000000042, 0.08882838487625122070 ) ) ;
#323 = EDGE_LOOP ( 'NONE', ( #213, #1941, #258, #356 ) ) ;
#324 = EDGE_CURVE ( 'NONE', #973, #1325, #164, .T. ) ;
#325 = CLOSED_SHELL ( 'NONE', ( #2020, #1210, #634, #1400, #342, #1767, #1321, #524, #552, #2081, #687, #1992, #1338, #488, #542, #22, #759, #1226, #1378, #68, #919, #638 ) ) ;
#326 = CARTESIAN_POINT ( 'NONE',  ( -0.1000000000000000056, 0.1000000000000000056, 0.0000000000000000000 ) ) ;
#327 =( NAMED_UNIT ( * ) PLANE_ANGLE_UNIT ( ) SI_UNIT ( $, .RADIAN. ) );
#328 = ORIENTED_EDGE ( 'NONE', *, *, #1113, .T. ) ;
#329 = EDGE_CURVE ( 'NONE', #73, #673, #1969, .T. ) ;
#330 = LINE ( 'NONE', #1116, #894 ) ;
#331 =( GEOMETRIC_REPRESENTATION_CONTEXT ( 3 ) GLOBAL_UNCERTAINTY_ASSIGNED_CONTEXT ( ( #96 ) ) GLOBAL_UNIT_ASSIGNED_CONTEXT ( ( #431, #567, #108 ) ) REPRESENTATION_CONTEXT ( 'NONE', 'WORKASPACE' ) );
#332 = CYLINDRICAL_SURFACE ( 'NONE', #1160, 0.009999999999999939493 ) ;
#333 = CARTESIAN_POINT ( 'NONE',  ( -0.05000000000000000278, 0.0000000000000000000, 0.7399999999999999911 ) ) ;
#334 = VECTOR ( 'NONE', #898, 100.0000000000000000 ) ;
#335 = COLOUR_RGB ( '',0.1019607843137254888, 0.1019607843137254888, 0.1019607843137254888 ) ;
#336 = DIRECTION ( 'NONE',  ( 1.000000000000000000, 0.0000000000000000000, 0.0000000000000000000 ) ) ;
#337 = EDGE_LOOP ( 'NONE', ( #456, #691, #382, #1214 ) ) ;
#338 = PRODUCT_DEFINITION_SHAPE ( 'NONE', 'NONE',  #283 ) ;
#339 = FACE_OUTER_BOUND ( 'NONE', #1003, .T. ) ;
#340 = DIRECTION ( 'NONE',  ( 1.000000000000000000, 0.0000000000000000000, 0.0000000000000000000 ) ) ;
#341 = COLOUR_RGB ( '',0.7921568627450980005, 0.8196078431372548767, 0.9333333333333333481 ) ;
#342 = ADVANCED_FACE ( 'NONE', ( #173 ), #680, .T. ) ;
#343 = CARTESIAN_POINT ( 'NONE',  ( 0.09428034581422810312, -0.02000000000000000042, 0.7973271032559993143 ) ) ;
#344 = PRODUCT_DEFINITION_FORMATION_WITH_SPECIFIED_SOURCE ( 'ANY', '', #1422, .NOT_KNOWN. ) ;
#345 =( NAMED_UNIT ( * ) SI_UNIT ( $, .STERADIAN. ) SOLID_ANGLE_UNIT ( ) );
#346 = PLANE ( 'NONE',  #1331 ) ;
#347 = DIRECTION ( 'NONE',  ( 0.0000000000000000000, 0.0000000000000000000, 1.000000000000000000 ) ) ;
#348 = ORIENTED_EDGE ( 'NONE', *, *, #1295, .F. ) ;
#349 = SURFACE_STYLE_USAGE ( .BOTH. , #208 ) ;
#350 = ORIENTED_EDGE ( 'NONE', *, *, #1015, .T. ) ;
#351 = DIRECTION ( 'NONE',  ( 0.0000000000000000000, 0.0000000000000000000, 1.000000000000000000 ) ) ;
#352 = PRESENTATION_STYLE_ASSIGNMENT (( #1459 ) ) ;
#353 = VERTEX_POINT ( 'NONE', #570 ) ;
#354 = EDGE_CURVE ( 'NONE', #1934, #1325, #1009, .T. ) ;
#355 = DIRECTION ( 'NONE',  ( 0.0000000000000000000, 0.0000000000000000000, -1.000000000000000000 ) ) ;
#356 = ORIENTED_EDGE ( 'NONE', *, *, #1647, .F. ) ;
#357 = UNCERTAINTY_MEASURE_WITH_UNIT (LENGTH_MEASURE( 1.000000000000000082E-05 ), #1207, 'distance_accuracy_value', 'NONE');
#358 = CARTESIAN_POINT ( 'NONE',  ( 0.0000000000000000000, -0.05000000000000000278, 0.8500000000000000888 ) ) ;
#359 = DIRECTION ( 'NONE',  ( 1.000000000000000000, 0.0000000000000000000, 0.0000000000000000000 ) ) ;
#360 = CARTESIAN_POINT ( 'NONE',  ( 0.05000000000000000278, -0.05000000000000000278, 0.7399999999999999911 ) ) ;
#361 = PRESENTATION_LAYER_ASSIGNMENT (  '', '', ( #1329 ) ) ;
#362 = FACE_OUTER_BOUND ( 'NONE', #1448, .T. ) ;
#363 = CARTESIAN_POINT ( 'NONE',  ( -0.2982794916698709997, -0.02000000000000000042, 0.6429959744357269802 ) ) ;
#364 = VECTOR ( 'NONE', #473, 100.0000000000000000 ) ;
#365 =( GEOMETRIC_REPRESENTATION_CONTEXT ( 3 ) GLOBAL_UNCERTAINTY_ASSIGNED_CONTEXT ( ( #159 ) ) GLOBAL_UNIT_ASSIGNED_CONTEXT ( ( #615, #636, #1252 ) ) REPRESENTATION_CONTEXT ( 'NONE', 'WORKASPACE' ) );
#366 = EDGE_CURVE ( 'NONE', #1166, #893, #581, .T. ) ;
#367 = VECTOR ( 'NONE', #1142, 100.0000000000000000 ) ;
#368 = DIRECTION ( 'NONE',  ( -0.1400372197710414990, 0.0000000000000000000, 0.9901462402487811731 ) ) ;
#369 = VERTEX_POINT ( 'NONE', #2008 ) ;
#370 = DIRECTION ( 'NONE',  ( 0.0000000000000000000, 0.0000000000000000000, 1.000000000000000000 ) ) ;
#371 = DIRECTION ( 'NONE',  ( 1.000000000000000000, 0.0000000000000000000, 0.0000000000000000000 ) ) ;
#372 = LINE ( 'NONE', #1047, #694 ) ;
#373 = AXIS2_PLACEMENT_3D ( 'NONE', #793, #1757, #153 ) ;
#374 = CARTESIAN_POINT ( 'NONE',  ( 0.01064999999999999974, -0.02000000000000000042, -1.045954227447509988 ) ) ;
#375 = DIRECTION ( 'NONE',  ( 0.0000000000000000000, 1.000000000000000000, 0.0000000000000000000 ) ) ;
#376 = FACE_OUTER_BOUND ( 'NONE', #390, .T. ) ;
#377 = ORIENTED_EDGE ( 'NONE', *, *, #1781, .F. ) ;
#378 = EDGE_CURVE ( 'NONE', #1922, #1638, #554, .T. ) ;
#379 = CARTESIAN_POINT ( 'NONE',  ( 0.1270000000000000018, 0.1270000000000000018, 0.8500000000000000888 ) ) ;
#380 = ORIENTED_EDGE ( 'NONE', *, *, #1187, .T. ) ;
#381 = DIRECTION ( 'NONE',  ( 0.0000000000000000000, 0.0000000000000000000, 1.000000000000000000 ) ) ;
#382 = ORIENTED_EDGE ( 'NONE', *, *, #1015, .F. ) ;
#383 = LINE ( 'NONE', #1020, #838 ) ;
#384 = FILL_AREA_STYLE_COLOUR ( '', #847 ) ;
#385 =( REPRESENTATION_RELATIONSHIP ('NONE','NONE', #548, #966 ) REPRESENTATION_RELATIONSHIP_WITH_TRANSFORMATION ( #129 )SHAPE_REPRESENTATION_RELATIONSHIP( ) );
#386 =( NAMED_UNIT ( * ) SI_UNIT ( $, .STERADIAN. ) SOLID_ANGLE_UNIT ( ) );
#387 = DIRECTION ( 'NONE',  ( 1.000000000000000000, 0.0000000000000000000, -1.140612731871519894E-31 ) ) ;
#388 = EDGE_LOOP ( 'NONE', ( #889, #1073, #165, #707 ) ) ;
#389 = SURFACE_STYLE_USAGE ( .BOTH. , #201 ) ;
#390 = EDGE_LOOP ( 'NONE', ( #1054, #413, #1228, #891 ) ) ;
#391 = EDGE_CURVE ( 'NONE', #2086, #504, #372, .T. ) ;
#392 = EDGE_LOOP ( 'NONE', ( #417, #2022, #1531, #508 ) ) ;
#393 =( LENGTH_UNIT ( ) NAMED_UNIT ( * ) SI_UNIT ( .CENTI., .METRE. ) );
#394 =( NAMED_UNIT ( * ) PLANE_ANGLE_UNIT ( ) SI_UNIT ( $, .RADIAN. ) );
#395 = VECTOR ( 'NONE', #597, 100.0000000000000000 ) ;
#396 = MECHANICAL_DESIGN_GEOMETRIC_PRESENTATION_REPRESENTATION (  '', ( #1327 ), #1914 ) ;
#397 =( LENGTH_UNIT ( ) NAMED_UNIT ( * ) SI_UNIT ( .CENTI., .METRE. ) );
#398 = DIRECTION ( 'NONE',  ( -0.0000000000000000000, -1.000000000000000000, -0.0000000000000000000 ) ) ;
#399 = COLOUR_RGB ( '',0.1019607843137254888, 0.1019607843137254888, 0.1019607843137254888 ) ;
#400 = VERTEX_POINT ( 'NONE', #203 ) ;
#401 = UNCERTAINTY_MEASURE_WITH_UNIT (LENGTH_MEASURE( 1.000000000000000082E-05 ), #1487, 'distance_accuracy_value', 'NONE');
#402 = STYLED_ITEM ( 'NONE', ( #503 ), #1767 ) ;
#403 = AXIS2_PLACEMENT_3D ( 'NONE', #895, #424, #1873 ) ;
#404 = LINE ( 'NONE', #1506, #149 ) ;
#405 = ORIENTED_EDGE ( 'NONE', *, *, #303, .T. ) ;
#406 = SURFACE_STYLE_FILL_AREA ( #1511 ) ;
#407 = ORIENTED_EDGE ( 'NONE', *, *, #39, .F. ) ;
#408 = EDGE_CURVE ( 'NONE', #1261, #863, #1836, .T. ) ;
#409 =( NAMED_UNIT ( * ) SI_UNIT ( $, .STERADIAN. ) SOLID_ANGLE_UNIT ( ) );
#410 = PLANE ( 'NONE',  #403 ) ;
#411 = AXIS2_PLACEMENT_3D ( 'NONE', #713, #76, #1191 ) ;
#412 =( NAMED_UNIT ( * ) SI_UNIT ( $, .STERADIAN. ) SOLID_ANGLE_UNIT ( ) );
#413 = ORIENTED_EDGE ( 'NONE', *, *, #787, .F. ) ;
#414 = FACE_BOUND ( 'NONE', #1405, .T. ) ;
#415 = VERTEX_POINT ( 'NONE', #854 ) ;
#416 = DIRECTION ( 'NONE',  ( 0.0000000000000000000, 0.0000000000000000000, 1.000000000000000000 ) ) ;
#417 = ORIENTED_EDGE ( 'NONE', *, *, #1139, .T. ) ;
#418 = SURFACE_STYLE_USAGE ( .BOTH. , #1335 ) ;
#419 = CARTESIAN_POINT ( 'NONE',  ( -0.02130000000000031868, -0.02000000000000000042, -1.045954227447509988 ) ) ;
#420 = ORIENTED_EDGE ( 'NONE', *, *, #2049, .T. ) ;
#421 = LINE ( 'NONE', #872, #525 ) ;
#422 = VERTEX_POINT ( 'NONE', #2019 ) ;
#423 = ORIENTED_EDGE ( 'NONE', *, *, #903, .F. ) ;
#424 = DIRECTION ( 'NONE',  ( 1.000000000000000000, 0.0000000000000000000, 0.0000000000000000000 ) ) ;
#425 = MECHANICAL_DESIGN_GEOMETRIC_PRESENTATION_REPRESENTATION (  '', ( #1026 ), #77 ) ;
#426 = CARTESIAN_POINT ( 'NONE',  ( 0.06003131717443468962, -0.02000000000000000042, 0.5529086589813229091 ) ) ;
#427 = CARTESIAN_POINT ( 'NONE',  ( 0.1000000000000000056, 0.1000000000000000056, 0.7399999999999999911 ) ) ;
#428 = PRESENTATION_LAYER_ASSIGNMENT (  '', '', ( #1563 ) ) ;
#429 = EDGE_CURVE ( 'NONE', #1380, #128, #559, .T. ) ;
#430 =( GEOMETRIC_REPRESENTATION_CONTEXT ( 3 ) GLOBAL_UNCERTAINTY_ASSIGNED_CONTEXT ( ( #482 ) ) GLOBAL_UNIT_ASSIGNED_CONTEXT ( ( #1502, #483, #386 ) ) REPRESENTATION_CONTEXT ( 'NONE', 'WORKASPACE' ) );
#431 =( LENGTH_UNIT ( ) NAMED_UNIT ( * ) SI_UNIT ( .CENTI., .METRE. ) );
#432 = ORIENTED_EDGE ( 'NONE', *, *, #787, .T. ) ;
#433 = VECTOR ( 'NONE', #1940, 100.0000000000000000 ) ;
#434 = STYLED_ITEM ( 'NONE', ( #103 ), #818 ) ;
#435 = PRODUCT_CONTEXT ( 'NONE', #1023, 'mechanical' ) ;
#436 = AXIS2_PLACEMENT_3D ( 'NONE', #1100, #457, #1221 ) ;
#437 = MECHANICAL_DESIGN_GEOMETRIC_PRESENTATION_REPRESENTATION (  '', ( #1339 ), #1164 ) ;
#438 = FILL_AREA_STYLE_COLOUR ( '', #1596 ) ;
#439 = CARTESIAN_POINT ( 'NONE',  ( 0.04999999999999998890, 0.04999999999999998890, 0.8000000000000000444 ) ) ;
#440 = DIRECTION ( 'NONE',  ( 0.0000000000000000000, 0.0000000000000000000, 1.000000000000000000 ) ) ;
#441 = PRODUCT_DEFINITION_SHAPE ( 'NONE', 'NONE',  #2103 ) ;
#442 = DIRECTION ( 'NONE',  ( -0.0000000000000000000, -1.000000000000000000, -0.0000000000000000000 ) ) ;
#443 = UNCERTAINTY_MEASURE_WITH_UNIT (LENGTH_MEASURE( 1.000000000000000082E-05 ), #987, 'distance_accuracy_value', 'NONE');
#444 =( GEOMETRIC_REPRESENTATION_CONTEXT ( 3 ) GLOBAL_UNCERTAINTY_ASSIGNED_CONTEXT ( ( #564 ) ) GLOBAL_UNIT_ASSIGNED_CONTEXT ( ( #1537, #241, #1369 ) ) REPRESENTATION_CONTEXT ( 'NONE', 'WORKASPACE' ) );
#445 = CARTESIAN_POINT ( 'NONE',  ( -0.07256359958761600393, -0.02000000000000000042, 0.7621829240858799537 ) ) ;
#446 = ORIENTED_EDGE ( 'NONE', *, *, #1819, .T. ) ;
#447 = EDGE_CURVE ( 'NONE', #1166, #353, #1029, .T. ) ;
#448 = UNCERTAINTY_MEASURE_WITH_UNIT (LENGTH_MEASURE( 1.000000000000000082E-05 ), #1633, 'distance_accuracy_value', 'NONE');
#449 = CARTESIAN_POINT ( 'NONE',  ( 0.0000000000000000000, 0.0000000000000000000, 0.0000000000000000000 ) ) ;
#450 = CARTESIAN_POINT ( 'NONE',  ( 0.09428034581422810312, -0.02000000000000000042, 0.7873271032559990834 ) ) ;
#451 = CARTESIAN_POINT ( 'NONE',  ( -0.09428034581422810312, 0.02000000000000000042, 0.7873271032559990834 ) ) ;
#452 =( NAMED_UNIT ( * ) SI_UNIT ( $, .STERADIAN. ) SOLID_ANGLE_UNIT ( ) );
#453 = CARTESIAN_POINT ( 'NONE',  ( -0.06003131717443484228, 0.02000000000000000042, 0.2677666470408440191 ) ) ;
#454 = DIRECTION ( 'NONE',  ( -0.0000000000000000000, -1.000000000000000000, 0.0000000000000000000 ) ) ;
#455 = CARTESIAN_POINT ( 'NONE',  ( 0.1000000000000000472, -0.1000000000000000194, 0.8500000000000000888 ) ) ;
#456 = ORIENTED_EDGE ( 'NONE', *, *, #853, .T. ) ;
#457 = DIRECTION ( 'NONE',  ( 1.000000000000000000, 0.0000000000000000000, 0.0000000000000000000 ) ) ;
#458 = PRESENTATION_STYLE_ASSIGNMENT (( #1901 ) ) ;
#459 = CARTESIAN_POINT ( 'NONE',  ( 0.0000000000000000000, 0.1000000000000000056, 0.0000000000000000000 ) ) ;
#460 =( LENGTH_UNIT ( ) NAMED_UNIT ( * ) SI_UNIT ( .CENTI., .METRE. ) );
#461 = DIRECTION ( 'NONE',  ( 0.0000000000000000000, 0.0000000000000000000, 1.000000000000000000 ) ) ;
#462 = ORIENTED_EDGE ( 'NONE', *, *, #513, .T. ) ;
#463 = VECTOR ( 'NONE', #294, 100.0000000000000000 ) ;
#464 = PRESENTATION_STYLE_ASSIGNMENT (( #1418 ) ) ;
#465 =( GEOMETRIC_REPRESENTATION_CONTEXT ( 3 ) GLOBAL_UNCERTAINTY_ASSIGNED_CONTEXT ( ( #1107 ) ) GLOBAL_UNIT_ASSIGNED_CONTEXT ( ( #185, #394, #1040 ) ) REPRESENTATION_CONTEXT ( 'NONE', 'WORKASPACE' ) );
#466 = VECTOR ( 'NONE', #1280, 100.0000000000000000 ) ;
#467 = DIRECTION ( 'NONE',  ( 0.5773502691896249539, -0.5773502691896269523, -0.5773502691896253980 ) ) ;
#468 = VECTOR ( 'NONE', #398, 100.0000000000000000 ) ;
#469 = EDGE_CURVE ( 'NONE', #353, #1328, #146, .T. ) ;
#470 = STYLED_ITEM ( 'NONE', ( #1885 ), #1378 ) ;
#471 = PLANE ( 'NONE',  #436 ) ;
#472 = SURFACE_STYLE_USAGE ( .BOTH. , #649 ) ;
#473 = DIRECTION ( 'NONE',  ( -1.000000000000000000, -2.078962154847970352E-32, 0.0000000000000000000 ) ) ;
#474 = ORIENTED_EDGE ( 'NONE', *, *, #329, .T. ) ;
#475 = SURFACE_STYLE_FILL_AREA ( #662 ) ;
#476 = AXIS2_PLACEMENT_3D ( 'NONE', #1300, #381, #1958 ) ;
#477 =( NAMED_UNIT ( * ) PLANE_ANGLE_UNIT ( ) SI_UNIT ( $, .RADIAN. ) );
#478 = CARTESIAN_POINT ( 'NONE',  ( -0.1042803458142280149, -0.02000000000000000042, 0.7873271032559990834 ) ) ;
#479 = FILL_AREA_STYLE_COLOUR ( '', #602 ) ;
#480 = FILL_AREA_STYLE_COLOUR ( '', #191 ) ;
#481 = ORIENTED_EDGE ( 'NONE', *, *, #880, .T. ) ;
#482 = UNCERTAINTY_MEASURE_WITH_UNIT (LENGTH_MEASURE( 1.000000000000000082E-05 ), #1502, 'distance_accuracy_value', 'NONE');
#483 =( NAMED_UNIT ( * ) PLANE_ANGLE_UNIT ( ) SI_UNIT ( $, .RADIAN. ) );
#484 = MANIFOLD_SOLID_BREP ( 'Imported1', #661 ) ;
#485 = LINE ( 'NONE', #999, #1254 ) ;
#486 = CARTESIAN_POINT ( 'NONE',  ( -0.1000000000000000056, 0.0000000000000000000, 0.0000000000000000000 ) ) ;
#487 = ORIENTED_EDGE ( 'NONE', *, *, #1731, .T. ) ;
#488 = ADVANCED_FACE ( 'NONE', ( #1848 ), #1671, .T. ) ;
#489 = VECTOR ( 'NONE', #268, 100.0000000000000000 ) ;
#490 = PLANE ( 'NONE',  #1745 ) ;
#491 = PRESENTATION_STYLE_ASSIGNMENT (( #171 ) ) ;
#492 = MECHANICAL_DESIGN_GEOMETRIC_PRESENTATION_REPRESENTATION (  '', ( #598 ), #1189 ) ;
#493 = MECHANICAL_DESIGN_GEOMETRIC_PRESENTATION_REPRESENTATION (  '', ( #1891 ), #1303 ) ;
#494 =( GEOMETRIC_REPRESENTATION_CONTEXT ( 3 ) GLOBAL_UNCERTAINTY_ASSIGNED_CONTEXT ( ( #1018 ) ) GLOBAL_UNIT_ASSIGNED_CONTEXT ( ( #397, #1192, #1043 ) ) REPRESENTATION_CONTEXT ( 'NONE', 'WORKASPACE' ) );
#495 = ORIENTED_EDGE ( 'NONE', *, *, #1647, .T. ) ;
#496 =( GEOMETRIC_REPRESENTATION_CONTEXT ( 3 ) GLOBAL_UNCERTAINTY_ASSIGNED_CONTEXT ( ( #1229 ) ) GLOBAL_UNIT_ASSIGNED_CONTEXT ( ( #135, #1738, #620 ) ) REPRESENTATION_CONTEXT ( 'NONE', 'WORKASPACE' ) );
#497 = COLOUR_RGB ( '',0.06666666666666666574, 0.06666666666666666574, 0.06666666666666666574 ) ;
#498 = CARTESIAN_POINT ( 'NONE',  ( 0.06003131717443468962, 0.02000000000000000042, 0.2677666470408440191 ) ) ;
#499 = LINE ( 'NONE', #1977, #900 ) ;
#500 = CARTESIAN_POINT ( 'NONE',  ( 1.892425610156520157E-18, -0.1000000000000000056, 0.8500000000000000888 ) ) ;
#501 = AXIS2_PLACEMENT_3D ( 'NONE', #1235, #1900, #1079 ) ;
#502 = STYLED_ITEM ( 'NONE', ( #909 ), #1338 ) ;
#503 = PRESENTATION_STYLE_ASSIGNMENT (( #540 ) ) ;
#504 = VERTEX_POINT ( 'NONE', #130 ) ;
#505 = CARTESIAN_POINT ( 'NONE',  ( 0.09428034581422810312, -0.02000000000000000042, 0.7873271032559990834 ) ) ;
#506 = ADVANCED_FACE ( 'NONE', ( #1585, #138 ), #1249, .F. ) ;
#507 = CARTESIAN_POINT ( 'NONE',  ( 1.270000000000000018, 0.0000000000000000000, 0.0000000000000000000 ) ) ;
#508 = ORIENTED_EDGE ( 'NONE', *, *, #1212, .F. ) ;
#509 = CARTESIAN_POINT ( 'NONE',  ( -0.06003131717443468962, -0.02000000000000000042, 0.4103376530110829923 ) ) ;
#510 = LINE ( 'NONE', #500, #1817 ) ;
#511 = DIRECTION ( 'NONE',  ( -0.5773502691896249539, -0.5773502691896269523, 0.5773502691896253980 ) ) ;
#512 = EDGE_LOOP ( 'NONE', ( #1120, #1728, #1293, #886 ) ) ;
#513 = EDGE_CURVE ( 'NONE', #271, #1934, #282, .T. ) ;
#514 = DIRECTION ( 'NONE',  ( 0.0000000000000000000, 0.0000000000000000000, 1.000000000000000000 ) ) ;
#515 =( LENGTH_UNIT ( ) NAMED_UNIT ( * ) SI_UNIT ( .CENTI., .METRE. ) );
#516 =( LENGTH_UNIT ( ) NAMED_UNIT ( * ) SI_UNIT ( .CENTI., .METRE. ) );
#517 = CYLINDRICAL_SURFACE ( 'NONE', #1779, 0.2547114388012230446 ) ;
#518 = ORIENTED_EDGE ( 'NONE', *, *, #166, .T. ) ;
#519 = VECTOR ( 'NONE', #2041, 100.0000000000000000 ) ;
#520 = DIRECTION ( 'NONE',  ( 0.0000000000000000000, 0.0000000000000000000, 1.000000000000000000 ) ) ;
#521 = FACE_OUTER_BOUND ( 'NONE', #388, .T. ) ;
#522 = STYLED_ITEM ( 'NONE', ( #797 ), #506 ) ;
#523 = DIRECTION ( 'NONE',  ( 0.0000000000000000000, 1.000000000000000000, 0.0000000000000000000 ) ) ;
#524 = ADVANCED_FACE ( 'NONE', ( #1084 ), #789, .F. ) ;
#525 = VECTOR ( 'NONE', #1392, 100.0000000000000000 ) ;
#526 = STYLED_ITEM ( 'NONE', ( #1886 ), #919 ) ;
#527 = MECHANICAL_DESIGN_GEOMETRIC_PRESENTATION_REPRESENTATION (  '', ( #1955 ), #1063 ) ;
#528 =( NAMED_UNIT ( * ) SI_UNIT ( $, .STERADIAN. ) SOLID_ANGLE_UNIT ( ) );
#529 = EDGE_LOOP ( 'NONE', ( #1879, #1686, #742, #1704 ) ) ;
#530 = VECTOR ( 'NONE', #1222, 100.0000000000000000 ) ;
#531 = AXIS2_PLACEMENT_3D ( 'NONE', #1838, #230, #877 ) ;
#532 =( LENGTH_UNIT ( ) NAMED_UNIT ( * ) SI_UNIT ( .CENTI., .METRE. ) );
#533 = EDGE_LOOP ( 'NONE', ( #62, #1302, #1824, #1106, #1844, #446, #1134, #2080, #1696, #577, #1208, #79, #1491, #196, #882, #405, #67, #518, #994, #779 ) ) ;
#534 = DIRECTION ( 'NONE',  ( 1.000000000000000000, 0.0000000000000000000, 0.0000000000000000000 ) ) ;
#535 = CARTESIAN_POINT ( 'NONE',  ( -0.05000000000000000278, -0.05000000000000000278, 0.8500000000000000888 ) ) ;
#536 = UNCERTAINTY_MEASURE_WITH_UNIT (LENGTH_MEASURE( 1.000000000000000082E-05 ), #276, 'distance_accuracy_value', 'NONE');
#537 = DIRECTION ( 'NONE',  ( -0.0000000000000000000, -1.000000000000000000, 0.0000000000000000000 ) ) ;
#538 =( NAMED_UNIT ( * ) SI_UNIT ( $, .STERADIAN. ) SOLID_ANGLE_UNIT ( ) );
#539 = EDGE_CURVE ( 'NONE', #1014, #1048, #997, .T. ) ;
#540 = SURFACE_STYLE_USAGE ( .BOTH. , #42 ) ;
#541 = EDGE_LOOP ( 'NONE', ( #1065, #60, #1288, #959 ) ) ;
#542 = ADVANCED_FACE ( 'NONE', ( #317 ), #1147, .T. ) ;
#543 = EDGE_LOOP ( 'NONE', ( #54, #580, #1051, #739 ) ) ;
#544 =( NAMED_UNIT ( * ) SI_UNIT ( $, .STERADIAN. ) SOLID_ANGLE_UNIT ( ) );
#545 = ORIENTED_EDGE ( 'NONE', *, *, #202, .F. ) ;
#546 = SURFACE_STYLE_USAGE ( .BOTH. , #711 ) ;
#547 = SURFACE_SIDE_STYLE ('',( #723 ) ) ;
#548 = SHAPE_REPRESENTATION ( 'User Library-SIL_Socket08_', ( #1446, #1995, #578, #1137, #1010, #1069, #476, #1105, #681, #646, #2072, #849, #1310, #1203, #198, #1008, #2034 ), #912 ) ;
#549 = ORIENTED_EDGE ( 'NONE', *, *, #853, .F. ) ;
#550 = CARTESIAN_POINT ( 'NONE',  ( -0.1000000000000000472, 0.1000000000000000194, 0.8500000000000000888 ) ) ;
#551 = ORIENTED_EDGE ( 'NONE', *, *, #1187, .F. ) ;
#552 = ADVANCED_FACE ( 'NONE', ( #339 ), #490, .T. ) ;
#553 = PRODUCT_CONTEXT ( 'NONE', #162, 'mechanical' ) ;
#554 = LINE ( 'NONE', #892, #1292 ) ;
#555 = EDGE_LOOP ( 'NONE', ( #462, #875, #306, #563 ) ) ;
#556 = MECHANICAL_DESIGN_GEOMETRIC_PRESENTATION_REPRESENTATION (  '', ( #13 ), #1055 ) ;
#557 = PRESENTATION_STYLE_ASSIGNMENT (( #2024 ) ) ;
#558 = CARTESIAN_POINT ( 'NONE',  ( -0.06003131717443500881, -0.02000000000000000042, 0.2677666470408440191 ) ) ;
#559 = CIRCLE ( 'NONE', #118, 0.2547114388012230446 ) ;
#560 = PRESENTATION_STYLE_ASSIGNMENT (( #1181 ) ) ;
#561 = COLOUR_RGB ( '',0.1019607843137254888, 0.1019607843137254888, 0.1019607843137254888 ) ;
#562 = VECTOR ( 'NONE', #1930, 100.0000000000000000 ) ;
#563 = ORIENTED_EDGE ( 'NONE', *, *, #1542, .T. ) ;
#564 = UNCERTAINTY_MEASURE_WITH_UNIT (LENGTH_MEASURE( 1.000000000000000082E-05 ), #1537, 'distance_accuracy_value', 'NONE');
#565 = VECTOR ( 'NONE', #106, 100.0000000000000000 ) ;
#566 = AXIS2_PLACEMENT_3D ( 'NONE', #1118, #773, #287 ) ;
#567 =( NAMED_UNIT ( * ) PLANE_ANGLE_UNIT ( ) SI_UNIT ( $, .RADIAN. ) );
#568 = VERTEX_POINT ( 'NONE', #1457 ) ;
#569 = MECHANICAL_DESIGN_GEOMETRIC_PRESENTATION_REPRESENTATION (  '', ( #228 ), #1195 ) ;
#570 = CARTESIAN_POINT ( 'NONE',  ( 0.06003131717443468962, -0.02000000000000000042, 0.2677666470408440191 ) ) ;
#571 = ORIENTED_EDGE ( 'NONE', *, *, #1793, .T. ) ;
#572 = FILL_AREA_STYLE ('',( #40 ) ) ;
#573 = SURFACE_STYLE_USAGE ( .BOTH. , #1546 ) ;
#574 = FILL_AREA_STYLE ('',( #384 ) ) ;
#575 = CIRCLE ( 'NONE', #1507, 0.01000000000000028644 ) ;
#576 = CARTESIAN_POINT ( 'NONE',  ( -0.06003131717443417614, -0.02000000000000000042, 0.7330832898901298300 ) ) ;
#577 = ORIENTED_EDGE ( 'NONE', *, *, #84, .T. ) ;
#578 = AXIS2_PLACEMENT_3D ( 'NONE', #1156, #1986, #1148 ) ;
#579 = LINE ( 'NONE', #445, #1983 ) ;
#580 = ORIENTED_EDGE ( 'NONE', *, *, #1042, .F. ) ;
#581 = LINE ( 'NONE', #248, #1464 ) ;
#582 = EDGE_CURVE ( 'NONE', #117, #830, #1277, .T. ) ;
#583 = PRESENTATION_STYLE_ASSIGNMENT (( #761 ) ) ;
#584 = DIRECTION ( 'NONE',  ( 0.0000000000000000000, -0.0000000000000000000, 1.000000000000000000 ) ) ;
#585 = PRESENTATION_STYLE_ASSIGNMENT (( #1246 ) ) ;
#586 = SURFACE_STYLE_FILL_AREA ( #2006 ) ;
#587 = VERTEX_POINT ( 'NONE', #1346 ) ;
#588 = UNCERTAINTY_MEASURE_WITH_UNIT (LENGTH_MEASURE( 1.000000000000000082E-05 ), #1938, 'distance_accuracy_value', 'NONE');
#589 = APPLICATION_PROTOCOL_DEFINITION ( 'draft international standard', 'automotive_design', 1998, #162 ) ;
#590 = CARTESIAN_POINT ( 'NONE',  ( 0.0000000000000000000, -0.02000000000000000042, 0.2677666470408440191 ) ) ;
#591 = ORIENTED_EDGE ( 'NONE', *, *, #312, .T. ) ;
#592 = CARTESIAN_POINT ( 'NONE',  ( -6.308085367188389609E-19, 0.0000000000000000000, 0.7399999999999999911 ) ) ;
#593 = DIRECTION ( 'NONE',  ( -0.0000000000000000000, -1.000000000000000000, 0.0000000000000000000 ) ) ;
#594 = PRESENTATION_LAYER_ASSIGNMENT (  '', '', ( #13 ) ) ;
#595 = EDGE_CURVE ( 'NONE', #1153, #1603, #1265, .T. ) ;
#596 = LINE ( 'NONE', #1430, #530 ) ;
#597 = DIRECTION ( 'NONE',  ( -1.658928450709476921E-64, 7.979599084288239752E-33, 1.000000000000000000 ) ) ;
#598 = STYLED_ITEM ( 'NONE', ( #836 ), #342 ) ;
#599 = FILL_AREA_STYLE_COLOUR ( '', #1808 ) ;
#600 = ORIENTED_EDGE ( 'NONE', *, *, #1568, .T. ) ;
#601 = VECTOR ( 'NONE', #1284, 100.0000000000000000 ) ;
#602 = COLOUR_RGB ( '',0.05882352941176470507, 0.05882352941176470507, 0.05882352941176470507 ) ;
#603 = CONTEXT_DEPENDENT_SHAPE_REPRESENTATION ( #819, #1734 ) ;
#604 = SURFACE_STYLE_USAGE ( .BOTH. , #110 ) ;
#605 =( GEOMETRIC_REPRESENTATION_CONTEXT ( 3 ) GLOBAL_UNCERTAINTY_ASSIGNED_CONTEXT ( ( #804 ) ) GLOBAL_UNIT_ASSIGNED_CONTEXT ( ( #790, #1085, #1098 ) ) REPRESENTATION_CONTEXT ( 'NONE', 'WORKASPACE' ) );
#606 = VECTOR ( 'NONE', #1367, 100.0000000000000000 ) ;
#607 = LINE ( 'NONE', #308, #1129 ) ;
#608 = DIRECTION ( 'NONE',  ( 0.0000000000000000000, 0.0000000000000000000, 1.000000000000000000 ) ) ;
#609 =( NAMED_UNIT ( * ) SI_UNIT ( $, .STERADIAN. ) SOLID_ANGLE_UNIT ( ) );
#610 = EDGE_CURVE ( 'NONE', #933, #983, #832, .T. ) ;
#611 = VECTOR ( 'NONE', #1950, 100.0000000000000000 ) ;
#612 = FILL_AREA_STYLE ('',( #479 ) ) ;
#613 = ORIENTED_EDGE ( 'NONE', *, *, #1241, .T. ) ;
#614 = EDGE_CURVE ( 'NONE', #1435, #817, #1662, .T. ) ;
#615 =( LENGTH_UNIT ( ) NAMED_UNIT ( * ) SI_UNIT ( .CENTI., .METRE. ) );
#616 = SURFACE_STYLE_FILL_AREA ( #772 ) ;
#617 = FACE_OUTER_BOUND ( 'NONE', #229, .T. ) ;
#618 = CARTESIAN_POINT ( 'NONE',  ( 0.1042803458142280149, -0.02000000000000000042, 0.08882838487625122070 ) ) ;
#619 = ADVANCED_BREP_SHAPE_REPRESENTATION ( '', ( #1834, #411 ), #1006 ) ;
#620 =( NAMED_UNIT ( * ) SI_UNIT ( $, .STERADIAN. ) SOLID_ANGLE_UNIT ( ) );
#621 = ORIENTED_EDGE ( 'NONE', *, *, #2037, .T. ) ;
#622 =( NAMED_UNIT ( * ) PLANE_ANGLE_UNIT ( ) SI_UNIT ( $, .RADIAN. ) );
#623 = EDGE_CURVE ( 'NONE', #1638, #1833, #1768, .T. ) ;
#624 = CARTESIAN_POINT ( 'NONE',  ( -0.1042803458142280149, 0.02000000000000000042, 0.02843064381840689978 ) ) ;
#625 = CARTESIAN_POINT ( 'NONE',  ( 0.03244696269377490144, 0.02000000000000000042, -0.9671385867237070055 ) ) ;
#626 = AXIS2_PLACEMENT_3D ( 'NONE', #450, #2061, #1732 ) ;
#627 = AXIS2_PLACEMENT_3D ( 'NONE', #1650, #1494, #53 ) ;
#628 = ORIENTED_EDGE ( 'NONE', *, *, #202, .T. ) ;
#629 = UNCERTAINTY_MEASURE_WITH_UNIT (LENGTH_MEASURE( 1.000000000000000082E-05 ), #1942, 'distance_accuracy_value', 'NONE');
#630 = PRESENTATION_LAYER_ASSIGNMENT (  '', '', ( #81 ) ) ;
#631 = SURFACE_SIDE_STYLE ('',( #475 ) ) ;
#632 = VECTOR ( 'NONE', #1196, 100.0000000000000000 ) ;
#633 = COLOUR_RGB ( '',0.8666666666666666963, 0.7725490196078431682, 0.2156862745098039325 ) ;
#634 = ADVANCED_FACE ( 'NONE', ( #1381 ), #1699, .T. ) ;
#635 = CARTESIAN_POINT ( 'NONE',  ( 0.06003131717443462717, -0.02000000000000000042, 0.7330832898901309402 ) ) ;
#636 =( NAMED_UNIT ( * ) PLANE_ANGLE_UNIT ( ) SI_UNIT ( $, .RADIAN. ) );
#637 = VECTOR ( 'NONE', #370, 100.0000000000000000 ) ;
#638 = ADVANCED_FACE ( 'NONE', ( #1256 ), #786, .F. ) ;
#639 = PRESENTATION_STYLE_ASSIGNMENT (( #286 ) ) ;
#640 =( NAMED_UNIT ( * ) PLANE_ANGLE_UNIT ( ) SI_UNIT ( $, .RADIAN. ) );
#641 =( NAMED_UNIT ( * ) SI_UNIT ( $, .STERADIAN. ) SOLID_ANGLE_UNIT ( ) );
#642 = PRODUCT_DEFINITION_SHAPE ( 'NONE', 'NONE',  #2104 ) ;
#643 = ORIENTED_EDGE ( 'NONE', *, *, #595, .F. ) ;
#644 = STYLED_ITEM ( 'NONE', ( #888 ), #619 ) ;
#645 = CARTESIAN_POINT ( 'NONE',  ( -0.08509588200079719333, 0.02000000000000000042, 0.7912825582816289671 ) ) ;
#646 = AXIS2_PLACEMENT_3D ( 'NONE', #998, #1640, #371 ) ;
#647 = SURFACE_STYLE_FILL_AREA ( #1927 ) ;
#648 = CARTESIAN_POINT ( 'NONE',  ( 0.0000000000000000000, -0.1000000000000000056, 0.0000000000000000000 ) ) ;
#649 = SURFACE_SIDE_STYLE ('',( #1080 ) ) ;
#650 = EDGE_CURVE ( 'NONE', #369, #271, #2077, .T. ) ;
#651 = LINE ( 'NONE', #1092, #364 ) ;
#652 = UNCERTAINTY_MEASURE_WITH_UNIT (LENGTH_MEASURE( 1.000000000000000082E-05 ), #1799, 'distance_accuracy_value', 'NONE');
#653 = PRESENTATION_STYLE_ASSIGNMENT (( #823 ) ) ;
#654 = PLANE ( 'NONE',  #156 ) ;
#655 = VERTEX_POINT ( 'NONE', #453 ) ;
#656 = PRODUCT_DEFINITION_SHAPE ( 'NONE', 'NONE',  #1497 ) ;
#657 =( REPRESENTATION_RELATIONSHIP ('NONE','NONE', #548, #1475 ) REPRESENTATION_RELATIONSHIP_WITH_TRANSFORMATION ( #1760 )SHAPE_REPRESENTATION_RELATIONSHIP( ) );
#658 = CARTESIAN_POINT ( 'NONE',  ( 0.02687348134688750251, -0.02000000000000000042, -1.006546407085610051 ) ) ;
#659 = FILL_AREA_STYLE_COLOUR ( '', #750 ) ;
#660 = ORIENTED_EDGE ( 'NONE', *, *, #1389, .T. ) ;
#661 = CLOSED_SHELL ( 'NONE', ( #113, #1803, #1591, #1283, #506, #992, #714, #1455, #890, #1980, #1364, #818, #796, #1702, #1425, #259, #978, #1718, #145 ) ) ;
#662 = FILL_AREA_STYLE ('',( #1593 ) ) ;
#663 = VECTOR ( 'NONE', #1627, 100.0000000000000000 ) ;
#664 = DIRECTION ( 'NONE',  ( 0.0000000000000000000, 0.0000000000000000000, 1.000000000000000000 ) ) ;
#665 =( GEOMETRIC_REPRESENTATION_CONTEXT ( 3 ) GLOBAL_UNCERTAINTY_ASSIGNED_CONTEXT ( ( #1383 ) ) GLOBAL_UNIT_ASSIGNED_CONTEXT ( ( #1871, #262, #2057 ) ) REPRESENTATION_CONTEXT ( 'NONE', 'WORKASPACE' ) );
#666 =( GEOMETRIC_REPRESENTATION_CONTEXT ( 3 ) GLOBAL_UNCERTAINTY_ASSIGNED_CONTEXT ( ( #1923 ) ) GLOBAL_UNIT_ASSIGNED_CONTEXT ( ( #1620, #1151, #1795 ) ) REPRESENTATION_CONTEXT ( 'NONE', 'WORKASPACE' ) );
#667 = CARTESIAN_POINT ( 'NONE',  ( -0.1042803458142280149, -0.02000000000000000042, 0.4380777440661250410 ) ) ;
#668 = PRESENTATION_STYLE_ASSIGNMENT (( #1461 ) ) ;
#669 = SURFACE_STYLE_USAGE ( .BOTH. , #1979 ) ;
#670 = VECTOR ( 'NONE', #1735, 100.0000000000000000 ) ;
#671 = PRESENTATION_LAYER_ASSIGNMENT (  '', '', ( #1891 ) ) ;
#672 = LINE ( 'NONE', #1291, #1811 ) ;
#673 = VERTEX_POINT ( 'NONE', #1281 ) ;
#674 = UNCERTAINTY_MEASURE_WITH_UNIT (LENGTH_MEASURE( 1.000000000000000082E-05 ), #1972, 'distance_accuracy_value', 'NONE');
#675 = SURFACE_STYLE_USAGE ( .BOTH. , #1108 ) ;
#676 =( NAMED_UNIT ( * ) PLANE_ANGLE_UNIT ( ) SI_UNIT ( $, .RADIAN. ) );
#677 = EDGE_CURVE ( 'NONE', #1964, #100, #800, .T. ) ;
#678 = CARTESIAN_POINT ( 'NONE',  ( 1.016000000000000014, 0.0000000000000000000, 0.0000000000000000000 ) ) ;
#679 = STYLED_ITEM ( 'NONE', ( #1336 ), #1112 ) ;
#680 = PLANE ( 'NONE',  #627 ) ;
#681 = AXIS2_PLACEMENT_3D ( 'NONE', #1016, #1493, #359 ) ;
#682 = SURFACE_STYLE_FILL_AREA ( #968 ) ;
#683 = PRESENTATION_STYLE_ASSIGNMENT (( #858 ) ) ;
#684 = ORIENTED_EDGE ( 'NONE', *, *, #2087, .F. ) ;
#685 = ORIENTED_EDGE ( 'NONE', *, *, #595, .T. ) ;
#686 = CARTESIAN_POINT ( 'NONE',  ( 1.524000000000000021, 0.0000000000000000000, 0.0000000000000000000 ) ) ;
#687 = ADVANCED_FACE ( 'NONE', ( #617 ), #1236, .T. ) ;
#688 = PRESENTATION_STYLE_ASSIGNMENT (( #1150 ) ) ;
#689 = DIRECTION ( 'NONE',  ( 0.0000000000000000000, 0.0000000000000000000, 1.000000000000000000 ) ) ;
#690 = PLANE ( 'NONE',  #1370 ) ;
#691 = ORIENTED_EDGE ( 'NONE', *, *, #2049, .F. ) ;
#692 = SHAPE_REPRESENTATION_RELATIONSHIP ( 'NONE' , 'NONE' ,  #1475, #619 ) ;
#693 = DIRECTION ( 'NONE',  ( -0.0000000000000000000, -0.0000000000000000000, -1.000000000000000000 ) ) ;
#694 = VECTOR ( 'NONE', #1379, 100.0000000000000000 ) ;
#695 = AXIS2_PLACEMENT_3D ( 'NONE', #1230, #1074, #9 ) ;
#696 = SURFACE_STYLE_FILL_AREA ( #572 ) ;
#697 =( NAMED_UNIT ( * ) PLANE_ANGLE_UNIT ( ) SI_UNIT ( $, .RADIAN. ) );
#698 = MECHANICAL_DESIGN_GEOMETRIC_PRESENTATION_REPRESENTATION (  '', ( #526 ), #605 ) ;
#699 = VECTOR ( 'NONE', #511, 100.0000000000000000 ) ;
#700 = COLOUR_RGB ( '',0.8666666666666666963, 0.7725490196078431682, 0.2156862745098039325 ) ;
#701 = ORIENTED_EDGE ( 'NONE', *, *, #1241, .F. ) ;
#702 =( GEOMETRIC_REPRESENTATION_CONTEXT ( 3 ) GLOBAL_UNCERTAINTY_ASSIGNED_CONTEXT ( ( #1636 ) ) GLOBAL_UNIT_ASSIGNED_CONTEXT ( ( #1839, #78, #412 ) ) REPRESENTATION_CONTEXT ( 'NONE', 'WORKASPACE' ) );
#703 = STYLED_ITEM ( 'NONE', ( #2025 ), #1321 ) ;
#704 = LINE ( 'NONE', #1798, #1856 ) ;
#705 = ORIENTED_EDGE ( 'NONE', *, *, #961, .F. ) ;
#706 =( LENGTH_UNIT ( ) NAMED_UNIT ( * ) SI_UNIT ( .CENTI., .METRE. ) );
#707 = ORIENTED_EDGE ( 'NONE', *, *, #770, .T. ) ;
#708 =( REPRESENTATION_RELATIONSHIP ('NONE','NONE', #548, #1475 ) REPRESENTATION_RELATIONSHIP_WITH_TRANSFORMATION ( #1276 )SHAPE_REPRESENTATION_RELATIONSHIP( ) );
#709 = UNCERTAINTY_MEASURE_WITH_UNIT (LENGTH_MEASURE( 1.000000000000000082E-05 ), #532, 'distance_accuracy_value', 'NONE');
#710 = AXIS2_PLACEMENT_3D ( 'NONE', #861, #1657, #846 ) ;
#711 = SURFACE_SIDE_STYLE ('',( #1853 ) ) ;
#712 = PLANE ( 'NONE',  #1433 ) ;
#713 = CARTESIAN_POINT ( 'NONE',  ( 0.0000000000000000000, 0.0000000000000000000, 0.0000000000000000000 ) ) ;
#714 = ADVANCED_FACE ( 'NONE', ( #1270 ), #310, .T. ) ;
#715 = CARTESIAN_POINT ( 'NONE',  ( -0.2982794916698709997, -0.02000000000000000042, 0.6429959744357269802 ) ) ;
#716 = CARTESIAN_POINT ( 'NONE',  ( -0.03244696269377474185, 0.02000000000000000042, -0.9671385867237092260 ) ) ;
#717 = CARTESIAN_POINT ( 'NONE',  ( 0.07499999999999999722, 0.0000000000000000000, 0.8250000000000000666 ) ) ;
#718 = ORIENTED_EDGE ( 'NONE', *, *, #1476, .T. ) ;
#719 = CONTEXT_DEPENDENT_SHAPE_REPRESENTATION ( #47, #2069 ) ;
#720 = VERTEX_POINT ( 'NONE', #980 ) ;
#721 = FILL_AREA_STYLE_COLOUR ( '', #927 ) ;
#722 = FILL_AREA_STYLE_COLOUR ( '', #301 ) ;
#723 = SURFACE_STYLE_FILL_AREA ( #2000 ) ;
#724 = SURFACE_STYLE_FILL_AREA ( #1828 ) ;
#725 = DIRECTION ( 'NONE',  ( 0.0000000000000000000, 1.000000000000000000, 0.0000000000000000000 ) ) ;
#726 = CARTESIAN_POINT ( 'NONE',  ( 0.02129999999999999949, -0.02000000000000000042, -1.045954227447509988 ) ) ;
#727 = ORIENTED_EDGE ( 'NONE', *, *, #1416, .F. ) ;
#728 = ITEM_DEFINED_TRANSFORMATION ( 'NONE', 'NONE', #578,  #411 ) ;
#729 = SURFACE_STYLE_FILL_AREA ( #2035 ) ;
#730 = EDGE_LOOP ( 'NONE', ( #660, #109, #788, #1688 ) ) ;
#731 = MECHANICAL_DESIGN_GEOMETRIC_PRESENTATION_REPRESENTATION (  '', ( #251 ), #1978 ) ;
#732 = CARTESIAN_POINT ( 'NONE',  ( 0.1000000000000000056, 0.0000000000000000000, 0.7399999999999999911 ) ) ;
#733 = DIRECTION ( 'NONE',  ( -0.0000000000000000000, 1.000000000000000000, 0.0000000000000000000 ) ) ;
#734 = STYLED_ITEM ( 'NONE', ( #237 ), #488 ) ;
#735 = COLOUR_RGB ( '',0.8666666666666666963, 0.7725490196078431682, 0.2156862745098039325 ) ;
#736 = CARTESIAN_POINT ( 'NONE',  ( 0.0000000000000000000, 0.1270000000000000018, 0.8500000000000000888 ) ) ;
#737 = AXIS2_PLACEMENT_3D ( 'NONE', #1749, #305, #794 ) ;
#738 = AXIS2_PLACEMENT_3D ( 'NONE', #990, #523, #1162 ) ;
#739 = ORIENTED_EDGE ( 'NONE', *, *, #1874, .T. ) ;
#740 = COLOUR_RGB ( '',0.8666666666666666963, 0.7725490196078431682, 0.2156862745098039325 ) ;
#741 = FACE_OUTER_BOUND ( 'NONE', #337, .T. ) ;
#742 = ORIENTED_EDGE ( 'NONE', *, *, #880, .F. ) ;
#743 = PRESENTATION_LAYER_ASSIGNMENT (  '', '', ( #1987 ) ) ;
#744 = MECHANICAL_DESIGN_GEOMETRIC_PRESENTATION_REPRESENTATION (  '', ( #470 ), #1714 ) ;
#745 = CARTESIAN_POINT ( 'NONE',  ( 0.0000000000000000000, -0.02000000000000000042, 0.2677666470408440191 ) ) ;
#746 = EDGE_CURVE ( 'NONE', #1904, #1344, #168, .T. ) ;
#747 = EDGE_LOOP ( 'NONE', ( #179, #44, #495, #474 ) ) ;
#748 =( LENGTH_UNIT ( ) NAMED_UNIT ( * ) SI_UNIT ( .CENTI., .METRE. ) );
#749 = LINE ( 'NONE', #1057, #1709 ) ;
#750 = COLOUR_RGB ( '',0.8666666666666666963, 0.7725490196078431682, 0.2156862745098039325 ) ;
#751 = DIRECTION ( 'NONE',  ( -2.078962154847970352E-32, 1.000000000000000000, -7.979599084288239752E-33 ) ) ;
#752 =( LENGTH_UNIT ( ) NAMED_UNIT ( * ) SI_UNIT ( .CENTI., .METRE. ) );
#753 = LINE ( 'NONE', #1726, #519 ) ;
#754 = LINE ( 'NONE', #509, #1678 ) ;
#755 = PRESENTATION_STYLE_ASSIGNMENT (( #95 ) ) ;
#756 = ORIENTED_EDGE ( 'NONE', *, *, #865, .T. ) ;
#757 = CONTEXT_DEPENDENT_SHAPE_REPRESENTATION ( #1417, #1247 ) ;
#758 = ORIENTED_EDGE ( 'NONE', *, *, #623, .T. ) ;
#759 = ADVANCED_FACE ( 'NONE', ( #362 ), #1143, .T. ) ;
#760 = FILL_AREA_STYLE ('',( #102 ) ) ;
#761 = SURFACE_STYLE_USAGE ( .BOTH. , #2002 ) ;
#762 = CARTESIAN_POINT ( 'NONE',  ( 0.03244696269377505410, -0.02000000000000000042, -0.9671385867237070055 ) ) ;
#763 = SURFACE_SIDE_STYLE ('',( #1403 ) ) ;
#764 = UNCERTAINTY_MEASURE_WITH_UNIT (LENGTH_MEASURE( 1.000000000000000082E-05 ), #752, 'distance_accuracy_value', 'NONE');
#765 = ORIENTED_EDGE ( 'NONE', *, *, #1939, .F. ) ;
#766 = DIRECTION ( 'NONE',  ( 0.0000000000000000000, 0.0000000000000000000, 1.000000000000000000 ) ) ;
#767 = LINE ( 'NONE', #1218, #1527 ) ;
#768 =( NAMED_UNIT ( * ) PLANE_ANGLE_UNIT ( ) SI_UNIT ( $, .RADIAN. ) );
#769 = DIRECTION ( 'NONE',  ( 0.0000000000000000000, 1.000000000000000000, 0.0000000000000000000 ) ) ;
#770 = EDGE_CURVE ( 'NONE', #1352, #369, #499, .T. ) ;
#771 = VECTOR ( 'NONE', #1174, 100.0000000000000000 ) ;
#772 = FILL_AREA_STYLE ('',( #948 ) ) ;
#773 = DIRECTION ( 'NONE',  ( 0.9184463813430879808, 0.0000000000000000000, 0.3955455025629632249 ) ) ;
#774 = EDGE_CURVE ( 'NONE', #568, #1694, #1224, .T. ) ;
#775 = VECTOR ( 'NONE', #1617, 100.0000000000000000 ) ;
#776 = VECTOR ( 'NONE', #1843, 100.0000000000000000 ) ;
#777 = COLOUR_RGB ( '',0.8666666666666666963, 0.7725490196078431682, 0.2156862745098039325 ) ;
#778 = DIRECTION ( 'NONE',  ( -1.000000000000000000, 0.0000000000000000000, -0.0000000000000000000 ) ) ;
#779 = ORIENTED_EDGE ( 'NONE', *, *, #1582, .T. ) ;
#780 = VECTOR ( 'NONE', #593, 100.0000000000000000 ) ;
#781 = FILL_AREA_STYLE_COLOUR ( '', #2058 ) ;
#782 = CARTESIAN_POINT ( 'NONE',  ( 0.0000000000000000000, 0.02000000000000000042, 0.2677666470408440191 ) ) ;
#783 = DIRECTION ( 'NONE',  ( -1.000000000000000000, 0.0000000000000000000, 0.0000000000000000000 ) ) ;
#784 = SURFACE_STYLE_USAGE ( .BOTH. , #1733 ) ;
#785 =( NAMED_UNIT ( * ) PLANE_ANGLE_UNIT ( ) SI_UNIT ( $, .RADIAN. ) );
#786 = PLANE ( 'NONE',  #1258 ) ;
#787 = EDGE_CURVE ( 'NONE', #873, #128, #1453, .T. ) ;
#788 = ORIENTED_EDGE ( 'NONE', *, *, #366, .F. ) ;
#789 = CYLINDRICAL_SURFACE ( 'NONE', #1366, 0.06003131717443499493 ) ;
#790 =( LENGTH_UNIT ( ) NAMED_UNIT ( * ) SI_UNIT ( .CENTI., .METRE. ) );
#791 = DIRECTION ( 'NONE',  ( -0.0000000000000000000, 0.0000000000000000000, 1.000000000000000000 ) ) ;
#792 = CARTESIAN_POINT ( 'NONE',  ( 0.1000000000000000056, 0.1000000000000000056, 0.0000000000000000000 ) ) ;
#793 = CARTESIAN_POINT ( 'NONE',  ( -0.07499999999999999722, 0.0000000000000000000, 0.8250000000000000666 ) ) ;
#794 = DIRECTION ( 'NONE',  ( 1.000000000000000000, 0.0000000000000000000, -1.140612731871519894E-31 ) ) ;
#795 = ORIENTED_EDGE ( 'NONE', *, *, #1075, .T. ) ;
#796 = ADVANCED_FACE ( 'NONE', ( #1171 ), #346, .F. ) ;
#797 = PRESENTATION_STYLE_ASSIGNMENT (( #604 ) ) ;
#798 = CARTESIAN_POINT ( 'NONE',  ( 6.071532165918820208E-18, 0.02000000000000000042, -1.045954227447509988 ) ) ;
#799 = CARTESIAN_POINT ( 'NONE',  ( -0.06003131717443475901, 0.02000000000000000042, 0.7330832898901312733 ) ) ;
#800 = LINE ( 'NONE', #792, #562 ) ;
#801 = LINE ( 'NONE', #302, #808 ) ;
#802 = CARTESIAN_POINT ( 'NONE',  ( 0.0000000000000000000, -0.1270000000000000018, 0.0000000000000000000 ) ) ;
#803 = VECTOR ( 'NONE', #693, 100.0000000000000000 ) ;
#804 = UNCERTAINTY_MEASURE_WITH_UNIT (LENGTH_MEASURE( 1.000000000000000082E-05 ), #790, 'distance_accuracy_value', 'NONE');
#805 = PRESENTATION_LAYER_ASSIGNMENT (  '', '', ( #526 ) ) ;
#806 = SURFACE_SIDE_STYLE ('',( #816 ) ) ;
#807 = CARTESIAN_POINT ( 'NONE',  ( 0.06003131717443468962, 0.02000000000000000042, 0.5529086589813229091 ) ) ;
#808 = VECTOR ( 'NONE', #454, 100.0000000000000000 ) ;
#809 = LINE ( 'NONE', #667, #964 ) ;
#810 = SURFACE_STYLE_FILL_AREA ( #2085 ) ;
#811 = ORIENTED_EDGE ( 'NONE', *, *, #429, .F. ) ;
#812 = VECTOR ( 'NONE', #1088, 100.0000000000000000 ) ;
#813 = DIRECTION ( 'NONE',  ( 0.0000000000000000000, 0.0000000000000000000, -1.000000000000000000 ) ) ;
#814 = EDGE_CURVE ( 'NONE', #1603, #422, #510, .T. ) ;
#815 = SURFACE_SIDE_STYLE ('',( #696 ) ) ;
#816 = SURFACE_STYLE_FILL_AREA ( #1149 ) ;
#817 = VERTEX_POINT ( 'NONE', #2039 ) ;
#818 = ADVANCED_FACE ( 'NONE', ( #1698 ), #410, .F. ) ;
#819 =( REPRESENTATION_RELATIONSHIP ('NONE','NONE', #548, #1475 ) REPRESENTATION_RELATIONSHIP_WITH_TRANSFORMATION ( #2056 )SHAPE_REPRESENTATION_RELATIONSHIP( ) );
#820 = SURFACE_STYLE_FILL_AREA ( #1289 ) ;
#821 = ORIENTED_EDGE ( 'NONE', *, *, #1501, .F. ) ;
#822 = UNCERTAINTY_MEASURE_WITH_UNIT (LENGTH_MEASURE( 1.000000000000000082E-05 ), #1424, 'distance_accuracy_value', 'NONE');
#823 = SURFACE_STYLE_USAGE ( .BOTH. , #631 ) ;
#824 = DIRECTION ( 'NONE',  ( 0.0000000000000000000, 0.0000000000000000000, 1.000000000000000000 ) ) ;
#825 =( LENGTH_UNIT ( ) NAMED_UNIT ( * ) SI_UNIT ( .CENTI., .METRE. ) );
#826 = PRODUCT_DEFINITION_SHAPE ( 'NONE', 'NONE',  #2098 ) ;
#827 = CARTESIAN_POINT ( 'NONE',  ( 0.1000000000000000056, -0.1000000000000000056, 0.7399999999999999911 ) ) ;
#828 = FILL_AREA_STYLE ('',( #174 ) ) ;
#829 = PRESENTATION_STYLE_ASSIGNMENT (( #189 ) ) ;
#830 = VERTEX_POINT ( 'NONE', #878 ) ;
#831 =( GEOMETRIC_REPRESENTATION_CONTEXT ( 3 ) GLOBAL_UNCERTAINTY_ASSIGNED_CONTEXT ( ( #1574 ) ) GLOBAL_UNIT_ASSIGNED_CONTEXT ( ( #1561, #1385, #1544 ) ) REPRESENTATION_CONTEXT ( 'NONE', 'WORKASPACE' ) );
#832 = LINE ( 'NONE', #645, #1634 ) ;
#833 = FILL_AREA_STYLE_COLOUR ( '', #1814 ) ;
#834 = ORIENTED_EDGE ( 'NONE', *, *, #1200, .T. ) ;
#835 = DIRECTION ( 'NONE',  ( 1.000000000000000000, 0.0000000000000000000, 0.0000000000000000000 ) ) ;
#836 = PRESENTATION_STYLE_ASSIGNMENT (( #1140 ) ) ;
#837 = MECHANICAL_DESIGN_GEOMETRIC_PRESENTATION_REPRESENTATION (  '', ( #1329 ), #430 ) ;
#838 = VECTOR ( 'NONE', #1661, 100.0000000000000000 ) ;
#839 = FILL_AREA_STYLE_COLOUR ( '', #700 ) ;
#840 = DIRECTION ( 'NONE',  ( 0.0000000000000000000, 0.0000000000000000000, 1.000000000000000000 ) ) ;
#841 = AXIS2_PLACEMENT_3D ( 'NONE', #715, #725, #92 ) ;
#842 = DIRECTION ( 'NONE',  ( -0.1400372197710402777, 0.0000000000000000000, -0.9901462402487812842 ) ) ;
#843 = VERTEX_POINT ( 'NONE', #2047 ) ;
#844 = EDGE_CURVE ( 'NONE', #863, #400, #240, .T. ) ;
#845 = FILL_AREA_STYLE_COLOUR ( '', #561 ) ;
#846 = DIRECTION ( 'NONE',  ( 1.000000000000000000, 0.0000000000000000000, 0.0000000000000000000 ) ) ;
#847 = COLOUR_RGB ( '',0.7921568627450980005, 0.8196078431372548767, 0.9333333333333333481 ) ;
#848 = LINE ( 'NONE', #953, #1705 ) ;
#849 = AXIS2_PLACEMENT_3D ( 'NONE', #507, #172, #976 ) ;
#850 = CARTESIAN_POINT ( 'NONE',  ( 0.1000000000000000194, 0.1000000000000000472, 0.8500000000000000888 ) ) ;
#851 = CYLINDRICAL_SURFACE ( 'NONE', #131, 0.2547114388012230446 ) ;
#852 = ORIENTED_EDGE ( 'NONE', *, *, #1594, .F. ) ;
#853 = EDGE_CURVE ( 'NONE', #673, #1435, #749, .T. ) ;
#854 = CARTESIAN_POINT ( 'NONE',  ( 0.1042803458142280149, 0.02000000000000000042, 0.08882838487625120683 ) ) ;
#855 = EDGE_CURVE ( 'NONE', #1904, #655, #216, .T. ) ;
#856 = FACE_OUTER_BOUND ( 'NONE', #747, .T. ) ;
#857 = FILL_AREA_STYLE ('',( #1305 ) ) ;
#858 = SURFACE_STYLE_USAGE ( .BOTH. , #1472 ) ;
#859 = ORIENTED_EDGE ( 'NONE', *, *, #2005, .T. ) ;
#860 = ORIENTED_EDGE ( 'NONE', *, *, #5, .F. ) ;
#861 = CARTESIAN_POINT ( 'NONE',  ( 0.0000000000000000000, 0.0000000000000000000, 0.0000000000000000000 ) ) ;
#862 = SURFACE_STYLE_USAGE ( .BOTH. , #1998 ) ;
#863 = VERTEX_POINT ( 'NONE', #1220 ) ;
#864 = COLOUR_RGB ( '',0.8666666666666666963, 0.7725490196078431682, 0.2156862745098039325 ) ;
#865 = EDGE_CURVE ( 'NONE', #128, #1682, #383, .T. ) ;
#866 = LINE ( 'NONE', #250, #871 ) ;
#867 = CARTESIAN_POINT ( 'NONE',  ( 0.06003131717443462717, 0.02000000000000000042, 0.7330832898901309402 ) ) ;
#868 = SURFACE_SIDE_STYLE ('',( #2026 ) ) ;
#869 = COLOUR_RGB ( '',0.06666666666666666574, 0.06666666666666666574, 0.06666666666666666574 ) ;
#870 = FILL_AREA_STYLE ('',( #267 ) ) ;
#871 = VECTOR ( 'NONE', #1535, 100.0000000000000142 ) ;
#872 = CARTESIAN_POINT ( 'NONE',  ( 0.1000000000000000056, -0.1000000000000000888, 0.8500000000000000888 ) ) ;
#873 = VERTEX_POINT ( 'NONE', #867 ) ;
#874 = FILL_AREA_STYLE_COLOUR ( '', #864 ) ;
#875 = ORIENTED_EDGE ( 'NONE', *, *, #354, .T. ) ;
#876 = STYLED_ITEM ( 'NONE', ( #1163 ), #2020 ) ;
#877 = DIRECTION ( 'NONE',  ( 0.0000000000000000000, -0.0000000000000000000, -1.000000000000000000 ) ) ;
#878 = CARTESIAN_POINT ( 'NONE',  ( -0.1000000000000000056, 0.1000000000000000056, 0.7399999999999999911 ) ) ;
#879 = DIRECTION ( 'NONE',  ( -0.0000000000000000000, 1.000000000000000000, 0.0000000000000000000 ) ) ;
#880 = EDGE_CURVE ( 'NONE', #587, #1352, #1500, .T. ) ;
#881 = LINE ( 'NONE', #1857, #565 ) ;
#882 = ORIENTED_EDGE ( 'NONE', *, *, #610, .T. ) ;
#883 = DIRECTION ( 'NONE',  ( 0.7071067811865490160, 0.0000000000000000000, 0.7071067811865460184 ) ) ;
#884 = ORIENTED_EDGE ( 'NONE', *, *, #1075, .F. ) ;
#885 = APPLICATION_PROTOCOL_DEFINITION ( 'draft international standard', 'automotive_design', 1998, #2073 ) ;
#886 = ORIENTED_EDGE ( 'NONE', *, *, #166, .F. ) ;
#887 = CARTESIAN_POINT ( 'NONE',  ( -0.04999999999999998890, -0.04999999999999998890, 0.8000000000000000444 ) ) ;
#888 = PRESENTATION_STYLE_ASSIGNMENT (( #1690 ) ) ;
#889 = ORIENTED_EDGE ( 'NONE', *, *, #650, .T. ) ;
#890 = ADVANCED_FACE ( 'NONE', ( #56 ), #712, .T. ) ;
#891 = ORIENTED_EDGE ( 'NONE', *, *, #1867, .T. ) ;
#892 = CARTESIAN_POINT ( 'NONE',  ( 0.03244696269377490144, -0.02000000000000000042, 0.08882838487625117907 ) ) ;
#893 = VERTEX_POINT ( 'NONE', #807 ) ;
#894 = VECTOR ( 'NONE', #1791, 100.0000000000000000 ) ;
#895 = CARTESIAN_POINT ( 'NONE',  ( 0.1000000000000000056, 0.0000000000000000000, 0.0000000000000000000 ) ) ;
#896 = MECHANICAL_DESIGN_GEOMETRIC_PRESENTATION_REPRESENTATION (  '', ( #81 ), #963 ) ;
#897 = CARTESIAN_POINT ( 'NONE',  ( 6.071532165918820208E-18, 0.02000000000000000042, 0.02843064381840689978 ) ) ;
#898 = DIRECTION ( 'NONE',  ( -1.000000000000000000, 0.0000000000000000000, -0.0000000000000000000 ) ) ;
#899 = AXIS2_PLACEMENT_3D ( 'NONE', #358, #1165, #1820 ) ;
#900 = VECTOR ( 'NONE', #969, 100.0000000000000000 ) ;
#901 =( GEOMETRIC_REPRESENTATION_CONTEXT ( 3 ) GLOBAL_UNCERTAINTY_ASSIGNED_CONTEXT ( ( #652 ) ) GLOBAL_UNIT_ASSIGNED_CONTEXT ( ( #1799, #33, #345 ) ) REPRESENTATION_CONTEXT ( 'NONE', 'WORKASPACE' ) );
#902 = DIRECTION ( 'NONE',  ( 0.0000000000000000000, 0.0000000000000000000, 1.000000000000000000 ) ) ;
#903 = EDGE_CURVE ( 'NONE', #422, #1528, #1245, .T. ) ;
#904 = PRESENTATION_LAYER_ASSIGNMENT (  '', '', ( #1339 ) ) ;
#905 = UNCERTAINTY_MEASURE_WITH_UNIT (LENGTH_MEASURE( 1.000000000000000082E-05 ), #941, 'distance_accuracy_value', 'NONE');
#906 = ITEM_DEFINED_TRANSFORMATION ( 'NONE', 'NONE', #1105,  #411 ) ;
#907 = CARTESIAN_POINT ( 'NONE',  ( 0.0000000000000000000, -0.05000000000000000278, 0.7399999999999999911 ) ) ;
#908 = ORIENTED_EDGE ( 'NONE', *, *, #255, .T. ) ;
#909 = PRESENTATION_STYLE_ASSIGNMENT (( #1278 ) ) ;
#910 = DIRECTION ( 'NONE',  ( 1.658928450709476921E-64, -7.979599084288239752E-33, -1.000000000000000000 ) ) ;
#911 = PRESENTATION_LAYER_ASSIGNMENT (  '', '', ( #644 ) ) ;
#912 =( GEOMETRIC_REPRESENTATION_CONTEXT ( 3 ) GLOBAL_UNCERTAINTY_ASSIGNED_CONTEXT ( ( #357 ) ) GLOBAL_UNIT_ASSIGNED_CONTEXT ( ( #1207, #1997, #1529 ) ) REPRESENTATION_CONTEXT ( 'NONE', 'WORKASPACE' ) );
#913 = CARTESIAN_POINT ( 'NONE',  ( -0.1270000000000000018, 0.0000000000000000000, 0.8500000000000000888 ) ) ;
#914 = FACE_OUTER_BOUND ( 'NONE', #1766, .T. ) ;
#915 = DIRECTION ( 'NONE',  ( 0.0000000000000000000, 1.000000000000000000, 0.0000000000000000000 ) ) ;
#916 = ORIENTED_EDGE ( 'NONE', *, *, #2037, .F. ) ;
#917 = CONTEXT_DEPENDENT_SHAPE_REPRESENTATION ( #124, #1716 ) ;
#918 = FILL_AREA_STYLE_COLOUR ( '', #293 ) ;
#919 = ADVANCED_FACE ( 'NONE', ( #947 ), #940, .T. ) ;
#920 = CARTESIAN_POINT ( 'NONE',  ( 9.462128050782550710E-19, 0.07499999999999999722, 0.8250000000000000666 ) ) ;
#921 =( NAMED_UNIT ( * ) SI_UNIT ( $, .STERADIAN. ) SOLID_ANGLE_UNIT ( ) );
#922 =( NAMED_UNIT ( * ) PLANE_ANGLE_UNIT ( ) SI_UNIT ( $, .RADIAN. ) );
#923 = LINE ( 'NONE', #322, #433 ) ;
#924 = ORIENTED_EDGE ( 'NONE', *, *, #408, .T. ) ;
#925 = DIRECTION ( 'NONE',  ( 0.0000000000000000000, 0.0000000000000000000, 1.000000000000000000 ) ) ;
#926 = EDGE_CURVE ( 'NONE', #983, #1851, #607, .T. ) ;
#927 = COLOUR_RGB ( '',0.1019607843137254888, 0.1019607843137254888, 0.1019607843137254888 ) ;
#928 = CARTESIAN_POINT ( 'NONE',  ( 0.0000000000000000000, 0.05000000000000000278, 0.8500000000000000888 ) ) ;
#929 = FACE_OUTER_BOUND ( 'NONE', #233, .T. ) ;
#930 = PRESENTATION_LAYER_ASSIGNMENT (  '', '', ( #598 ) ) ;
#931 = PRESENTATION_LAYER_ASSIGNMENT (  '', '', ( #1776 ) ) ;
#932 = COLOUR_RGB ( '',0.8666666666666666963, 0.7725490196078431682, 0.2156862745098039325 ) ;
#933 = VERTEX_POINT ( 'NONE', #140 ) ;
#934 =( GEOMETRIC_REPRESENTATION_CONTEXT ( 3 ) GLOBAL_UNCERTAINTY_ASSIGNED_CONTEXT ( ( #764 ) ) GLOBAL_UNIT_ASSIGNED_CONTEXT ( ( #752, #1691, #1173 ) ) REPRESENTATION_CONTEXT ( 'NONE', 'WORKASPACE' ) );
#935 = COLOUR_RGB ( '',0.05882352941176470507, 0.05882352941176470507, 0.05882352941176470507 ) ;
#936 = SURFACE_SIDE_STYLE ('',( #1751 ) ) ;
#937 = AXIS2_PLACEMENT_3D ( 'NONE', #1070, #114, #608 ) ;
#938 = PRESENTATION_LAYER_ASSIGNMENT (  '', '', ( #703 ) ) ;
#939 = LINE ( 'NONE', #1577, #2052 ) ;
#940 = PLANE ( 'NONE',  #192 ) ;
#941 =( LENGTH_UNIT ( ) NAMED_UNIT ( * ) SI_UNIT ( .CENTI., .METRE. ) );
#942 = FILL_AREA_STYLE_COLOUR ( '', #2015 ) ;
#943 = PLANE ( 'NONE',  #373 ) ;
#944 =( GEOMETRIC_REPRESENTATION_CONTEXT ( 3 ) GLOBAL_UNCERTAINTY_ASSIGNED_CONTEXT ( ( #1317 ) ) GLOBAL_UNIT_ASSIGNED_CONTEXT ( ( #1315, #1144, #1802 ) ) REPRESENTATION_CONTEXT ( 'NONE', 'WORKASPACE' ) );
#945 = LINE ( 'NONE', #142, #1600 ) ;
#946 = ORIENTED_EDGE ( 'NONE', *, *, #232, .F. ) ;
#947 = FACE_OUTER_BOUND ( 'NONE', #1206, .T. ) ;
#948 = FILL_AREA_STYLE_COLOUR ( '', #1639 ) ;
#949 = SURFACE_SIDE_STYLE ('',( #1758 ) ) ;
#950 = ORIENTED_EDGE ( 'NONE', *, *, #1484, .T. ) ;
#951 = EDGE_CURVE ( 'NONE', #1895, #30, #1604, .T. ) ;
#952 = PRODUCT_DEFINITION_SHAPE ( 'NONE', 'NONE',  #2102 ) ;
#953 = CARTESIAN_POINT ( 'NONE',  ( -0.08509588200079723497, -0.02000000000000000042, 0.7912825582816289671 ) ) ;
#954 = CARTESIAN_POINT ( 'NONE',  ( 0.05000000000000000278, 0.0000000000000000000, 0.7399999999999999911 ) ) ;
#955 = SURFACE_STYLE_USAGE ( .BOTH. , #1599 ) ;
#956 = CIRCLE ( 'NONE', #626, 0.01000000000000028644 ) ;
#957 = DIRECTION ( 'NONE',  ( 0.0000000000000000000, -1.000000000000000000, -0.0000000000000000000 ) ) ;
#958 = VECTOR ( 'NONE', #1989, 100.0000000000000000 ) ;
#959 = ORIENTED_EDGE ( 'NONE', *, *, #926, .T. ) ;
#960 = DIRECTION ( 'NONE',  ( 0.0000000000000000000, -0.0000000000000000000, 1.000000000000000000 ) ) ;
#961 = EDGE_CURVE ( 'NONE', #143, #136, #1554, .T. ) ;
#962 = PRESENTATION_LAYER_ASSIGNMENT (  '', '', ( #2059 ) ) ;
#963 =( GEOMETRIC_REPRESENTATION_CONTEXT ( 3 ) GLOBAL_UNCERTAINTY_ASSIGNED_CONTEXT ( ( #588 ) ) GLOBAL_UNIT_ASSIGNED_CONTEXT ( ( #1938, #640, #1401 ) ) REPRESENTATION_CONTEXT ( 'NONE', 'WORKASPACE' ) );
#964 = VECTOR ( 'NONE', #55, 100.0000000000000000 ) ;
#965 = FILL_AREA_STYLE ('',( #1313 ) ) ;
#966 = SHAPE_REPRESENTATION ( 'SIL_Socket_Body', ( #411 ), #1578 ) ;
#967 = CIRCLE ( 'NONE', #841, 0.2547114388012230446 ) ;
#968 = FILL_AREA_STYLE ('',( #167 ) ) ;
#969 = DIRECTION ( 'NONE',  ( -0.0000000000000000000, -0.0000000000000000000, -1.000000000000000000 ) ) ;
#970 = FACE_OUTER_BOUND ( 'NONE', #541, .T. ) ;
#971 = PRODUCT_DEFINITION_SHAPE ( 'NONE', 'NONE',  #2091 ) ;
#972 = DIRECTION ( 'NONE',  ( 1.658928450709476921E-64, -7.979599084288239752E-33, -1.000000000000000000 ) ) ;
#973 = VERTEX_POINT ( 'NONE', #2075 ) ;
#974 = STYLED_ITEM ( 'NONE', ( #683 ), #2081 ) ;
#975 = CARTESIAN_POINT ( 'NONE',  ( -0.1042803458142280149, -0.02000000000000000042, 0.4380777440661250410 ) ) ;
#976 = DIRECTION ( 'NONE',  ( 1.000000000000000000, 0.0000000000000000000, 0.0000000000000000000 ) ) ;
#977 = DIRECTION ( 'NONE',  ( 0.0000000000000000000, 1.000000000000000000, 0.0000000000000000000 ) ) ;
#978 = ADVANCED_FACE ( 'NONE', ( #1396 ), #1588, .T. ) ;
#979 = LINE ( 'NONE', #1117, #466 ) ;
#980 = CARTESIAN_POINT ( 'NONE',  ( 0.1042803458142281675, 0.02000000000000000042, 0.7873271032559990834 ) ) ;
#981 = DIRECTION ( 'NONE',  ( 0.0000000000000000000, 1.000000000000000000, 0.0000000000000000000 ) ) ;
#982 = DIRECTION ( 'NONE',  ( 0.0000000000000000000, 0.0000000000000000000, 1.000000000000000000 ) ) ;
#983 = VERTEX_POINT ( 'NONE', #799 ) ;
#984 = UNCERTAINTY_MEASURE_WITH_UNIT (LENGTH_MEASURE( 1.000000000000000082E-05 ), #1123, 'distance_accuracy_value', 'NONE');
#985 = CARTESIAN_POINT ( 'NONE',  ( -0.03244696269377490144, -0.02000000000000000042, -0.4391551009237280034 ) ) ;
#986 = CARTESIAN_POINT ( 'NONE',  ( -0.08509588200079717946, -0.02000000000000000042, 0.7912825582816288561 ) ) ;
#987 =( LENGTH_UNIT ( ) NAMED_UNIT ( * ) SI_UNIT ( .CENTI., .METRE. ) );
#988 = ORIENTED_EDGE ( 'NONE', *, *, #255, .F. ) ;
#989 = DIRECTION ( 'NONE',  ( -1.000000000000000000, -0.0000000000000000000, 0.0000000000000000000 ) ) ;
#990 = CARTESIAN_POINT ( 'NONE',  ( 0.09428034581422810312, 0.02000000000000000042, 0.7873271032559990834 ) ) ;
#991 = SURFACE_STYLE_FILL_AREA ( #1132 ) ;
#992 = ADVANCED_FACE ( 'NONE', ( #1255 ), #471, .T. ) ;
#993 = CARTESIAN_POINT ( 'NONE',  ( -0.02130000000000021460, -0.02000000000000000042, -1.045954227447509988 ) ) ;
#994 = ORIENTED_EDGE ( 'NONE', *, *, #366, .T. ) ;
#995 = PRESENTATION_LAYER_ASSIGNMENT (  '', '', ( #734 ) ) ;
#996 = PRESENTATION_STYLE_ASSIGNMENT (( #349 ) ) ;
#997 = CIRCLE ( 'NONE', #695, 0.009999999999999939493 ) ;
#998 = CARTESIAN_POINT ( 'NONE',  ( 1.016000000000000014, 0.0000000000000000000, 0.0000000000000000000 ) ) ;
#999 = CARTESIAN_POINT ( 'NONE',  ( 0.0000000000000000000, 0.1270000000000000018, 0.0000000000000000000 ) ) ;
#1000 = STYLED_ITEM ( 'NONE', ( #2040 ), #1834 ) ;
#1001 = PRESENTATION_LAYER_ASSIGNMENT (  '', '', ( #1920 ) ) ;
#1002 = PRESENTATION_LAYER_ASSIGNMENT (  '', '', ( #502 ) ) ;
#1003 = EDGE_LOOP ( 'NONE', ( #834, #1376, #36, #222 ) ) ;
#1004 = EDGE_CURVE ( 'NONE', #1982, #1833, #299, .T. ) ;
#1005 =( NAMED_UNIT ( * ) PLANE_ANGLE_UNIT ( ) SI_UNIT ( $, .RADIAN. ) );
#1006 =( GEOMETRIC_REPRESENTATION_CONTEXT ( 3 ) GLOBAL_UNCERTAINTY_ASSIGNED_CONTEXT ( ( #401 ) ) GLOBAL_UNIT_ASSIGNED_CONTEXT ( ( #1487, #2001, #1180 ) ) REPRESENTATION_CONTEXT ( 'NONE', 'WORKASPACE' ) );
#1007 = CARTESIAN_POINT ( 'NONE',  ( 1.778000000000000025, 0.0000000000000000000, 0.0000000000000000000 ) ) ;
#1008 = AXIS2_PLACEMENT_3D ( 'NONE', #1975, #520, #1813 ) ;
#1009 = LINE ( 'NONE', #535, #958 ) ;
#1010 = AXIS2_PLACEMENT_3D ( 'NONE', #1483, #664, #1477 ) ;
#1011 = DIRECTION ( 'NONE',  ( 0.0000000000000000000, 0.0000000000000000000, -1.000000000000000000 ) ) ;
#1012 = LINE ( 'NONE', #1463, #1928 ) ;
#1013 = FILL_AREA_STYLE ('',( #1805 ) ) ;
#1014 = VERTEX_POINT ( 'NONE', #478 ) ;
#1015 = EDGE_CURVE ( 'NONE', #1017, #1261, #133, .T. ) ;
#1016 = CARTESIAN_POINT ( 'NONE',  ( 0.7620000000000000107, 0.0000000000000000000, 0.0000000000000000000 ) ) ;
#1017 = VERTEX_POINT ( 'NONE', #2066 ) ;
#1018 = UNCERTAINTY_MEASURE_WITH_UNIT (LENGTH_MEASURE( 1.000000000000000082E-05 ), #397, 'distance_accuracy_value', 'NONE');
#1019 = FILL_AREA_STYLE ('',( #1865 ) ) ;
#1020 = CARTESIAN_POINT ( 'NONE',  ( 0.06003131717443468962, -0.02000000000000000042, 0.7330832898901310513 ) ) ;
#1021 = PRESENTATION_STYLE_ASSIGNMENT (( #675 ) ) ;
#1022 = ORIENTED_EDGE ( 'NONE', *, *, #176, .F. ) ;
#1023 = APPLICATION_CONTEXT ( 'automotive_design' ) ;
#1024 = PRESENTATION_STYLE_ASSIGNMENT (( #389 ) ) ;
#1025 = ORIENTED_EDGE ( 'NONE', *, *, #1896, .T. ) ;
#1026 = STYLED_ITEM ( 'NONE', ( #585 ), #22 ) ;
#1027 = CONTEXT_DEPENDENT_SHAPE_REPRESENTATION ( #277, #4 ) ;
#1028 = EDGE_CURVE ( 'NONE', #1659, #1169, #1755, .T. ) ;
#1029 = LINE ( 'NONE', #1823, #1880 ) ;
#1030 = ORIENTED_EDGE ( 'NONE', *, *, #614, .T. ) ;
#1031 = PRESENTATION_LAYER_ASSIGNMENT (  '', '', ( #1917 ) ) ;
#1032 = PRESENTATION_LAYER_ASSIGNMENT (  '', '', ( #1955 ) ) ;
#1033 = SURFACE_STYLE_USAGE ( .BOTH. , #243 ) ;
#1034 = ORIENTED_EDGE ( 'NONE', *, *, #677, .T. ) ;
#1035 = COLOUR_RGB ( '',0.06666666666666666574, 0.06666666666666666574, 0.06666666666666666574 ) ;
#1036 = EDGE_LOOP ( 'NONE', ( #49, #852, #1739, #621 ) ) ;
#1037 = SURFACE_SIDE_STYLE ('',( #406 ) ) ;
#1038 = ORIENTED_EDGE ( 'NONE', *, *, #1552, .F. ) ;
#1039 = CARTESIAN_POINT ( 'NONE',  ( -0.1270000000000000018, 0.1270000000000000018, 0.8500000000000000888 ) ) ;
#1040 =( NAMED_UNIT ( * ) SI_UNIT ( $, .STERADIAN. ) SOLID_ANGLE_UNIT ( ) );
#1041 = MECHANICAL_DESIGN_GEOMETRIC_PRESENTATION_REPRESENTATION (  '', ( #644 ), #1613 ) ;
#1042 = EDGE_CURVE ( 'NONE', #20, #2086, #104, .T. ) ;
#1043 =( NAMED_UNIT ( * ) SI_UNIT ( $, .STERADIAN. ) SOLID_ANGLE_UNIT ( ) );
#1044 = ORIENTED_EDGE ( 'NONE', *, *, #1743, .F. ) ;
#1045 = ORIENTED_EDGE ( 'NONE', *, *, #1113, .F. ) ;
#1046 = SHAPE_DEFINITION_REPRESENTATION ( #656, #548 ) ;
#1047 = CARTESIAN_POINT ( 'NONE',  ( -0.03244696269377490144, -0.02000000000000000042, -0.4391551009237280034 ) ) ;
#1048 = VERTEX_POINT ( 'NONE', #1890 ) ;
#1049 = EDGE_CURVE ( 'NONE', #1982, #143, #1713, .T. ) ;
#1050 = LINE ( 'NONE', #1700, #334 ) ;
#1051 = ORIENTED_EDGE ( 'NONE', *, *, #1754, .F. ) ;
#1052 = SURFACE_STYLE_FILL_AREA ( #2031 ) ;
#1053 = ORIENTED_EDGE ( 'NONE', *, *, #1632, .T. ) ;
#1054 = ORIENTED_EDGE ( 'NONE', *, *, #429, .T. ) ;
#1055 =( GEOMETRIC_REPRESENTATION_CONTEXT ( 3 ) GLOBAL_UNCERTAINTY_ASSIGNED_CONTEXT ( ( #292 ) ) GLOBAL_UNIT_ASSIGNED_CONTEXT ( ( #1201, #477, #2074 ) ) REPRESENTATION_CONTEXT ( 'NONE', 'WORKASPACE' ) );
#1056 = DIRECTION ( 'NONE',  ( 0.0000000000000000000, -1.000000000000000000, 0.0000000000000000000 ) ) ;
#1057 = CARTESIAN_POINT ( 'NONE',  ( 0.1270000000000000018, 0.0000000000000000000, 0.8500000000000000888 ) ) ;
#1058 = PRESENTATION_LAYER_ASSIGNMENT (  '', '', ( #522 ) ) ;
#1059 = AXIS2_PLACEMENT_3D ( 'NONE', #897, #751, #1211 ) ;
#1060 = CARTESIAN_POINT ( 'NONE',  ( -0.05000000000000000278, 0.05000000000000000278, 0.7399999999999999911 ) ) ;
#1061 = MECHANICAL_DESIGN_GEOMETRIC_PRESENTATION_REPRESENTATION (  '', ( #1259 ), #1296 ) ;
#1062 = STYLED_ITEM ( 'NONE', ( #458 ), #714 ) ;
#1063 =( GEOMETRIC_REPRESENTATION_CONTEXT ( 3 ) GLOBAL_UNCERTAINTY_ASSIGNED_CONTEXT ( ( #1550 ) ) GLOBAL_UNIT_ASSIGNED_CONTEXT ( ( #1460, #1948, #14 ) ) REPRESENTATION_CONTEXT ( 'NONE', 'WORKASPACE' ) );
#1064 = CARTESIAN_POINT ( 'NONE',  ( 0.0000000000000000000, 0.1000000000000000056, 0.7399999999999999911 ) ) ;
#1065 = ORIENTED_EDGE ( 'NONE', *, *, #1932, .T. ) ;
#1066 = MECHANICAL_DESIGN_GEOMETRIC_PRESENTATION_REPRESENTATION (  '', ( #502 ), #1406 ) ;
#1067 = EDGE_CURVE ( 'NONE', #1895, #1014, #266, .T. ) ;
#1068 = DIRECTION ( 'NONE',  ( -1.000000000000000000, -2.078962154847970352E-32, 0.0000000000000000000 ) ) ;
#1069 = AXIS2_PLACEMENT_3D ( 'NONE', #37, #1626, #534 ) ;
#1070 = CARTESIAN_POINT ( 'NONE',  ( -0.09428034581422810312, -0.02000000000000000042, 0.7873271032559990834 ) ) ;
#1071 = CARTESIAN_POINT ( 'NONE',  ( 0.06836365425400149631, -0.02000000000000000042, 0.08882838487625120683 ) ) ;
#1072 = PRESENTATION_STYLE_ASSIGNMENT (( #1693 ) ) ;
#1073 = ORIENTED_EDGE ( 'NONE', *, *, #1542, .F. ) ;
#1074 = DIRECTION ( 'NONE',  ( 0.0000000000000000000, 1.000000000000000000, 0.0000000000000000000 ) ) ;
#1075 = EDGE_CURVE ( 'NONE', #1048, #1393, #1263, .T. ) ;
#1076 = FACE_BOUND ( 'NONE', #238, .T. ) ;
#1077 = LINE ( 'NONE', #1219, #1122 ) ;
#1078 = SURFACE_STYLE_FILL_AREA ( #285 ) ;
#1079 = DIRECTION ( 'NONE',  ( 0.0000000000000000000, 0.0000000000000000000, 1.000000000000000000 ) ) ;
#1080 = SURFACE_STYLE_FILL_AREA ( #1773 ) ;
#1081 = FACE_OUTER_BOUND ( 'NONE', #392, .T. ) ;
#1082 = EDGE_LOOP ( 'NONE', ( #487, #860, #1423, #1608 ) ) ;
#1083 = UNCERTAINTY_MEASURE_WITH_UNIT (LENGTH_MEASURE( 1.000000000000000082E-05 ), #1382, 'distance_accuracy_value', 'NONE');
#1084 = FACE_OUTER_BOUND ( 'NONE', #512, .T. ) ;
#1085 =( NAMED_UNIT ( * ) PLANE_ANGLE_UNIT ( ) SI_UNIT ( $, .RADIAN. ) );
#1086 = AXIS2_PLACEMENT_3D ( 'NONE', #592, #122, #1244 ) ;
#1087 = AXIS2_PLACEMENT_3D ( 'NONE', #147, #977, #1642 ) ;
#1088 = DIRECTION ( 'NONE',  ( 1.000000000000000000, 0.0000000000000000000, -0.0000000000000000000 ) ) ;
#1089 = PRESENTATION_STYLE_ASSIGNMENT (( #1225 ) ) ;
#1090 = PRESENTATION_LAYER_ASSIGNMENT (  '', '', ( #2017 ) ) ;
#1091 = MECHANICAL_DESIGN_GEOMETRIC_PRESENTATION_REPRESENTATION (  '', ( #1094 ), #365 ) ;
#1092 = CARTESIAN_POINT ( 'NONE',  ( 6.071532165918820208E-18, 0.02000000000000000042, 0.08882838487625120683 ) ) ;
#1093 = ORIENTED_EDGE ( 'NONE', *, *, #408, .F. ) ;
#1094 = STYLED_ITEM ( 'NONE', ( #2011 ), #890 ) ;
#1095 = DIRECTION ( 'NONE',  ( 1.000000000000000000, 0.0000000000000000000, -0.0000000000000000000 ) ) ;
#1096 = PRESENTATION_LAYER_ASSIGNMENT (  '', '', ( #1498 ) ) ;
#1097 = FILL_AREA_STYLE ('',( #438 ) ) ;
#1098 =( NAMED_UNIT ( * ) SI_UNIT ( $, .STERADIAN. ) SOLID_ANGLE_UNIT ( ) );
#1099 = PRODUCT_DEFINITION_SHAPE ( 'NONE', 'NONE',  #2093 ) ;
#1100 = CARTESIAN_POINT ( 'NONE',  ( 0.1270000000000000018, 0.0000000000000000000, 0.8500000000000000888 ) ) ;
#1101 =( NAMED_UNIT ( * ) PLANE_ANGLE_UNIT ( ) SI_UNIT ( $, .RADIAN. ) );
#1102 = LINE ( 'NONE', #459, #812 ) ;
#1103 = EDGE_CURVE ( 'NONE', #30, #933, #1712, .T. ) ;
#1104 = CARTESIAN_POINT ( 'NONE',  ( 0.08509588200079712395, -0.02000000000000000042, 0.7912825582816289671 ) ) ;
#1105 = AXIS2_PLACEMENT_3D ( 'NONE', #1790, #26, #340 ) ;
#1106 = ORIENTED_EDGE ( 'NONE', *, *, #1730, .T. ) ;
#1107 = UNCERTAINTY_MEASURE_WITH_UNIT (LENGTH_MEASURE( 1.000000000000000082E-05 ), #185, 'distance_accuracy_value', 'NONE');
#1108 = SURFACE_SIDE_STYLE ('',( #1788 ) ) ;
#1109 = PRESENTATION_STYLE_ASSIGNMENT (( #1794 ) ) ;
#1110 = SURFACE_STYLE_FILL_AREA ( #612 ) ;
#1111 = DIRECTION ( 'NONE',  ( 0.0000000000000000000, 0.0000000000000000000, 1.000000000000000000 ) ) ;
#1112 = ADVANCED_BREP_SHAPE_REPRESENTATION ( '', ( #484, #411 ), #1578 ) ;
#1113 = EDGE_CURVE ( 'NONE', #280, #1694, #1565, .T. ) ;
#1114 = CARTESIAN_POINT ( 'NONE',  ( 0.08509588200079713782, -0.02000000000000000042, 0.7912825582816289671 ) ) ;
#1115 = DIRECTION ( 'NONE',  ( 0.0000000000000000000, 0.0000000000000000000, 1.000000000000000000 ) ) ;
#1116 = CARTESIAN_POINT ( 'NONE',  ( 0.06003131717443468962, 0.02000000000000000042, 0.7330832898901310513 ) ) ;
#1117 = CARTESIAN_POINT ( 'NONE',  ( -0.1000000000000000056, -0.1000000000000000056, 0.0000000000000000000 ) ) ;
#1118 = CARTESIAN_POINT ( 'NONE',  ( -0.07256359958761600393, -0.02000000000000000042, 0.7621829240858799537 ) ) ;
#1119 = FILL_AREA_STYLE_COLOUR ( '', #869 ) ;
#1120 = ORIENTED_EDGE ( 'NONE', *, *, #1250, .F. ) ;
#1121 = UNCERTAINTY_MEASURE_WITH_UNIT (LENGTH_MEASURE( 1.000000000000000082E-05 ), #460, 'distance_accuracy_value', 'NONE');
#1122 = VECTOR ( 'NONE', #2062, 100.0000000000000000 ) ;
#1123 =( LENGTH_UNIT ( ) NAMED_UNIT ( * ) SI_UNIT ( .CENTI., .METRE. ) );
#1124 = PRESENTATION_LAYER_ASSIGNMENT (  '', '', ( #16 ) ) ;
#1125 = PRESENTATION_LAYER_ASSIGNMENT (  '', '', ( #1062 ) ) ;
#1126 =( REPRESENTATION_RELATIONSHIP ('NONE','NONE', #548, #966 ) REPRESENTATION_RELATIONSHIP_WITH_TRANSFORMATION ( #1670 )SHAPE_REPRESENTATION_RELATIONSHIP( ) );
#1127 = DIRECTION ( 'NONE',  ( 0.0000000000000000000, 0.0000000000000000000, 1.000000000000000000 ) ) ;
#1128 = MECHANICAL_DESIGN_GEOMETRIC_PRESENTATION_REPRESENTATION (  '', ( #402 ), #154 ) ;
#1129 = VECTOR ( 'NONE', #1587, 100.0000000000000000 ) ;
#1130 = LINE ( 'NONE', #648, #1470 ) ;
#1131 = DIRECTION ( 'NONE',  ( 0.0000000000000000000, -1.000000000000000000, -0.0000000000000000000 ) ) ;
#1132 = FILL_AREA_STYLE ('',( #1323 ) ) ;
#1133 = CARTESIAN_POINT ( 'NONE',  ( -0.05000000000000000278, 0.0000000000000000000, 0.8500000000000000888 ) ) ;
#1134 = ORIENTED_EDGE ( 'NONE', *, *, #1049, .T. ) ;
#1135 = MECHANICAL_DESIGN_GEOMETRIC_PRESENTATION_REPRESENTATION (  '', ( #1410 ), #1444 ) ;
#1136 = FILL_AREA_STYLE_COLOUR ( '', #120 ) ;
#1137 = AXIS2_PLACEMENT_3D ( 'NONE', #1167, #1127, #210 ) ;
#1138 = DIRECTION ( 'NONE',  ( 0.0000000000000000000, 1.000000000000000000, 0.0000000000000000000 ) ) ;
#1139 = EDGE_CURVE ( 'NONE', #843, #1985, #979, .T. ) ;
#1140 = SURFACE_STYLE_USAGE ( .BOTH. , #806 ) ;
#1141 = ORIENTED_EDGE ( 'NONE', *, *, #329, .F. ) ;
#1142 = DIRECTION ( 'NONE',  ( 0.0000000000000000000, 1.000000000000000000, 0.0000000000000000000 ) ) ;
#1143 = PLANE ( 'NONE',  #150 ) ;
#1144 =( NAMED_UNIT ( * ) PLANE_ANGLE_UNIT ( ) SI_UNIT ( $, .RADIAN. ) );
#1145 = LINE ( 'NONE', #1324, #226 ) ;
#1146 = ORIENTED_EDGE ( 'NONE', *, *, #1618, .F. ) ;
#1147 = PLANE ( 'NONE',  #1399 ) ;
#1148 = DIRECTION ( 'NONE',  ( 1.000000000000000000, 0.0000000000000000000, 0.0000000000000000000 ) ) ;
#1149 = FILL_AREA_STYLE ('',( #183 ) ) ;
#1150 = SURFACE_STYLE_USAGE ( .BOTH. , #27 ) ;
#1151 =( NAMED_UNIT ( * ) PLANE_ANGLE_UNIT ( ) SI_UNIT ( $, .RADIAN. ) );
#1152 = CARTESIAN_POINT ( 'NONE',  ( -0.04999999999999991257, 0.0000000000000000000, 0.8000000000000000444 ) ) ;
#1153 = VERTEX_POINT ( 'NONE', #850 ) ;
#1154 =( GEOMETRIC_REPRESENTATION_CONTEXT ( 3 ) GLOBAL_UNCERTAINTY_ASSIGNED_CONTEXT ( ( #272 ) ) GLOBAL_UNIT_ASSIGNED_CONTEXT ( ( #72, #622, #2045 ) ) REPRESENTATION_CONTEXT ( 'NONE', 'WORKASPACE' ) );
#1155 = DIRECTION ( 'NONE',  ( 1.000000000000000000, 0.0000000000000000000, 0.0000000000000000000 ) ) ;
#1156 = CARTESIAN_POINT ( 'NONE',  ( 0.0000000000000000000, 0.0000000000000000000, 0.0000000000000000000 ) ) ;
#1157 =( LENGTH_UNIT ( ) NAMED_UNIT ( * ) SI_UNIT ( .CENTI., .METRE. ) );
#1158 = AXIS2_PLACEMENT_3D ( 'NONE', #717, #1519, #883 ) ;
#1159 = COLOUR_RGB ( '',0.8666666666666666963, 0.7725490196078431682, 0.2156862745098039325 ) ;
#1160 = AXIS2_PLACEMENT_3D ( 'NONE', #1970, #1772, #514 ) ;
#1161 = DIRECTION ( 'NONE',  ( 0.0000000000000000000, 0.0000000000000000000, 1.000000000000000000 ) ) ;
#1162 = DIRECTION ( 'NONE',  ( 0.0000000000000000000, 0.0000000000000000000, 1.000000000000000000 ) ) ;
#1163 = PRESENTATION_STYLE_ASSIGNMENT (( #669 ) ) ;
#1164 =( GEOMETRIC_REPRESENTATION_CONTEXT ( 3 ) GLOBAL_UNCERTAINTY_ASSIGNED_CONTEXT ( ( #1826 ) ) GLOBAL_UNIT_ASSIGNED_CONTEXT ( ( #1967, #676, #10 ) ) REPRESENTATION_CONTEXT ( 'NONE', 'WORKASPACE' ) );
#1165 = DIRECTION ( 'NONE',  ( -0.0000000000000000000, 1.000000000000000000, 0.0000000000000000000 ) ) ;
#1166 = VERTEX_POINT ( 'NONE', #498 ) ;
#1167 = CARTESIAN_POINT ( 'NONE',  ( 0.2540000000000000036, 0.0000000000000000000, 0.0000000000000000000 ) ) ;
#1168 = FILL_AREA_STYLE_COLOUR ( '', #1804 ) ;
#1169 = VERTEX_POINT ( 'NONE', #827 ) ;
#1170 =( NAMED_UNIT ( * ) PLANE_ANGLE_UNIT ( ) SI_UNIT ( $, .RADIAN. ) );
#1171 = FACE_OUTER_BOUND ( 'NONE', #1717, .T. ) ;
#1172 = FILL_AREA_STYLE_COLOUR ( '', #341 ) ;
#1173 =( NAMED_UNIT ( * ) SI_UNIT ( $, .STERADIAN. ) SOLID_ANGLE_UNIT ( ) );
#1174 = DIRECTION ( 'NONE',  ( -0.0000000000000000000, -1.000000000000000000, -0.0000000000000000000 ) ) ;
#1175 = EDGE_LOOP ( 'NONE', ( #613, #1248, #946, #1999 ) ) ;
#1176 = SHAPE_DEFINITION_REPRESENTATION ( #1268, #1475 ) ;
#1177 = EDGE_LOOP ( 'NONE', ( #423, #1645, #1946, #2009 ) ) ;
#1178 = FILL_AREA_STYLE ('',( #722 ) ) ;
#1179 = CARTESIAN_POINT ( 'NONE',  ( 9.462128050782550710E-19, 0.04999999999999991257, 0.8000000000000000444 ) ) ;
#1180 =( NAMED_UNIT ( * ) SI_UNIT ( $, .STERADIAN. ) SOLID_ANGLE_UNIT ( ) );
#1181 = SURFACE_STYLE_USAGE ( .BOTH. , #1875 ) ;
#1182 = EDGE_LOOP ( 'NONE', ( #628, #328, #1994, #1792 ) ) ;
#1183 = LINE ( 'NONE', #1526, #776 ) ;
#1184 = EDGE_LOOP ( 'NONE', ( #756, #1870, #1784, #432 ) ) ;
#1185 = CONTEXT_DEPENDENT_SHAPE_REPRESENTATION ( #1523, #971 ) ;
#1186 = DIRECTION ( 'NONE',  ( 0.0000000000000000000, 0.0000000000000000000, 1.000000000000000000 ) ) ;
#1187 = EDGE_CURVE ( 'NONE', #1659, #1985, #1130, .T. ) ;
#1188 = ORIENTED_EDGE ( 'NONE', *, *, #1939, .T. ) ;
#1189 =( GEOMETRIC_REPRESENTATION_CONTEXT ( 3 ) GLOBAL_UNCERTAINTY_ASSIGNED_CONTEXT ( ( #1275 ) ) GLOBAL_UNIT_ASSIGNED_CONTEXT ( ( #825, #1451, #1945 ) ) REPRESENTATION_CONTEXT ( 'NONE', 'WORKASPACE' ) );
#1190 =( GEOMETRIC_REPRESENTATION_CONTEXT ( 3 ) GLOBAL_UNCERTAINTY_ASSIGNED_CONTEXT ( ( #1294 ) ) GLOBAL_UNIT_ASSIGNED_CONTEXT ( ( #2067, #1101, #609 ) ) REPRESENTATION_CONTEXT ( 'NONE', 'WORKASPACE' ) );
#1191 = DIRECTION ( 'NONE',  ( 1.000000000000000000, 0.0000000000000000000, 0.0000000000000000000 ) ) ;
#1192 =( NAMED_UNIT ( * ) PLANE_ANGLE_UNIT ( ) SI_UNIT ( $, .RADIAN. ) );
#1193 = SURFACE_STYLE_FILL_AREA ( #870 ) ;
#1194 = FACE_OUTER_BOUND ( 'NONE', #543, .T. ) ;
#1195 =( GEOMETRIC_REPRESENTATION_CONTEXT ( 3 ) GLOBAL_UNCERTAINTY_ASSIGNED_CONTEXT ( ( #8 ) ) GLOBAL_UNIT_ASSIGNED_CONTEXT ( ( #393, #1170, #1347 ) ) REPRESENTATION_CONTEXT ( 'NONE', 'WORKASPACE' ) );
#1196 = DIRECTION ( 'NONE',  ( 1.000000000000000000, 0.0000000000000000000, 0.0000000000000000000 ) ) ;
#1197 = ORIENTED_EDGE ( 'NONE', *, *, #582, .F. ) ;
#1198 = DIRECTION ( 'NONE',  ( -1.658928450709476921E-64, 7.979599084288239752E-33, 1.000000000000000000 ) ) ;
#1199 = EDGE_LOOP ( 'NONE', ( #1204, #209, #1786, #571 ) ) ;
#1200 = EDGE_CURVE ( 'NONE', #1344, #1328, #754, .T. ) ;
#1201 =( LENGTH_UNIT ( ) NAMED_UNIT ( * ) SI_UNIT ( .CENTI., .METRE. ) );
#1202 = PRESENTATION_STYLE_ASSIGNMENT (( #418 ) ) ;
#1203 = AXIS2_PLACEMENT_3D ( 'NONE', #686, #824, #1458 ) ;
#1204 = ORIENTED_EDGE ( 'NONE', *, *, #814, .F. ) ;
#1205 = LINE ( 'NONE', #1064, #632 ) ;
#1206 = EDGE_LOOP ( 'NONE', ( #1188, #1692, #2036, #988 ) ) ;
#1207 =( LENGTH_UNIT ( ) NAMED_UNIT ( * ) SI_UNIT ( .CENTI., .METRE. ) );
#1208 = ORIENTED_EDGE ( 'NONE', *, *, #1516, .T. ) ;
#1209 =( NAMED_UNIT ( * ) SI_UNIT ( $, .STERADIAN. ) SOLID_ANGLE_UNIT ( ) );
#1210 = ADVANCED_FACE ( 'NONE', ( #1629 ), #332, .T. ) ;
#1211 = DIRECTION ( 'NONE',  ( -1.000000000000000000, -2.078962154847970352E-32, 0.0000000000000000000 ) ) ;
#1212 = EDGE_CURVE ( 'NONE', #843, #830, #1611, .T. ) ;
#1213 = CARTESIAN_POINT ( 'NONE',  ( -0.09428034581422810312, 0.02000000000000000042, 0.7973271032559989813 ) ) ;
#1214 = ORIENTED_EDGE ( 'NONE', *, *, #1609, .T. ) ;
#1215 = ITEM_DEFINED_TRANSFORMATION ( 'NONE', 'NONE', #1995,  #411 ) ;
#1216 = DIRECTION ( 'NONE',  ( 0.0000000000000000000, 1.000000000000000000, 0.0000000000000000000 ) ) ;
#1217 = ORIENTED_EDGE ( 'NONE', *, *, #1103, .F. ) ;
#1218 = CARTESIAN_POINT ( 'NONE',  ( -0.06836365425400149631, -0.02000000000000000042, 0.08882838487625120683 ) ) ;
#1219 = CARTESIAN_POINT ( 'NONE',  ( -0.05000000000000000278, 0.05000000000000000278, 0.8500000000000000888 ) ) ;
#1220 = CARTESIAN_POINT ( 'NONE',  ( -0.1270000000000000018, 0.1270000000000000018, 0.0000000000000000000 ) ) ;
#1221 = DIRECTION ( 'NONE',  ( 0.0000000000000000000, 0.0000000000000000000, -1.000000000000000000 ) ) ;
#1222 = DIRECTION ( 'NONE',  ( 0.0000000000000000000, 0.0000000000000000000, -1.000000000000000000 ) ) ;
#1223 = VECTOR ( 'NONE', #778, 100.0000000000000000 ) ;
#1224 = CIRCLE ( 'NONE', #738, 0.01000000000000028644 ) ;
#1225 = SURFACE_STYLE_USAGE ( .BOTH. , #763 ) ;
#1226 = ADVANCED_FACE ( 'NONE', ( #1314 ), #1478, .T. ) ;
#1227 = SURFACE_SIDE_STYLE ('',( #586 ) ) ;
#1228 = ORIENTED_EDGE ( 'NONE', *, *, #1582, .F. ) ;
#1229 = UNCERTAINTY_MEASURE_WITH_UNIT (LENGTH_MEASURE( 1.000000000000000082E-05 ), #135, 'distance_accuracy_value', 'NONE');
#1230 = CARTESIAN_POINT ( 'NONE',  ( -0.09428034581422810312, -0.02000000000000000042, 0.7873271032559990834 ) ) ;
#1231 = DIRECTION ( 'NONE',  ( -1.000000000000000000, 0.0000000000000000000, -0.0000000000000000000 ) ) ;
#1232 =( NAMED_UNIT ( * ) PLANE_ANGLE_UNIT ( ) SI_UNIT ( $, .RADIAN. ) );
#1233 = FILL_AREA_STYLE_COLOUR ( '', #51 ) ;
#1234 = PRODUCT_DEFINITION_FORMATION_WITH_SPECIFIED_SOURCE ( 'ANY', '', #281, .NOT_KNOWN. ) ;
#1235 = CARTESIAN_POINT ( 'NONE',  ( -0.09428034581422810312, 0.02000000000000000042, 0.7873271032559990834 ) ) ;
#1236 = PLANE ( 'NONE',  #566 ) ;
#1237 = PRESENTATION_STYLE_ASSIGNMENT (( #955 ) ) ;
#1238 =( NAMED_UNIT ( * ) PLANE_ANGLE_UNIT ( ) SI_UNIT ( $, .RADIAN. ) );
#1239 = FILL_AREA_STYLE ('',( #1119 ) ) ;
#1240 = ORIENTED_EDGE ( 'NONE', *, *, #1139, .F. ) ;
#1241 = EDGE_CURVE ( 'NONE', #1355, #1014, #809, .T. ) ;
#1242 = CONTEXT_DEPENDENT_SHAPE_REPRESENTATION ( #385, #642 ) ;
#1243 =( NAMED_UNIT ( * ) PLANE_ANGLE_UNIT ( ) SI_UNIT ( $, .RADIAN. ) );
#1244 = DIRECTION ( 'NONE',  ( 1.000000000000000000, 0.0000000000000000000, -0.0000000000000000000 ) ) ;
#1245 = LINE ( 'NONE', #1441, #1534 ) ;
#1246 = SURFACE_STYLE_USAGE ( .BOTH. , #1557 ) ;
#1247 = PRODUCT_DEFINITION_SHAPE ( 'NONE', 'NONE',  #2090 ) ;
#1248 = ORIENTED_EDGE ( 'NONE', *, *, #1067, .F. ) ;
#1249 = PLANE ( 'NONE',  #296 ) ;
#1250 = EDGE_CURVE ( 'NONE', #1328, #655, #74, .T. ) ;
#1251 = DIRECTION ( 'NONE',  ( -1.658928450709476921E-64, 7.979599084288239752E-33, 1.000000000000000000 ) ) ;
#1252 =( NAMED_UNIT ( * ) SI_UNIT ( $, .STERADIAN. ) SOLID_ANGLE_UNIT ( ) );
#1253 = MECHANICAL_DESIGN_GEOMETRIC_PRESENTATION_REPRESENTATION (  '', ( #290 ), #831 ) ;
#1254 = VECTOR ( 'NONE', #2089, 100.0000000000000000 ) ;
#1255 = FACE_OUTER_BOUND ( 'NONE', #190, .T. ) ;
#1256 = FACE_OUTER_BOUND ( 'NONE', #90, .T. ) ;
#1257 = SURFACE_STYLE_USAGE ( .BOTH. , #1413 ) ;
#1258 = AXIS2_PLACEMENT_3D ( 'NONE', #1412, #1756, #1589 ) ;
#1259 = STYLED_ITEM ( 'NONE', ( #755 ), #1591 ) ;
#1260 = LINE ( 'NONE', #1114, #1883 ) ;
#1261 = VERTEX_POINT ( 'NONE', #1039 ) ;
#1262 = AXIS2_PLACEMENT_3D ( 'NONE', #1133, #336, #1340 ) ;
#1263 = CIRCLE ( 'NONE', #937, 0.009999999999999939493 ) ;
#1264 = CONTEXT_DEPENDENT_SHAPE_REPRESENTATION ( #11, #952 ) ;
#1265 = LINE ( 'NONE', #1966, #1492 ) ;
#1266 = PRESENTATION_LAYER_ASSIGNMENT (  '', '', ( #1000 ) ) ;
#1267 = CARTESIAN_POINT ( 'NONE',  ( 0.1042803458142280149, -0.02000000000000000042, 0.4380777440661250410 ) ) ;
#1268 = PRODUCT_DEFINITION_SHAPE ( 'NONE', 'NONE',  #99 ) ;
#1269 = EDGE_CURVE ( 'NONE', #100, #1169, #1513, .T. ) ;
#1270 = FACE_OUTER_BOUND ( 'NONE', #1199, .T. ) ;
#1271 = FILL_AREA_STYLE ('',( #480 ) ) ;
#1272 = SURFACE_SIDE_STYLE ('',( #1606 ) ) ;
#1273 = PLANE ( 'NONE',  #1262 ) ;
#1274 = EDGE_LOOP ( 'NONE', ( #420, #1030, #591, #1093 ) ) ;
#1275 = UNCERTAINTY_MEASURE_WITH_UNIT (LENGTH_MEASURE( 1.000000000000000082E-05 ), #825, 'distance_accuracy_value', 'NONE');
#1276 = ITEM_DEFINED_TRANSFORMATION ( 'NONE', 'NONE', #2034,  #411 ) ;
#1277 = LINE ( 'NONE', #326, #43 ) ;
#1278 = SURFACE_STYLE_USAGE ( .BOTH. , #815 ) ;
#1279 = PRODUCT_RELATED_PRODUCT_CATEGORY ( 'part', '', ( #281 ) ) ;
#1280 = DIRECTION ( 'NONE',  ( 0.0000000000000000000, -0.0000000000000000000, -1.000000000000000000 ) ) ;
#1281 = CARTESIAN_POINT ( 'NONE',  ( 0.1270000000000000018, -0.1270000000000000018, 0.8500000000000000888 ) ) ;
#1282 = CARTESIAN_POINT ( 'NONE',  ( -0.03244696269377490144, -0.02000000000000000042, 0.08882838487625120683 ) ) ;
#1283 = ADVANCED_FACE ( 'NONE', ( #856 ), #1697, .T. ) ;
#1284 = DIRECTION ( 'NONE',  ( 1.000000000000000000, 0.0000000000000000000, 0.0000000000000000000 ) ) ;
#1285 = ORIENTED_EDGE ( 'NONE', *, *, #1028, .F. ) ;
#1286 = DIRECTION ( 'NONE',  ( -1.000000000000000000, 0.0000000000000000000, 0.0000000000000000000 ) ) ;
#1287 = CARTESIAN_POINT ( 'NONE',  ( 0.0000000000000000000, 0.0000000000000000000, 0.0000000000000000000 ) ) ;
#1288 = ORIENTED_EDGE ( 'NONE', *, *, #303, .F. ) ;
#1289 = FILL_AREA_STYLE ('',( #659 ) ) ;
#1290 = APPLICATION_CONTEXT ( 'automotive_design' ) ;
#1291 = CARTESIAN_POINT ( 'NONE',  ( -0.02129999999999999949, 0.02000000000000000042, -1.045954227447509988 ) ) ;
#1292 = VECTOR ( 'NONE', #1863, 100.0000000000000000 ) ;
#1293 = ORIENTED_EDGE ( 'NONE', *, *, #447, .F. ) ;
#1294 = UNCERTAINTY_MEASURE_WITH_UNIT (LENGTH_MEASURE( 1.000000000000000082E-05 ), #2067, 'distance_accuracy_value', 'NONE');
#1295 = EDGE_CURVE ( 'NONE', #1797, #2086, #866, .T. ) ;
#1296 =( GEOMETRIC_REPRESENTATION_CONTEXT ( 3 ) GLOBAL_UNCERTAINTY_ASSIGNED_CONTEXT ( ( #2054 ) ) GLOBAL_UNIT_ASSIGNED_CONTEXT ( ( #2042, #313, #538 ) ) REPRESENTATION_CONTEXT ( 'NONE', 'WORKASPACE' ) );
#1297 = STYLED_ITEM ( 'NONE', ( #583 ), #634 ) ;
#1298 =( NAMED_UNIT ( * ) SI_UNIT ( $, .STERADIAN. ) SOLID_ANGLE_UNIT ( ) );
#1299 = VECTOR ( 'NONE', #910, 100.0000000000000000 ) ;
#1300 = CARTESIAN_POINT ( 'NONE',  ( 0.5080000000000000071, 0.0000000000000000000, 0.0000000000000000000 ) ) ;
#1301 =( NAMED_UNIT ( * ) PLANE_ANGLE_UNIT ( ) SI_UNIT ( $, .RADIAN. ) );
#1302 = ORIENTED_EDGE ( 'NONE', *, *, #774, .T. ) ;
#1303 =( GEOMETRIC_REPRESENTATION_CONTEXT ( 3 ) GLOBAL_UNCERTAINTY_ASSIGNED_CONTEXT ( ( #1332 ) ) GLOBAL_UNIT_ASSIGNED_CONTEXT ( ( #2038, #1232, #161 ) ) REPRESENTATION_CONTEXT ( 'NONE', 'WORKASPACE' ) );
#1304 = SURFACE_STYLE_FILL_AREA ( #1619 ) ;
#1305 = FILL_AREA_STYLE_COLOUR ( '', #2060 ) ;
#1306 =( NAMED_UNIT ( * ) SI_UNIT ( $, .STERADIAN. ) SOLID_ANGLE_UNIT ( ) );
#1307 = CARTESIAN_POINT ( 'NONE',  ( -0.05000000000000000278, -0.04999999999999991257, 0.8000000000000000444 ) ) ;
#1308 = ORIENTED_EDGE ( 'NONE', *, *, #1957, .T. ) ;
#1309 = PRESENTATION_LAYER_ASSIGNMENT (  '', '', ( #1410 ) ) ;
#1310 = AXIS2_PLACEMENT_3D ( 'NONE', #1616, #182, #32 ) ;
#1311 = PRODUCT_RELATED_PRODUCT_CATEGORY ( 'part', '', ( #1893 ) ) ;
#1312 = DIRECTION ( 'NONE',  ( 0.0000000000000000000, 0.0000000000000000000, 1.000000000000000000 ) ) ;
#1313 = FILL_AREA_STYLE_COLOUR ( '', #1397 ) ;
#1314 = FACE_OUTER_BOUND ( 'NONE', #1082, .T. ) ;
#1315 =( LENGTH_UNIT ( ) NAMED_UNIT ( * ) SI_UNIT ( .CENTI., .METRE. ) );
#1316 = ORIENTED_EDGE ( 'NONE', *, *, #610, .F. ) ;
#1317 = UNCERTAINTY_MEASURE_WITH_UNIT (LENGTH_MEASURE( 1.000000000000000082E-05 ), #1315, 'distance_accuracy_value', 'NONE');
#1318 = CARTESIAN_POINT ( 'NONE',  ( 0.03244696269377490144, -0.02000000000000000042, -0.4391551009237280034 ) ) ;
#1319 = CARTESIAN_POINT ( 'NONE',  ( 1.524000000000000021, 0.0000000000000000000, 0.0000000000000000000 ) ) ;
#1320 = DIRECTION ( 'NONE',  ( 0.0000000000000000000, -1.000000000000000000, -0.0000000000000000000 ) ) ;
#1321 = ADVANCED_FACE ( 'NONE', ( #91 ), #1524, .T. ) ;
#1322 = DIRECTION ( 'NONE',  ( -1.000000000000000000, 0.0000000000000000000, -0.0000000000000000000 ) ) ;
#1323 = FILL_AREA_STYLE_COLOUR ( '', #94 ) ;
#1324 = CARTESIAN_POINT ( 'NONE',  ( 0.02687348134688750251, -0.02000000000000000042, -1.006546407085610051 ) ) ;
#1325 = VERTEX_POINT ( 'NONE', #887 ) ;
#1326 = AXIS2_PLACEMENT_3D ( 'NONE', #1419, #1408, #925 ) ;
#1327 = STYLED_ITEM ( 'NONE', ( #1815 ), #484 ) ;
#1328 = VERTEX_POINT ( 'NONE', #1816 ) ;
#1329 = STYLED_ITEM ( 'NONE', ( #1021 ), #552 ) ;
#1330 = DIRECTION ( 'NONE',  ( 0.0000000000000000000, 1.000000000000000000, 0.0000000000000000000 ) ) ;
#1331 = AXIS2_PLACEMENT_3D ( 'NONE', #75, #733, #1536 ) ;
#1332 = UNCERTAINTY_MEASURE_WITH_UNIT (LENGTH_MEASURE( 1.000000000000000082E-05 ), #2038, 'distance_accuracy_value', 'NONE');
#1333 = VECTOR ( 'NONE', #1068, 100.0000000000000000 ) ;
#1334 = PLANE ( 'NONE',  #1326 ) ;
#1335 = SURFACE_SIDE_STYLE ('',( #1990 ) ) ;
#1336 = PRESENTATION_STYLE_ASSIGNMENT (( #1349 ) ) ;
#1337 = MECHANICAL_DESIGN_GEOMETRIC_PRESENTATION_REPRESENTATION (  '', ( #1987 ), #1607 ) ;
#1338 = ADVANCED_FACE ( 'NONE', ( #1358 ), #204, .T. ) ;
#1339 = STYLED_ITEM ( 'NONE', ( #1024 ), #1400 ) ;
#1340 = DIRECTION ( 'NONE',  ( 0.0000000000000000000, 0.0000000000000000000, -1.000000000000000000 ) ) ;
#1341 = VERTEX_POINT ( 'NONE', #1438 ) ;
#1342 = FILL_AREA_STYLE ('',( #833 ) ) ;
#1343 = PRESENTATION_LAYER_ASSIGNMENT (  '', '', ( #679 ) ) ;
#1344 = VERTEX_POINT ( 'NONE', #1545 ) ;
#1345 = CONTEXT_DEPENDENT_SHAPE_REPRESENTATION ( #177, #1924 ) ;
#1346 = CARTESIAN_POINT ( 'NONE',  ( -0.04999999999999998890, 0.04999999999999998890, 0.8000000000000000444 ) ) ;
#1347 =( NAMED_UNIT ( * ) SI_UNIT ( $, .STERADIAN. ) SOLID_ANGLE_UNIT ( ) );
#1348 = FILL_AREA_STYLE_COLOUR ( '', #935 ) ;
#1349 = SURFACE_STYLE_USAGE ( .BOTH. , #868 ) ;
#1350 =( REPRESENTATION_RELATIONSHIP ('NONE','NONE', #548, #966 ) REPRESENTATION_RELATIONSHIP_WITH_TRANSFORMATION ( #1750 )SHAPE_REPRESENTATION_RELATIONSHIP( ) );
#1351 = DIRECTION ( 'NONE',  ( -0.0000000000000000000, 1.000000000000000000, 0.0000000000000000000 ) ) ;
#1352 = VERTEX_POINT ( 'NONE', #439 ) ;
#1353 = EDGE_CURVE ( 'NONE', #587, #1872, #1077, .T. ) ;
#1354 = LINE ( 'NONE', #1894, #295 ) ;
#1355 = VERTEX_POINT ( 'NONE', #1943 ) ;
#1356 = ORIENTED_EDGE ( 'NONE', *, *, #1552, .T. ) ;
#1357 = SURFACE_STYLE_FILL_AREA ( #1660 ) ;
#1358 = FACE_OUTER_BOUND ( 'NONE', #1175, .T. ) ;
#1359 = SURFACE_STYLE_USAGE ( .BOTH. , #547 ) ;
#1360 = CARTESIAN_POINT ( 'NONE',  ( -0.05000000000000000278, -0.05000000000000000278, 0.7399999999999999911 ) ) ;
#1361 = FILL_AREA_STYLE ('',( #1840 ) ) ;
#1362 = CARTESIAN_POINT ( 'NONE',  ( 0.2982794916698709997, 0.02000000000000000042, 0.6429959744357269802 ) ) ;
#1363 = ORIENTED_EDGE ( 'NONE', *, *, #1200, .F. ) ;
#1364 = ADVANCED_FACE ( 'NONE', ( #1936 ), #112, .F. ) ;
#1365 = VERTEX_POINT ( 'NONE', #98 ) ;
#1366 = AXIS2_PLACEMENT_3D ( 'NONE', #590, #1216, #1720 ) ;
#1367 = DIRECTION ( 'NONE',  ( 0.0000000000000000000, -1.000000000000000000, -0.0000000000000000000 ) ) ;
#1368 = FILL_AREA_STYLE_COLOUR ( '', #497 ) ;
#1369 =( NAMED_UNIT ( * ) SI_UNIT ( $, .STERADIAN. ) SOLID_ANGLE_UNIT ( ) );
#1370 = AXIS2_PLACEMENT_3D ( 'NONE', #736, #1351, #584 ) ;
#1371 = VECTOR ( 'NONE', #442, 100.0000000000000000 ) ;
#1372 = VECTOR ( 'NONE', #1390, 100.0000000000000000 ) ;
#1373 = FILL_AREA_STYLE ('',( #1517 ) ) ;
#1374 = VERTEX_POINT ( 'NONE', #1710 ) ;
#1375 = FILL_AREA_STYLE_COLOUR ( '', #1845 ) ;
#1376 = ORIENTED_EDGE ( 'NONE', *, *, #1250, .T. ) ;
#1377 = ITEM_DEFINED_TRANSFORMATION ( 'NONE', 'NONE', #476,  #411 ) ;
#1378 = ADVANCED_FACE ( 'NONE', ( #1723 ), #654, .T. ) ;
#1379 = DIRECTION ( 'NONE',  ( 0.0000000000000000000, 0.0000000000000000000, 1.000000000000000000 ) ) ;
#1380 = VERTEX_POINT ( 'NONE', #31 ) ;
#1381 = FACE_OUTER_BOUND ( 'NONE', #533, .T. ) ;
#1382 =( LENGTH_UNIT ( ) NAMED_UNIT ( * ) SI_UNIT ( .CENTI., .METRE. ) );
#1383 = UNCERTAINTY_MEASURE_WITH_UNIT (LENGTH_MEASURE( 1.000000000000000082E-05 ), #1871, 'distance_accuracy_value', 'NONE');
#1384 = ORIENTED_EDGE ( 'NONE', *, *, #391, .F. ) ;
#1385 =( NAMED_UNIT ( * ) PLANE_ANGLE_UNIT ( ) SI_UNIT ( $, .RADIAN. ) );
#1386 = SURFACE_STYLE_FILL_AREA ( #760 ) ;
#1387 = CARTESIAN_POINT ( 'NONE',  ( -0.1270000000000000018, 0.0000000000000000000, 0.0000000000000000000 ) ) ;
#1388 = PRODUCT_DEFINITION_SHAPE ( 'NONE', 'NONE',  #2099 ) ;
#1389 = EDGE_CURVE ( 'NONE', #353, #1380, #193, .T. ) ;
#1390 = DIRECTION ( 'NONE',  ( 0.0000000000000000000, 1.000000000000000000, -0.0000000000000000000 ) ) ;
#1391 = LINE ( 'NONE', #252, #21 ) ;
#1392 = DIRECTION ( 'NONE',  ( -0.5773502691896249539, 0.5773502691896269523, -0.5773502691896253980 ) ) ;
#1393 = VERTEX_POINT ( 'NONE', #986 ) ;
#1394 = SURFACE_SIDE_STYLE ('',( #1426 ) ) ;
#1395 = DIRECTION ( 'NONE',  ( 0.0000000000000000000, -0.0000000000000000000, -1.000000000000000000 ) ) ;
#1396 = FACE_OUTER_BOUND ( 'NONE', #529, .T. ) ;
#1397 = COLOUR_RGB ( '',0.1019607843137254888, 0.1019607843137254888, 0.1019607843137254888 ) ;
#1398 = AXIS2_PLACEMENT_3D ( 'NONE', #264, #1056, #1395 ) ;
#1399 = AXIS2_PLACEMENT_3D ( 'NONE', #985, #1286, #160 ) ;
#1400 = ADVANCED_FACE ( 'NONE', ( #1625 ), #1974, .T. ) ;
#1401 =( NAMED_UNIT ( * ) SI_UNIT ( $, .STERADIAN. ) SOLID_ANGLE_UNIT ( ) );
#1402 = VECTOR ( 'NONE', #537, 100.0000000000000000 ) ;
#1403 = SURFACE_STYLE_FILL_AREA ( #93 ) ;
#1404 = CARTESIAN_POINT ( 'NONE',  ( 0.03244696269377490144, -0.02000000000000000042, 0.08882838487625119295 ) ) ;
#1405 = EDGE_LOOP ( 'NONE', ( #685, #194, #1522, #1025 ) ) ;
#1406 =( GEOMETRIC_REPRESENTATION_CONTEXT ( 3 ) GLOBAL_UNCERTAINTY_ASSIGNED_CONTEXT ( ( #984 ) ) GLOBAL_UNIT_ASSIGNED_CONTEXT ( ( #1123, #327, #1209 ) ) REPRESENTATION_CONTEXT ( 'NONE', 'WORKASPACE' ) );
#1407 = CARTESIAN_POINT ( 'NONE',  ( -0.06836365425400149631, -0.02000000000000000042, 0.08882838487625120683 ) ) ;
#1408 = DIRECTION ( 'NONE',  ( -1.000000000000000000, 0.0000000000000000000, 0.0000000000000000000 ) ) ;
#1409 = PRESENTATION_STYLE_ASSIGNMENT (( #784 ) ) ;
#1410 = STYLED_ITEM ( 'NONE', ( #1910 ), #1992 ) ;
#1411 = DIRECTION ( 'NONE',  ( 0.0000000000000000000, -1.000000000000000000, 0.0000000000000000000 ) ) ;
#1412 = CARTESIAN_POINT ( 'NONE',  ( 6.071532165918820208E-18, -0.02000000000000000042, 0.02843064381840689978 ) ) ;
#1413 = SURFACE_SIDE_STYLE ('',( #810 ) ) ;
#1414 = LINE ( 'NONE', #1447, #1533 ) ;
#1415 = ORIENTED_EDGE ( 'NONE', *, *, #1896, .F. ) ;
#1416 = EDGE_CURVE ( 'NONE', #1872, #369, #704, .T. ) ;
#1417 =( REPRESENTATION_RELATIONSHIP ('NONE','NONE', #548, #966 ) REPRESENTATION_RELATIONSHIP_WITH_TRANSFORMATION ( #1215 )SHAPE_REPRESENTATION_RELATIONSHIP( ) );
#1418 = SURFACE_STYLE_USAGE ( .BOTH. , #936 ) ;
#1419 = CARTESIAN_POINT ( 'NONE',  ( -0.1270000000000000018, 0.0000000000000000000, 0.8500000000000000888 ) ) ;
#1420 =( NAMED_UNIT ( * ) SI_UNIT ( $, .STERADIAN. ) SOLID_ANGLE_UNIT ( ) );
#1421 = SURFACE_STYLE_FILL_AREA ( #1271 ) ;
#1422 = PRODUCT ( 'SIL_SocketPin', 'SIL_SocketPin', '', ( #553 ) ) ;
#1423 = ORIENTED_EDGE ( 'NONE', *, *, #1049, .F. ) ;
#1424 =( LENGTH_UNIT ( ) NAMED_UNIT ( * ) SI_UNIT ( .CENTI., .METRE. ) );
#1425 = ADVANCED_FACE ( 'NONE', ( #1810 ), #1984, .T. ) ;
#1426 = SURFACE_STYLE_FILL_AREA ( #1097 ) ;
#1427 =( GEOMETRIC_REPRESENTATION_CONTEXT ( 3 ) GLOBAL_UNCERTAINTY_ASSIGNED_CONTEXT ( ( #1729 ) ) GLOBAL_UNIT_ASSIGNED_CONTEXT ( ( #1157, #1301, #318 ) ) REPRESENTATION_CONTEXT ( 'NONE', 'WORKASPACE' ) );
#1428 = SURFACE_SIDE_STYLE ('',( #616 ) ) ;
#1429 = PRESENTATION_STYLE_ASSIGNMENT (( #2084 ) ) ;
#1430 = CARTESIAN_POINT ( 'NONE',  ( 0.1042803458142280149, -0.02000000000000000042, 0.4380777440661250410 ) ) ;
#1431 = VECTOR ( 'NONE', #141, 100.0000000000000000 ) ;
#1432 = AXIS2_PLACEMENT_3D ( 'NONE', #1362, #915, #902 ) ;
#1433 = AXIS2_PLACEMENT_3D ( 'NONE', #920, #1562, #123 ) ;
#1434 = DIRECTION ( 'NONE',  ( -1.000000000000000000, 0.0000000000000000000, 0.0000000000000000000 ) ) ;
#1435 = VERTEX_POINT ( 'NONE', #379 ) ;
#1436 = VECTOR ( 'NONE', #1, 100.0000000000000000 ) ;
#1437 = DIRECTION ( 'NONE',  ( 0.0000000000000000000, 0.0000000000000000000, -1.000000000000000000 ) ) ;
#1438 = CARTESIAN_POINT ( 'NONE',  ( -0.1042803458142280149, 0.02000000000000000042, 0.08882838487625122070 ) ) ;
#1439 = PRODUCT_RELATED_PRODUCT_CATEGORY ( 'part', '', ( #1422 ) ) ;
#1440 = CARTESIAN_POINT ( 'NONE',  ( 0.1042803458142282924, -0.02000000000000000042, 0.7873271032559990834 ) ) ;
#1441 = CARTESIAN_POINT ( 'NONE',  ( -0.1000000000000000056, 0.0000000000000000000, 0.8500000000000000888 ) ) ;
#1442 = EDGE_CURVE ( 'NONE', #280, #1365, #1564, .T. ) ;
#1443 = SURFACE_SIDE_STYLE ('',( #682 ) ) ;
#1444 =( GEOMETRIC_REPRESENTATION_CONTEXT ( 3 ) GLOBAL_UNCERTAINTY_ASSIGNED_CONTEXT ( ( #1683 ) ) GLOBAL_UNIT_ASSIGNED_CONTEXT ( ( #1746, #1725, #921 ) ) REPRESENTATION_CONTEXT ( 'NONE', 'WORKASPACE' ) );
#1445 =( LENGTH_UNIT ( ) NAMED_UNIT ( * ) SI_UNIT ( .CENTI., .METRE. ) );
#1446 = AXIS2_PLACEMENT_3D ( 'NONE', #1515, #64, #1822 ) ;
#1447 = CARTESIAN_POINT ( 'NONE',  ( 0.1000000000000000056, 0.0000000000000000000, 0.0000000000000000000 ) ) ;
#1448 = EDGE_LOOP ( 'NONE', ( #1496, #1623, #705, #2016 ) ) ;
#1449 = UNCERTAINTY_MEASURE_WITH_UNIT (LENGTH_MEASURE( 1.000000000000000082E-05 ), #245, 'distance_accuracy_value', 'NONE');
#1450 = SURFACE_SIDE_STYLE ('',( #1386 ) ) ;
#1451 =( NAMED_UNIT ( * ) PLANE_ANGLE_UNIT ( ) SI_UNIT ( $, .RADIAN. ) );
#1452 = CARTESIAN_POINT ( 'NONE',  ( -0.1000000000000000056, 0.0000000000000000000, 0.7399999999999999911 ) ) ;
#1453 = LINE ( 'NONE', #1652, #1402 ) ;
#1454 = CARTESIAN_POINT ( 'NONE',  ( 0.09428034581422810312, -0.02000000000000000042, 0.7873271032559990834 ) ) ;
#1455 = ADVANCED_FACE ( 'NONE', ( #1869 ), #1727, .T. ) ;
#1456 = ORIENTED_EDGE ( 'NONE', *, *, #926, .F. ) ;
#1457 = CARTESIAN_POINT ( 'NONE',  ( 0.08509588200079712395, 0.02000000000000000042, 0.7912825582816289671 ) ) ;
#1458 = DIRECTION ( 'NONE',  ( 1.000000000000000000, 0.0000000000000000000, 0.0000000000000000000 ) ) ;
#1459 = SURFACE_STYLE_USAGE ( .BOTH. , #1959 ) ;
#1460 =( LENGTH_UNIT ( ) NAMED_UNIT ( * ) SI_UNIT ( .CENTI., .METRE. ) );
#1461 = SURFACE_STYLE_USAGE ( .BOTH. , #1612 ) ;
#1462 = PRESENTATION_LAYER_ASSIGNMENT (  '', '', ( #290 ) ) ;
#1463 = CARTESIAN_POINT ( 'NONE',  ( 0.0000000000000000000, 0.1270000000000000018, 0.8500000000000000888 ) ) ;
#1464 = VECTOR ( 'NONE', #1198, 100.0000000000000000 ) ;
#1465 = ORIENTED_EDGE ( 'NONE', *, *, #2005, .F. ) ;
#1466 = MECHANICAL_DESIGN_GEOMETRIC_PRESENTATION_REPRESENTATION (  '', ( #1669 ), #665 ) ;
#1467 = CARTESIAN_POINT ( 'NONE',  ( -0.06003131717443468962, -0.02000000000000000042, 0.4103376530110829923 ) ) ;
#1468 = VECTOR ( 'NONE', #972, 100.0000000000000000 ) ;
#1469 =( NAMED_UNIT ( * ) SI_UNIT ( $, .STERADIAN. ) SOLID_ANGLE_UNIT ( ) );
#1470 = VECTOR ( 'NONE', #989, 100.0000000000000000 ) ;
#1471 = DIRECTION ( 'NONE',  ( 0.0000000000000000000, 1.000000000000000000, 0.0000000000000000000 ) ) ;
#1472 = SURFACE_SIDE_STYLE ('',( #820 ) ) ;
#1473 = FILL_AREA_STYLE ('',( #1933 ) ) ;
#1474 = ORIENTED_EDGE ( 'NONE', *, *, #1442, .T. ) ;
#1475 = SHAPE_REPRESENTATION ( 'SIL_SocketPin', ( #411 ), #1006 ) ;
#1476 = EDGE_CURVE ( 'NONE', #1153, #1352, #1354, .T. ) ;
#1477 = DIRECTION ( 'NONE',  ( 1.000000000000000000, 0.0000000000000000000, 0.0000000000000000000 ) ) ;
#1478 = PLANE ( 'NONE',  #1888 ) ;
#1479 =( NAMED_UNIT ( * ) PLANE_ANGLE_UNIT ( ) SI_UNIT ( $, .RADIAN. ) );
#1480 = DIRECTION ( 'NONE',  ( 0.0000000000000000000, 1.000000000000000000, 0.0000000000000000000 ) ) ;
#1481 = VERTEX_POINT ( 'NONE', #1861 ) ;
#1482 = ORIENTED_EDGE ( 'NONE', *, *, #1067, .T. ) ;
#1483 = CARTESIAN_POINT ( 'NONE',  ( 0.2540000000000000036, 0.0000000000000000000, 0.0000000000000000000 ) ) ;
#1484 = EDGE_CURVE ( 'NONE', #1393, #1851, #579, .T. ) ;
#1485 = CARTESIAN_POINT ( 'NONE',  ( 0.2982794916698709997, -0.02000000000000000042, 0.6429959744357269802 ) ) ;
#1486 = SURFACE_STYLE_USAGE ( .BOTH. , #1971 ) ;
#1487 =( LENGTH_UNIT ( ) NAMED_UNIT ( * ) SI_UNIT ( .CENTI., .METRE. ) );
#1488 = CARTESIAN_POINT ( 'NONE',  ( 0.1042803458142280149, 0.02000000000000000042, 0.02843064381840689978 ) ) ;
#1489 = ORIENTED_EDGE ( 'NONE', *, *, #677, .F. ) ;
#1490 = CIRCLE ( 'NONE', #1087, 0.2547114388012230446 ) ;
#1491 = ORIENTED_EDGE ( 'NONE', *, *, #951, .T. ) ;
#1492 = VECTOR ( 'NONE', #219, 100.0000000000000000 ) ;
#1493 = DIRECTION ( 'NONE',  ( 0.0000000000000000000, 0.0000000000000000000, 1.000000000000000000 ) ) ;
#1494 = DIRECTION ( 'NONE',  ( -0.9184463813430879808, 0.0000000000000000000, 0.3955455025629632249 ) ) ;
#1495 = VECTOR ( 'NONE', #1131, 100.0000000000000000 ) ;
#1496 = ORIENTED_EDGE ( 'NONE', *, *, #1907, .T. ) ;
#1497 = PRODUCT_DEFINITION ( 'UNKNOWN', '', #1509, #1859 ) ;
#1498 = STYLED_ITEM ( 'NONE', ( #639 ), #992 ) ;
#1499 = DIRECTION ( 'NONE',  ( 0.0000000000000000000, 1.000000000000000000, 0.0000000000000000000 ) ) ;
#1500 = LINE ( 'NONE', #1179, #1569 ) ;
#1501 = EDGE_CURVE ( 'NONE', #1603, #973, #421, .T. ) ;
#1502 =( LENGTH_UNIT ( ) NAMED_UNIT ( * ) SI_UNIT ( .CENTI., .METRE. ) );
#1503 = CARTESIAN_POINT ( 'NONE',  ( -0.06003131717443468962, 0.02000000000000000042, 0.5529086589813230201 ) ) ;
#1504 = EDGE_LOOP ( 'NONE', ( #643, #718, #235, #821 ) ) ;
#1505 = PRODUCT_DEFINITION_CONTEXT ( 'detailed design', #1290, 'design' ) ;
#1506 = CARTESIAN_POINT ( 'NONE',  ( 6.071532165918820208E-18, 0.02000000000000000042, 0.08882838487625120683 ) ) ;
#1507 = AXIS2_PLACEMENT_3D ( 'NONE', #3, #206, #689 ) ;
#1508 = ORIENTED_EDGE ( 'NONE', *, *, #865, .F. ) ;
#1509 = PRODUCT_DEFINITION_FORMATION_WITH_SPECIFIED_SOURCE ( 'ANY', '', #1893, .NOT_KNOWN. ) ;
#1510 =( REPRESENTATION_RELATIONSHIP ('NONE','NONE', #548, #966 ) REPRESENTATION_RELATIONSHIP_WITH_TRANSFORMATION ( #61 )SHAPE_REPRESENTATION_RELATIONSHIP( ) );
#1511 = FILL_AREA_STYLE ('',( #874 ) ) ;
#1512 = ORIENTED_EDGE ( 'NONE', *, *, #1028, .T. ) ;
#1513 = LINE ( 'NONE', #732, #606 ) ;
#1514 = DIRECTION ( 'NONE',  ( 1.000000000000000000, 5.703063659357579763E-32, -5.703063659357603848E-32 ) ) ;
#1515 = CARTESIAN_POINT ( 'NONE',  ( 0.0000000000000000000, 0.0000000000000000000, 0.0000000000000000000 ) ) ;
#1516 = EDGE_CURVE ( 'NONE', #1481, #1341, #404, .T. ) ;
#1517 = FILL_AREA_STYLE_COLOUR ( '', #1919 ) ;
#1518 = ORIENTED_EDGE ( 'NONE', *, *, #1907, .F. ) ;
#1519 = DIRECTION ( 'NONE',  ( -0.7071067811865460184, 0.0000000000000000000, 0.7071067811865490160 ) ) ;
#1520 = EDGE_LOOP ( 'NONE', ( #1053, #207, #1146, #1308 ) ) ;
#1521 = DIRECTION ( 'NONE',  ( 1.000000000000000000, 0.0000000000000000000, 0.0000000000000000000 ) ) ;
#1522 = ORIENTED_EDGE ( 'NONE', *, *, #903, .T. ) ;
#1523 =( REPRESENTATION_RELATIONSHIP ('NONE','NONE', #548, #1475 ) REPRESENTATION_RELATIONSHIP_WITH_TRANSFORMATION ( #728 )SHAPE_REPRESENTATION_RELATIONSHIP( ) );
#1524 = PLANE ( 'NONE',  #1988 ) ;
#1525 = ORIENTED_EDGE ( 'NONE', *, *, #844, .T. ) ;
#1526 = CARTESIAN_POINT ( 'NONE',  ( 0.05000000000000000278, -0.05000000000000000278, 0.8500000000000000888 ) ) ;
#1527 = VECTOR ( 'NONE', #1231, 100.0000000000000000 ) ;
#1528 = VERTEX_POINT ( 'NONE', #550 ) ;
#1529 =( NAMED_UNIT ( * ) SI_UNIT ( $, .STERADIAN. ) SOLID_ANGLE_UNIT ( ) );
#1530 = DIRECTION ( 'NONE',  ( 0.0000000000000000000, 1.000000000000000000, 0.0000000000000000000 ) ) ;
#1531 = ORIENTED_EDGE ( 'NONE', *, *, #582, .T. ) ;
#1532 = VECTOR ( 'NONE', #1935, 100.0000000000000000 ) ;
#1533 = VECTOR ( 'NONE', #957, 100.0000000000000000 ) ;
#1534 = VECTOR ( 'NONE', #879, 100.0000000000000000 ) ;
#1535 = DIRECTION ( 'NONE',  ( -0.1400372197710402777, 0.0000000000000000000, 0.9901462402487812842 ) ) ;
#1536 = DIRECTION ( 'NONE',  ( 0.0000000000000000000, -0.0000000000000000000, 1.000000000000000000 ) ) ;
#1537 =( LENGTH_UNIT ( ) NAMED_UNIT ( * ) SI_UNIT ( .CENTI., .METRE. ) );
#1538 = MECHANICAL_DESIGN_GEOMETRIC_PRESENTATION_REPRESENTATION (  '', ( #703 ), #1921 ) ;
#1539 = PLANE ( 'NONE',  #737 ) ;
#1540 = EDGE_LOOP ( 'NONE', ( #58, #1868, #2046, #1482 ) ) ;
#1541 = PRODUCT_CONTEXT ( 'NONE', #2073, 'mechanical' ) ;
#1542 = EDGE_CURVE ( 'NONE', #973, #271, #1183, .T. ) ;
#1543 = EDGE_LOOP ( 'NONE', ( #1656, #1465, #2043, #551 ) ) ;
#1544 =( NAMED_UNIT ( * ) SI_UNIT ( $, .STERADIAN. ) SOLID_ANGLE_UNIT ( ) );
#1545 = CARTESIAN_POINT ( 'NONE',  ( -0.06003131717443468962, -0.02000000000000000042, 0.5529086589813230201 ) ) ;
#1546 = SURFACE_SIDE_STYLE ('',( #1689 ) ) ;
#1547 = CARTESIAN_POINT ( 'NONE',  ( 0.1000000000000000056, -0.1000000000000000056, 0.0000000000000000000 ) ) ;
#1548 = CARTESIAN_POINT ( 'NONE',  ( -0.03244696269377490144, 0.02000000000000000042, 0.02843064381840689978 ) ) ;
#1549 = CARTESIAN_POINT ( 'NONE',  ( 0.09428034581422810312, -0.02000000000000000042, 0.7873271032559990834 ) ) ;
#1550 = UNCERTAINTY_MEASURE_WITH_UNIT (LENGTH_MEASURE( 1.000000000000000082E-05 ), #1460, 'distance_accuracy_value', 'NONE');
#1551 = DIRECTION ( 'NONE',  ( 0.0000000000000000000, 0.0000000000000000000, -1.000000000000000000 ) ) ;
#1552 = EDGE_CURVE ( 'NONE', #830, #100, #1205, .T. ) ;
#1553 = FACE_OUTER_BOUND ( 'NONE', #1862, .T. ) ;
#1554 = LINE ( 'NONE', #798, #1333 ) ;
#1555 = PRODUCT_DEFINITION_SHAPE ( 'NONE', 'NONE',  #2105 ) ;
#1556 = CARTESIAN_POINT ( 'NONE',  ( 0.03244696269377512349, -0.02000000000000000042, -0.9671385867237070055 ) ) ;
#1557 = SURFACE_SIDE_STYLE ('',( #2013 ) ) ;
#1558 = ORIENTED_EDGE ( 'NONE', *, *, #1819, .F. ) ;
#1559 = SURFACE_STYLE_FILL_AREA ( #1706 ) ;
#1560 = COLOUR_RGB ( '',0.8666666666666666963, 0.7725490196078431682, 0.2156862745098039325 ) ;
#1561 =( LENGTH_UNIT ( ) NAMED_UNIT ( * ) SI_UNIT ( .CENTI., .METRE. ) );
#1562 = DIRECTION ( 'NONE',  ( 8.065349974140638857E-32, -0.7071067811865460184, 0.7071067811865490160 ) ) ;
#1563 = STYLED_ITEM ( 'NONE', ( #352 ), #259 ) ;
#1564 = CIRCLE ( 'NONE', #85, 0.01000000000000028644 ) ;
#1565 = LINE ( 'NONE', #126, #367 ) ;
#1566 = LINE ( 'NONE', #288, #2065 ) ;
#1567 = VECTOR ( 'NONE', #1993, 100.0000000000000000 ) ;
#1568 = EDGE_CURVE ( 'NONE', #400, #1017, #1684, .T. ) ;
#1569 = VECTOR ( 'NONE', #1514, 100.0000000000000000 ) ;
#1570 = VECTOR ( 'NONE', #791, 100.0000000000000000 ) ;
#1571 = SURFACE_STYLE_USAGE ( .BOTH. , #949 ) ;
#1572 = ORIENTED_EDGE ( 'NONE', *, *, #513, .F. ) ;
#1573 = AXIS2_PLACEMENT_3D ( 'NONE', #505, #1138, #1789 ) ;
#1574 = UNCERTAINTY_MEASURE_WITH_UNIT (LENGTH_MEASURE( 1.000000000000000082E-05 ), #1561, 'distance_accuracy_value', 'NONE');
#1575 = PRODUCT_DEFINITION_SHAPE ( 'NONE', 'NONE',  #2100 ) ;
#1576 = ITEM_DEFINED_TRANSFORMATION ( 'NONE', 'NONE', #2072,  #411 ) ;
#1577 = CARTESIAN_POINT ( 'NONE',  ( -0.1000000000000000056, 0.1000000000000000888, 0.8500000000000000888 ) ) ;
#1578 =( GEOMETRIC_REPRESENTATION_CONTEXT ( 3 ) GLOBAL_UNCERTAINTY_ASSIGNED_CONTEXT ( ( #2030 ) ) GLOBAL_UNIT_ASSIGNED_CONTEXT ( ( #1962, #1679, #2012 ) ) REPRESENTATION_CONTEXT ( 'NONE', 'WORKASPACE' ) );
#1579 = ITEM_DEFINED_TRANSFORMATION ( 'NONE', 'NONE', #1203,  #411 ) ;
#1580 = SURFACE_STYLE_FILL_AREA ( #1598 ) ;
#1581 = CARTESIAN_POINT ( 'NONE',  ( 0.1000000000000000056, 0.1000000000000000056, 0.0000000000000000000 ) ) ;
#1582 = EDGE_CURVE ( 'NONE', #893, #873, #1744, .T. ) ;
#1583 = CARTESIAN_POINT ( 'NONE',  ( 0.06836365425400149631, -0.02000000000000000042, 0.08882838487625120683 ) ) ;
#1584 = ORIENTED_EDGE ( 'NONE', *, *, #211, .T. ) ;
#1585 = FACE_OUTER_BOUND ( 'NONE', #323, .T. ) ;
#1586 = CARTESIAN_POINT ( 'NONE',  ( 0.02129999999999999949, 0.02000000000000000042, -1.045954227447509988 ) ) ;
#1587 = DIRECTION ( 'NONE',  ( -0.0000000000000000000, -1.000000000000000000, -0.0000000000000000000 ) ) ;
#1588 = PLANE ( 'NONE',  #263 ) ;
#1589 = DIRECTION ( 'NONE',  ( -1.000000000000000000, -2.078962154847970352E-32, 0.0000000000000000000 ) ) ;
#1590 = CYLINDRICAL_SURFACE ( 'NONE', #1991, 0.01000000000000028644 ) ;
#1591 = ADVANCED_FACE ( 'NONE', ( #414, #741 ), #1539, .T. ) ;
#1592 = CONTEXT_DEPENDENT_SHAPE_REPRESENTATION ( #1350, #1575 ) ;
#1593 = FILL_AREA_STYLE_COLOUR ( '', #932 ) ;
#1594 = EDGE_CURVE ( 'NONE', #1341, #1355, #923, .T. ) ;
#1595 = SURFACE_STYLE_FILL_AREA ( #965 ) ;
#1596 = COLOUR_RGB ( '',0.06666666666666666574, 0.06666666666666666574, 0.06666666666666666574 ) ;
#1597 = MECHANICAL_DESIGN_GEOMETRIC_PRESENTATION_REPRESENTATION (  '', ( #1563 ), #1427 ) ;
#1598 = FILL_AREA_STYLE ('',( #942 ) ) ;
#1599 = SURFACE_SIDE_STYLE ('',( #1421 ) ) ;
#1600 = VECTOR ( 'NONE', #2071, 100.0000000000000000 ) ;
#1601 = MECHANICAL_DESIGN_GEOMETRIC_PRESENTATION_REPRESENTATION (  '', ( #297 ), #2021 ) ;
#1602 = CARTESIAN_POINT ( 'NONE',  ( 0.1000000000000000056, -0.1000000000000000056, 0.0000000000000000000 ) ) ;
#1603 = VERTEX_POINT ( 'NONE', #455 ) ;
#1604 = CIRCLE ( 'NONE', #23, 0.009999999999999939493 ) ;
#1605 = CARTESIAN_POINT ( 'NONE',  ( 0.03244696269377490144, -0.02000000000000000042, -0.4391551009237280034 ) ) ;
#1606 = SURFACE_STYLE_FILL_AREA ( #1615 ) ;
#1607 =( GEOMETRIC_REPRESENTATION_CONTEXT ( 3 ) GLOBAL_UNCERTAINTY_ASSIGNED_CONTEXT ( ( #1965 ) ) GLOBAL_UNIT_ASSIGNED_CONTEXT ( ( #1445, #134, #641 ) ) REPRESENTATION_CONTEXT ( 'NONE', 'WORKASPACE' ) );
#1608 = ORIENTED_EDGE ( 'NONE', *, *, #1004, .T. ) ;
#1609 = EDGE_CURVE ( 'NONE', #1017, #673, #945, .T. ) ;
#1610 = PLANE ( 'NONE',  #2014 ) ;
#1611 = LINE ( 'NONE', #1452, #1436 ) ;
#1612 = SURFACE_SIDE_STYLE ('',( #1827 ) ) ;
#1613 =( GEOMETRIC_REPRESENTATION_CONTEXT ( 3 ) GLOBAL_UNCERTAINTY_ASSIGNED_CONTEXT ( ( #443 ) ) GLOBAL_UNIT_ASSIGNED_CONTEXT ( ( #987, #1649, #1469 ) ) REPRESENTATION_CONTEXT ( 'NONE', 'WORKASPACE' ) );
#1614 = LINE ( 'NONE', #1488, #1468 ) ;
#1615 = FILL_AREA_STYLE ('',( #1899 ) ) ;
#1616 = CARTESIAN_POINT ( 'NONE',  ( 1.270000000000000018, 0.0000000000000000000, 0.0000000000000000000 ) ) ;
#1617 = DIRECTION ( 'NONE',  ( -0.0000000000000000000, 0.0000000000000000000, 1.000000000000000000 ) ) ;
#1618 = EDGE_CURVE ( 'NONE', #415, #1922, #651, .T. ) ;
#1619 = FILL_AREA_STYLE ('',( #839 ) ) ;
#1620 =( LENGTH_UNIT ( ) NAMED_UNIT ( * ) SI_UNIT ( .CENTI., .METRE. ) );
#1621 = CARTESIAN_POINT ( 'NONE',  ( -0.03244696269377497777, -0.02000000000000000042, -0.9671385867237070055 ) ) ;
#1622 = CARTESIAN_POINT ( 'NONE',  ( -0.09428034581422810312, -0.02000000000000000042, 0.7973271032559989813 ) ) ;
#1623 = ORIENTED_EDGE ( 'NONE', *, *, #1874, .F. ) ;
#1624 =( NAMED_UNIT ( * ) PLANE_ANGLE_UNIT ( ) SI_UNIT ( $, .RADIAN. ) );
#1625 = FACE_OUTER_BOUND ( 'NONE', #70, .T. ) ;
#1626 = DIRECTION ( 'NONE',  ( 0.0000000000000000000, 0.0000000000000000000, 1.000000000000000000 ) ) ;
#1627 = DIRECTION ( 'NONE',  ( -1.000000000000000000, 5.703063659357579763E-32, 5.703063659357603848E-32 ) ) ;
#1628 = ORIENTED_EDGE ( 'NONE', *, *, #1932, .F. ) ;
#1629 = FACE_OUTER_BOUND ( 'NONE', #1540, .T. ) ;
#1630 = PRESENTATION_STYLE_ASSIGNMENT (( #1486 ) ) ;
#1631 = AXIS2_PLACEMENT_3D ( 'NONE', #1701, #1902, #1737 ) ;
#1632 = EDGE_CURVE ( 'NONE', #2004, #1638, #1903, .T. ) ;
#1633 =( LENGTH_UNIT ( ) NAMED_UNIT ( * ) SI_UNIT ( .CENTI., .METRE. ) );
#1634 = VECTOR ( 'NONE', #1829, 100.0000000000000000 ) ;
#1635 = EDGE_LOOP ( 'NONE', ( #1285, #380, #1240, #407 ) ) ;
#1636 = UNCERTAINTY_MEASURE_WITH_UNIT (LENGTH_MEASURE( 1.000000000000000082E-05 ), #1839, 'distance_accuracy_value', 'NONE');
#1637 = SURFACE_STYLE_FILL_AREA ( #224 ) ;
#1638 = VERTEX_POINT ( 'NONE', #1404 ) ;
#1639 = COLOUR_RGB ( '',0.1019607843137254888, 0.1019607843137254888, 0.1019607843137254888 ) ;
#1640 = DIRECTION ( 'NONE',  ( 0.0000000000000000000, 0.0000000000000000000, 1.000000000000000000 ) ) ;
#1641 = COLOUR_RGB ( '',0.8666666666666666963, 0.7725490196078431682, 0.2156862745098039325 ) ;
#1642 = DIRECTION ( 'NONE',  ( 0.0000000000000000000, 0.0000000000000000000, 1.000000000000000000 ) ) ;
#1643 = LINE ( 'NONE', #1282, #163 ) ;
#1644 =( NAMED_UNIT ( * ) PLANE_ANGLE_UNIT ( ) SI_UNIT ( $, .RADIAN. ) );
#1645 = ORIENTED_EDGE ( 'NONE', *, *, #1793, .F. ) ;
#1646 = MECHANICAL_DESIGN_GEOMETRIC_PRESENTATION_REPRESENTATION (  '', ( #974 ), #28 ) ;
#1647 = EDGE_CURVE ( 'NONE', #400, #73, #1765, .T. ) ;
#1648 = UNCERTAINTY_MEASURE_WITH_UNIT (LENGTH_MEASURE( 1.000000000000000082E-05 ), #706, 'distance_accuracy_value', 'NONE');
#1649 =( NAMED_UNIT ( * ) PLANE_ANGLE_UNIT ( ) SI_UNIT ( $, .RADIAN. ) );
#1650 = CARTESIAN_POINT ( 'NONE',  ( 0.07256359958761590678, -0.02000000000000000042, 0.7621829240858799537 ) ) ;
#1651 = DIRECTION ( 'NONE',  ( -1.000000000000000000, 0.0000000000000000000, 0.0000000000000000000 ) ) ;
#1652 = CARTESIAN_POINT ( 'NONE',  ( 0.06003131717443470350, -0.02000000000000000042, 0.7330832898901310513 ) ) ;
#1653 = DIRECTION ( 'NONE',  ( 1.000000000000000000, 0.0000000000000000000, 0.0000000000000000000 ) ) ;
#1654 = LINE ( 'NONE', #726, #771 ) ;
#1655 = DIRECTION ( 'NONE',  ( 1.000000000000000000, 0.0000000000000000000, 0.0000000000000000000 ) ) ;
#1656 = ORIENTED_EDGE ( 'NONE', *, *, #1658, .F. ) ;
#1657 = DIRECTION ( 'NONE',  ( 0.0000000000000000000, 0.0000000000000000000, 1.000000000000000000 ) ) ;
#1658 = EDGE_CURVE ( 'NONE', #1964, #1659, #1414, .T. ) ;
#1659 = VERTEX_POINT ( 'NONE', #1602 ) ;
#1660 = FILL_AREA_STYLE ('',( #721 ) ) ;
#1661 = DIRECTION ( 'NONE',  ( 0.3955455025629641130, 0.0000000000000000000, 0.9184463813430875367 ) ) ;
#1662 = LINE ( 'NONE', #1925, #1532 ) ;
#1663 = LINE ( 'NONE', #419, #468 ) ;
#1664 = EDGE_LOOP ( 'NONE', ( #1489, #1707, #1512, #83 ) ) ;
#1665 = PRESENTATION_LAYER_ASSIGNMENT (  '', '', ( #251 ) ) ;
#1666 = CARTESIAN_POINT ( 'NONE',  ( 0.06003131717443468962, -0.02000000000000000042, 0.4103376530110829923 ) ) ;
#1667 = ORIENTED_EDGE ( 'NONE', *, *, #1353, .F. ) ;
#1668 = PRESENTATION_LAYER_ASSIGNMENT (  '', '', ( #470 ) ) ;
#1669 = STYLED_ITEM ( 'NONE', ( #464 ), #524 ) ;
#1670 = ITEM_DEFINED_TRANSFORMATION ( 'NONE', 'NONE', #646,  #411 ) ;
#1671 = PLANE ( 'NONE',  #254 ) ;
#1672 = AXIS2_PLACEMENT_3D ( 'NONE', #486, #1434, #461 ) ;
#1673 = PRESENTATION_LAYER_ASSIGNMENT (  '', '', ( #434 ) ) ;
#1674 = ORIENTED_EDGE ( 'NONE', *, *, #1484, .F. ) ;
#1675 =( REPRESENTATION_RELATIONSHIP ('NONE','NONE', #548, #1475 ) REPRESENTATION_RELATIONSHIP_WITH_TRANSFORMATION ( #1719 )SHAPE_REPRESENTATION_RELATIONSHIP( ) );
#1676 = MECHANICAL_DESIGN_GEOMETRIC_PRESENTATION_REPRESENTATION (  '', ( #18 ), #934 ) ;
#1677 = EDGE_CURVE ( 'NONE', #568, #1682, #1260, .T. ) ;
#1678 = VECTOR ( 'NONE', #355, 100.0000000000000000 ) ;
#1679 =( NAMED_UNIT ( * ) PLANE_ANGLE_UNIT ( ) SI_UNIT ( $, .RADIAN. ) );
#1680 = SURFACE_STYLE_FILL_AREA ( #2028 ) ;
#1681 = LINE ( 'NONE', #426, #1889 ) ;
#1682 = VERTEX_POINT ( 'NONE', #1104 ) ;
#1683 = UNCERTAINTY_MEASURE_WITH_UNIT (LENGTH_MEASURE( 1.000000000000000082E-05 ), #1746, 'distance_accuracy_value', 'NONE');
#1684 = LINE ( 'NONE', #234, #1708 ) ;
#1685 = AXIS2_PLACEMENT_3D ( 'NONE', #2068, #127, #1111 ) ;
#1686 = ORIENTED_EDGE ( 'NONE', *, *, #770, .F. ) ;
#1687 = SURFACE_STYLE_USAGE ( .BOTH. , #1037 ) ;
#1688 = ORIENTED_EDGE ( 'NONE', *, *, #447, .T. ) ;
#1689 = SURFACE_STYLE_FILL_AREA ( #1711 ) ;
#1690 = SURFACE_STYLE_USAGE ( .BOTH. , #1855 ) ;
#1691 =( NAMED_UNIT ( * ) PLANE_ANGLE_UNIT ( ) SI_UNIT ( $, .RADIAN. ) );
#1692 = ORIENTED_EDGE ( 'NONE', *, *, #1957, .F. ) ;
#1693 = SURFACE_STYLE_USAGE ( .BOTH. , #1227 ) ;
#1694 = VERTEX_POINT ( 'NONE', #157 ) ;
#1695 = CARTESIAN_POINT ( 'NONE',  ( -0.1270000000000000018, 0.1270000000000000018, 0.8500000000000000888 ) ) ;
#1696 = ORIENTED_EDGE ( 'NONE', *, *, #1754, .T. ) ;
#1697 = PLANE ( 'NONE',  #531 ) ;
#1698 = FACE_OUTER_BOUND ( 'NONE', #1664, .T. ) ;
#1699 = PLANE ( 'NONE',  #1059 ) ;
#1700 = CARTESIAN_POINT ( 'NONE',  ( 0.01064999999999999974, -0.02000000000000000042, -1.045954227447509988 ) ) ;
#1701 = CARTESIAN_POINT ( 'NONE',  ( -0.02687348134688750251, -0.02000000000000000042, -1.006546407085610051 ) ) ;
#1702 = ADVANCED_FACE ( 'NONE', ( #1081 ), #1912, .F. ) ;
#1703 = SURFACE_SIDE_STYLE ('',( #1052 ) ) ;
#1704 = ORIENTED_EDGE ( 'NONE', *, *, #1353, .T. ) ;
#1705 = VECTOR ( 'NONE', #1320, 100.0000000000000000 ) ;
#1706 = FILL_AREA_STYLE ('',( #918 ) ) ;
#1707 = ORIENTED_EDGE ( 'NONE', *, *, #1658, .T. ) ;
#1708 = VECTOR ( 'NONE', #69, 100.0000000000000000 ) ;
#1709 = VECTOR ( 'NONE', #63, 100.0000000000000000 ) ;
#1710 = CARTESIAN_POINT ( 'NONE',  ( 0.02130000000000010704, -0.02000000000000000042, -1.045954227447509988 ) ) ;
#1711 = FILL_AREA_STYLE ('',( #1368 ) ) ;
#1712 = CIRCLE ( 'NONE', #501, 0.009999999999999939493 ) ;
#1713 = LINE ( 'NONE', #625, #188 ) ;
#1714 =( GEOMETRIC_REPRESENTATION_CONTEXT ( 3 ) GLOBAL_UNCERTAINTY_ASSIGNED_CONTEXT ( ( #536 ) ) GLOBAL_UNIT_ASSIGNED_CONTEXT ( ( #276, #768, #180 ) ) REPRESENTATION_CONTEXT ( 'NONE', 'WORKASPACE' ) );
#1715 = CARTESIAN_POINT ( 'NONE',  ( -0.1000000000000000056, 0.0000000000000000000, 0.0000000000000000000 ) ) ;
#1716 = PRODUCT_DEFINITION_SHAPE ( 'NONE', 'NONE',  #2095 ) ;
#1717 = EDGE_LOOP ( 'NONE', ( #1197, #859, #1034, #1038 ) ) ;
#1718 = ADVANCED_FACE ( 'NONE', ( #1753 ), #1273, .T. ) ;
#1719 = ITEM_DEFINED_TRANSFORMATION ( 'NONE', 'NONE', #1010,  #411 ) ;
#1720 = DIRECTION ( 'NONE',  ( 0.0000000000000000000, 0.0000000000000000000, 1.000000000000000000 ) ) ;
#1721 = ORIENTED_EDGE ( 'NONE', *, *, #1632, .F. ) ;
#1722 = PRESENTATION_STYLE_ASSIGNMENT (( #275 ) ) ;
#1723 = FACE_OUTER_BOUND ( 'NONE', #314, .T. ) ;
#1724 = DIRECTION ( 'NONE',  ( -0.0000000000000000000, -1.000000000000000000, 0.0000000000000000000 ) ) ;
#1725 =( NAMED_UNIT ( * ) PLANE_ANGLE_UNIT ( ) SI_UNIT ( $, .RADIAN. ) );
#1726 = CARTESIAN_POINT ( 'NONE',  ( 0.0000000000000000000, -0.1000000000000000056, 0.7399999999999999911 ) ) ;
#1727 = PLANE ( 'NONE',  #1158 ) ;
#1728 = ORIENTED_EDGE ( 'NONE', *, *, #469, .F. ) ;
#1729 = UNCERTAINTY_MEASURE_WITH_UNIT (LENGTH_MEASURE( 1.000000000000000082E-05 ), #1157, 'distance_accuracy_value', 'NONE');
#1730 = EDGE_CURVE ( 'NONE', #720, #415, #1614, .T. ) ;
#1731 = EDGE_CURVE ( 'NONE', #1833, #1374, #1145, .T. ) ;
#1732 = DIRECTION ( 'NONE',  ( 0.0000000000000000000, 0.0000000000000000000, 1.000000000000000000 ) ) ;
#1733 = SURFACE_SIDE_STYLE ('',( #1078 ) ) ;
#1734 = PRODUCT_DEFINITION_SHAPE ( 'NONE', 'NONE',  #2101 ) ;
#1735 = DIRECTION ( 'NONE',  ( -0.0000000000000000000, -1.000000000000000000, -0.0000000000000000000 ) ) ;
#1736 = CARTESIAN_POINT ( 'NONE',  ( 0.03244696269377574105, 0.02000000000000001082, -0.9671385867236962364 ) ) ;
#1737 = DIRECTION ( 'NONE',  ( -0.1400372197710402777, 0.0000000000000000000, 0.9901462402487812842 ) ) ;
#1738 =( NAMED_UNIT ( * ) PLANE_ANGLE_UNIT ( ) SI_UNIT ( $, .RADIAN. ) );
#1739 = ORIENTED_EDGE ( 'NONE', *, *, #1516, .F. ) ;
#1740 = COLOUR_RGB ( '',0.8666666666666666963, 0.7725490196078431682, 0.2156862745098039325 ) ;
#1741 = FILL_AREA_STYLE ('',( #781 ) ) ;
#1742 = SURFACE_STYLE_USAGE ( .BOTH. , #319 ) ;
#1743 = EDGE_CURVE ( 'NONE', #1325, #587, #6, .T. ) ;
#1744 = CIRCLE ( 'NONE', #1432, 0.2547114388012230446 ) ;
#1745 = AXIS2_PLACEMENT_3D ( 'NONE', #1467, #144, #1437 ) ;
#1746 =( LENGTH_UNIT ( ) NAMED_UNIT ( * ) SI_UNIT ( .CENTI., .METRE. ) );
#1747 = STYLED_ITEM ( 'NONE', ( #668 ), #796 ) ;
#1748 = PLANE ( 'NONE',  #1841 ) ;
#1749 = CARTESIAN_POINT ( 'NONE',  ( 1.892425610156520157E-18, 0.0000000000000000000, 0.8500000000000000888 ) ) ;
#1750 = ITEM_DEFINED_TRANSFORMATION ( 'NONE', 'NONE', #849,  #411 ) ;
#1751 = SURFACE_STYLE_FILL_AREA ( #1741 ) ;
#1752 = COLOUR_RGB ( '',0.8666666666666666963, 0.7725490196078431682, 0.2156862745098039325 ) ;
#1753 = FACE_OUTER_BOUND ( 'NONE', #35, .T. ) ;
#1754 = EDGE_CURVE ( 'NONE', #136, #20, #672, .T. ) ;
#1755 = LINE ( 'NONE', #1547, #1570 ) ;
#1756 = DIRECTION ( 'NONE',  ( -2.078962154847970352E-32, 1.000000000000000000, -7.979599084288239752E-33 ) ) ;
#1757 = DIRECTION ( 'NONE',  ( 0.7071067811865460184, 0.0000000000000000000, 0.7071067811865490160 ) ) ;
#1758 = SURFACE_STYLE_FILL_AREA ( #1239 ) ;
#1759 = ORIENTED_EDGE ( 'NONE', *, *, #391, .T. ) ;
#1760 = ITEM_DEFINED_TRANSFORMATION ( 'NONE', 'NONE', #198,  #411 ) ;
#1761 = CARTESIAN_POINT ( 'NONE',  ( -0.02130000000000010704, 0.02000000000000001082, -1.045954227447509988 ) ) ;
#1762 = DIRECTION ( 'NONE',  ( 0.0000000000000000000, 0.0000000000000000000, -1.000000000000000000 ) ) ;
#1763 = PRESENTATION_STYLE_ASSIGNMENT (( #472 ) ) ;
#1764 = FILL_AREA_STYLE_COLOUR ( '', #1752 ) ;
#1765 = LINE ( 'NONE', #802, #601 ) ;
#1766 = EDGE_LOOP ( 'NONE', ( #350, #924, #1525, #600 ) ) ;
#1767 = ADVANCED_FACE ( 'NONE', ( #376 ), #517, .T. ) ;
#1768 = LINE ( 'NONE', #1605, #17 ) ;
#1769 = CARTESIAN_POINT ( 'NONE',  ( 9.462128050782550710E-19, -0.04999999999999991257, 0.8000000000000000444 ) ) ;
#1770 = VECTOR ( 'NONE', #1915, 100.0000000000000000 ) ;
#1771 = MECHANICAL_DESIGN_GEOMETRIC_PRESENTATION_REPRESENTATION (  '', ( #734 ), #1154 ) ;
#1772 = DIRECTION ( 'NONE',  ( 0.0000000000000000000, 1.000000000000000000, 0.0000000000000000000 ) ) ;
#1773 = FILL_AREA_STYLE ('',( #300 ) ) ;
#1774 = LINE ( 'NONE', #333, #611 ) ;
#1775 = MECHANICAL_DESIGN_GEOMETRIC_PRESENTATION_REPRESENTATION (  '', ( #1297 ), #494 ) ;
#1776 = STYLED_ITEM ( 'NONE', ( #996 ), #1425 ) ;
#1777 =( NAMED_UNIT ( * ) SI_UNIT ( $, .STERADIAN. ) SOLID_ANGLE_UNIT ( ) );
#1778 = ORIENTED_EDGE ( 'NONE', *, *, #539, .F. ) ;
#1779 = AXIS2_PLACEMENT_3D ( 'NONE', #199, #1953, #982 ) ;
#1780 =( NAMED_UNIT ( * ) SI_UNIT ( $, .STERADIAN. ) SOLID_ANGLE_UNIT ( ) );
#1781 = EDGE_CURVE ( 'NONE', #1048, #30, #1796, .T. ) ;
#1782 = DIRECTION ( 'NONE',  ( 0.0000000000000000000, 0.0000000000000000000, 1.000000000000000000 ) ) ;
#1783 = DIRECTION ( 'NONE',  ( 0.0000000000000000000, 0.0000000000000000000, 1.000000000000000000 ) ) ;
#1784 = ORIENTED_EDGE ( 'NONE', *, *, #242, .F. ) ;
#1785 = CARTESIAN_POINT ( 'NONE',  ( -0.06003131717443468962, -0.02000000000000000042, 0.5529086589813230201 ) ) ;
#1786 = ORIENTED_EDGE ( 'NONE', *, *, #324, .T. ) ;
#1787 = UNCERTAINTY_MEASURE_WITH_UNIT (LENGTH_MEASURE( 1.000000000000000082E-05 ), #515, 'distance_accuracy_value', 'NONE');
#1788 = SURFACE_STYLE_FILL_AREA ( #24 ) ;
#1789 = DIRECTION ( 'NONE',  ( 0.0000000000000000000, 0.0000000000000000000, 1.000000000000000000 ) ) ;
#1790 = CARTESIAN_POINT ( 'NONE',  ( 0.7620000000000000107, 0.0000000000000000000, 0.0000000000000000000 ) ) ;
#1791 = DIRECTION ( 'NONE',  ( 0.3955455025629641130, 0.0000000000000000000, 0.9184463813430875367 ) ) ;
#1792 = ORIENTED_EDGE ( 'NONE', *, *, #1677, .T. ) ;
#1793 = EDGE_CURVE ( 'NONE', #1325, #422, #178, .T. ) ;
#1794 = SURFACE_STYLE_USAGE ( .BOTH. , #1443 ) ;
#1795 =( NAMED_UNIT ( * ) SI_UNIT ( $, .STERADIAN. ) SOLID_ANGLE_UNIT ( ) );
#1796 = LINE ( 'NONE', #1622, #1849 ) ;
#1797 = VERTEX_POINT ( 'NONE', #993 ) ;
#1798 = CARTESIAN_POINT ( 'NONE',  ( 0.0000000000000000000, 0.05000000000000000278, 0.7399999999999999911 ) ) ;
#1799 =( LENGTH_UNIT ( ) NAMED_UNIT ( * ) SI_UNIT ( .CENTI., .METRE. ) );
#1800 = CARTESIAN_POINT ( 'NONE',  ( 9.462128050782550710E-19, -0.07499999999999999722, 0.8250000000000000666 ) ) ;
#1801 = VECTOR ( 'NONE', #1251, 100.0000000000000000 ) ;
#1802 =( NAMED_UNIT ( * ) SI_UNIT ( $, .STERADIAN. ) SOLID_ANGLE_UNIT ( ) );
#1803 = ADVANCED_FACE ( 'NONE', ( #34 ), #690, .T. ) ;
#1804 = COLOUR_RGB ( '',1.000000000000000000, 1.000000000000000000, 1.000000000000000000 ) ;
#1805 = FILL_AREA_STYLE_COLOUR ( '', #1159 ) ;
#1806 =( GEOMETRIC_REPRESENTATION_CONTEXT ( 3 ) GLOBAL_UNCERTAINTY_ASSIGNED_CONTEXT ( ( #629 ) ) GLOBAL_UNIT_ASSIGNED_CONTEXT ( ( #1942, #1624, #1780 ) ) REPRESENTATION_CONTEXT ( 'NONE', 'WORKASPACE' ) );
#1807 = ORIENTED_EDGE ( 'NONE', *, *, #84, .F. ) ;
#1808 = COLOUR_RGB ( '',0.05882352941176470507, 0.05882352941176470507, 0.05882352941176470507 ) ;
#1809 = PRESENTATION_LAYER_ASSIGNMENT (  '', '', ( #1747 ) ) ;
#1810 = FACE_OUTER_BOUND ( 'NONE', #555, .T. ) ;
#1811 = VECTOR ( 'NONE', #368, 100.0000000000000142 ) ;
#1812 = VECTOR ( 'NONE', #1724, 100.0000000000000000 ) ;
#1813 = DIRECTION ( 'NONE',  ( 1.000000000000000000, 0.0000000000000000000, 0.0000000000000000000 ) ) ;
#1814 = COLOUR_RGB ( '',0.8666666666666666963, 0.7725490196078431682, 0.2156862745098039325 ) ;
#1815 = PRESENTATION_STYLE_ASSIGNMENT (( #862 ) ) ;
#1816 = CARTESIAN_POINT ( 'NONE',  ( -0.06003131717443484228, -0.02000000000000000042, 0.2677666470408440191 ) ) ;
#1817 = VECTOR ( 'NONE', #175, 100.0000000000000000 ) ;
#1818 = ORIENTED_EDGE ( 'NONE', *, *, #469, .T. ) ;
#1819 = EDGE_CURVE ( 'NONE', #1922, #1982, #881, .T. ) ;
#1820 = DIRECTION ( 'NONE',  ( 0.0000000000000000000, -0.0000000000000000000, 1.000000000000000000 ) ) ;
#1821 = ORIENTED_EDGE ( 'NONE', *, *, #274, .T. ) ;
#1822 = DIRECTION ( 'NONE',  ( 1.000000000000000000, 0.0000000000000000000, 0.0000000000000000000 ) ) ;
#1823 = CARTESIAN_POINT ( 'NONE',  ( 0.06003131717443468962, -0.02000000000000000042, 0.2677666470408440191 ) ) ;
#1824 = ORIENTED_EDGE ( 'NONE', *, *, #2070, .T. ) ;
#1825 = APPLICATION_CONTEXT ( 'automotive_design' ) ;
#1826 = UNCERTAINTY_MEASURE_WITH_UNIT (LENGTH_MEASURE( 1.000000000000000082E-05 ), #1967, 'distance_accuracy_value', 'NONE');
#1827 = SURFACE_STYLE_FILL_AREA ( #828 ) ;
#1828 = FILL_AREA_STYLE ('',( #1172 ) ) ;
#1829 = DIRECTION ( 'NONE',  ( 0.3955455025629641130, 0.0000000000000000000, -0.9184463813430875367 ) ) ;
#1830 = DIRECTION ( 'NONE',  ( -0.0000000000000000000, -1.000000000000000000, -0.0000000000000000000 ) ) ;
#1831 = PLANE ( 'NONE',  #1631 ) ;
#1832 = DIRECTION ( 'NONE',  ( 0.0000000000000000000, 0.0000000000000000000, -1.000000000000000000 ) ) ;
#1833 = VERTEX_POINT ( 'NONE', #762 ) ;
#1834 = MANIFOLD_SOLID_BREP ( 'Imported1', #325 ) ;
#1835 = CONTEXT_DEPENDENT_SHAPE_REPRESENTATION ( #1510, #1960 ) ;
#1836 = LINE ( 'NONE', #1695, #803 ) ;
#1837 = ORIENTED_EDGE ( 'NONE', *, *, #1212, .T. ) ;
#1838 = CARTESIAN_POINT ( 'NONE',  ( 0.0000000000000000000, -0.1270000000000000018, 0.8500000000000000888 ) ) ;
#1839 =( LENGTH_UNIT ( ) NAMED_UNIT ( * ) SI_UNIT ( .CENTI., .METRE. ) );
#1840 = FILL_AREA_STYLE_COLOUR ( '', #1740 ) ;
#1841 = AXIS2_PLACEMENT_3D ( 'NONE', #1071, #2050, #304 ) ;
#1842 = VECTOR ( 'NONE', #1471, 100.0000000000000000 ) ;
#1843 = DIRECTION ( 'NONE',  ( -0.0000000000000000000, 0.0000000000000000000, -1.000000000000000000 ) ) ;
#1844 = ORIENTED_EDGE ( 'NONE', *, *, #1618, .T. ) ;
#1845 = COLOUR_RGB ( '',0.1019607843137254888, 0.1019607843137254888, 0.1019607843137254888 ) ;
#1846 = PRESENTATION_LAYER_ASSIGNMENT (  '', '', ( #256 ) ) ;
#1847 = ITEM_DEFINED_TRANSFORMATION ( 'NONE', 'NONE', #1069,  #411 ) ;
#1848 = FACE_OUTER_BOUND ( 'NONE', #1036, .T. ) ;
#1849 = VECTOR ( 'NONE', #1480, 100.0000000000000000 ) ;
#1850 = COLOUR_RGB ( '',0.06666666666666666574, 0.06666666666666666574, 0.06666666666666666574 ) ;
#1851 = VERTEX_POINT ( 'NONE', #576 ) ;
#1852 =( GEOMETRIC_REPRESENTATION_CONTEXT ( 3 ) GLOBAL_UNCERTAINTY_ASSIGNED_CONTEXT ( ( #1449 ) ) GLOBAL_UNIT_ASSIGNED_CONTEXT ( ( #245, #278, #452 ) ) REPRESENTATION_CONTEXT ( 'NONE', 'WORKASPACE' ) );
#1853 = SURFACE_STYLE_FILL_AREA ( #1178 ) ;
#1854 =( NAMED_UNIT ( * ) SI_UNIT ( $, .STERADIAN. ) SOLID_ANGLE_UNIT ( ) );
#1855 = SURFACE_SIDE_STYLE ('',( #724 ) ) ;
#1856 = VECTOR ( 'NONE', #1155, 100.0000000000000000 ) ;
#1857 = CARTESIAN_POINT ( 'NONE',  ( 0.03244696269377490144, 0.02000000000000000042, 0.02843064381840689978 ) ) ;
#1858 = ORIENTED_EDGE ( 'NONE', *, *, #1442, .F. ) ;
#1859 = PRODUCT_DEFINITION_CONTEXT ( 'detailed design', #65, 'design' ) ;
#1860 =( REPRESENTATION_RELATIONSHIP ('NONE','NONE', #548, #1475 ) REPRESENTATION_RELATIONSHIP_WITH_TRANSFORMATION ( #1576 )SHAPE_REPRESENTATION_RELATIONSHIP( ) );
#1861 = CARTESIAN_POINT ( 'NONE',  ( -0.03244696269377490144, 0.02000000000000000042, 0.08882838487625120683 ) ) ;
#1862 = EDGE_LOOP ( 'NONE', ( #1837, #1356, #170, #291 ) ) ;
#1863 = DIRECTION ( 'NONE',  ( 0.0000000000000000000, -1.000000000000000000, -0.0000000000000000000 ) ) ;
#1864 = ORIENTED_EDGE ( 'NONE', *, *, #1389, .F. ) ;
#1865 = FILL_AREA_STYLE_COLOUR ( '', #335 ) ;
#1866 =( NAMED_UNIT ( * ) PLANE_ANGLE_UNIT ( ) SI_UNIT ( $, .RADIAN. ) );
#1867 = EDGE_CURVE ( 'NONE', #893, #1380, #1681, .T. ) ;
#1868 = ORIENTED_EDGE ( 'NONE', *, *, #1781, .T. ) ;
#1869 = FACE_OUTER_BOUND ( 'NONE', #1504, .T. ) ;
#1870 = ORIENTED_EDGE ( 'NONE', *, *, #1677, .F. ) ;
#1871 =( LENGTH_UNIT ( ) NAMED_UNIT ( * ) SI_UNIT ( .CENTI., .METRE. ) );
#1872 = VERTEX_POINT ( 'NONE', #1060 ) ;
#1873 = DIRECTION ( 'NONE',  ( 0.0000000000000000000, 0.0000000000000000000, -1.000000000000000000 ) ) ;
#1874 = EDGE_CURVE ( 'NONE', #136, #1797, #1663, .T. ) ;
#1875 = SURFACE_SIDE_STYLE ('',( #1193 ) ) ;
#1876 = CARTESIAN_POINT ( 'NONE',  ( 0.1270000000000000018, -0.1270000000000000018, 0.0000000000000000000 ) ) ;
#1877 = PRODUCT_DEFINITION_CONTEXT ( 'detailed design', #1825, 'design' ) ;
#1878 = AXIS2_PLACEMENT_3D ( 'NONE', #782, #139, #1908 ) ;
#1879 = ORIENTED_EDGE ( 'NONE', *, *, #1416, .T. ) ;
#1880 = VECTOR ( 'NONE', #88, 100.0000000000000000 ) ;
#1881 = ORIENTED_EDGE ( 'NONE', *, *, #1004, .F. ) ;
#1882 = PRESENTATION_LAYER_ASSIGNMENT (  '', '', ( #1669 ) ) ;
#1883 = VECTOR ( 'NONE', #2079, 100.0000000000000000 ) ;
#1884 = AXIS2_PLACEMENT_3D ( 'NONE', #1800, #1949, #205 ) ;
#1885 = PRESENTATION_STYLE_ASSIGNMENT (( #284 ) ) ;
#1886 = PRESENTATION_STYLE_ASSIGNMENT (( #1742 ) ) ;
#1887 = COLOUR_RGB ( '',0.1019607843137254888, 0.1019607843137254888, 0.1019607843137254888 ) ;
#1888 = AXIS2_PLACEMENT_3D ( 'NONE', #658, #320, #151 ) ;
#1889 = VECTOR ( 'NONE', #1830, 100.0000000000000000 ) ;
#1890 = CARTESIAN_POINT ( 'NONE',  ( -0.09428034581422810312, -0.02000000000000000042, 0.7973271032559989813 ) ) ;
#1891 = STYLED_ITEM ( 'NONE', ( #491 ), #1364 ) ;
#1892 = LINE ( 'NONE', #1715, #489 ) ;
#1893 = PRODUCT ( 'User Library-SIL_Socket08_', 'User Library-SIL_Socket08_', '', ( #1541 ) ) ;
#1894 = CARTESIAN_POINT ( 'NONE',  ( 0.1000000000000000888, 0.1000000000000000056, 0.8500000000000000888 ) ) ;
#1895 = VERTEX_POINT ( 'NONE', #66 ) ;
#1896 = EDGE_CURVE ( 'NONE', #1528, #1153, #1391, .T. ) ;
#1897 = CONTEXT_DEPENDENT_SHAPE_REPRESENTATION ( #657, #441 ) ;
#1898 = CARTESIAN_POINT ( 'NONE',  ( -0.1000000000000000056, 0.1000000000000000056, 0.0000000000000000000 ) ) ;
#1899 = FILL_AREA_STYLE_COLOUR ( '', #1035 ) ;
#1900 = DIRECTION ( 'NONE',  ( 0.0000000000000000000, 1.000000000000000000, 0.0000000000000000000 ) ) ;
#1901 = SURFACE_STYLE_USAGE ( .BOTH. , #115 ) ;
#1902 = DIRECTION ( 'NONE',  ( -0.9901462402487813952, 0.0000000000000000000, -0.1400372197710403055 ) ) ;
#1903 = LINE ( 'NONE', #1583, #1223 ) ;
#1904 = VERTEX_POINT ( 'NONE', #1503 ) ;
#1905 = CONTEXT_DEPENDENT_SHAPE_REPRESENTATION ( #1860, #1388 ) ;
#1906 =( NAMED_UNIT ( * ) SI_UNIT ( $, .STERADIAN. ) SOLID_ANGLE_UNIT ( ) );
#1907 = EDGE_CURVE ( 'NONE', #1374, #1797, #1050, .T. ) ;
#1908 = DIRECTION ( 'NONE',  ( 0.0000000000000000000, 0.0000000000000000000, 1.000000000000000000 ) ) ;
#1909 = FILL_AREA_STYLE_COLOUR ( '', #633 ) ;
#1910 = PRESENTATION_STYLE_ASSIGNMENT (( #1257 ) ) ;
#1911 = FACE_OUTER_BOUND ( 'NONE', #1520, .T. ) ;
#1912 = PLANE ( 'NONE',  #1672 ) ;
#1913 = EDGE_LOOP ( 'NONE', ( #1415, #1584, #481, #249 ) ) ;
#1914 =( GEOMETRIC_REPRESENTATION_CONTEXT ( 3 ) GLOBAL_UNCERTAINTY_ASSIGNED_CONTEXT ( ( #1648 ) ) GLOBAL_UNIT_ASSIGNED_CONTEXT ( ( #706, #212, #544 ) ) REPRESENTATION_CONTEXT ( 'NONE', 'WORKASPACE' ) );
#1915 = DIRECTION ( 'NONE',  ( -0.0000000000000000000, 1.000000000000000000, 0.0000000000000000000 ) ) ;
#1916 = DIRECTION ( 'NONE',  ( 1.000000000000000000, 0.0000000000000000000, 0.0000000000000000000 ) ) ;
#1917 = STYLED_ITEM ( 'NONE', ( #1763 ), #638 ) ;
#1918 =( GEOMETRIC_REPRESENTATION_CONTEXT ( 3 ) GLOBAL_UNCERTAINTY_ASSIGNED_CONTEXT ( ( #448 ) ) GLOBAL_UNIT_ASSIGNED_CONTEXT ( ( #1633, #19, #528 ) ) REPRESENTATION_CONTEXT ( 'NONE', 'WORKASPACE' ) );
#1919 = COLOUR_RGB ( '',1.000000000000000000, 1.000000000000000000, 1.000000000000000000 ) ;
#1920 = STYLED_ITEM ( 'NONE', ( #1109 ), #1210 ) ;
#1921 =( GEOMETRIC_REPRESENTATION_CONTEXT ( 3 ) GLOBAL_UNCERTAINTY_ASSIGNED_CONTEXT ( ( #214 ) ) GLOBAL_UNIT_ASSIGNED_CONTEXT ( ( #748, #215, #409 ) ) REPRESENTATION_CONTEXT ( 'NONE', 'WORKASPACE' ) );
#1922 = VERTEX_POINT ( 'NONE', #57 ) ;
#1923 = UNCERTAINTY_MEASURE_WITH_UNIT (LENGTH_MEASURE( 1.000000000000000082E-05 ), #1620, 'distance_accuracy_value', 'NONE');
#1924 = PRODUCT_DEFINITION_SHAPE ( 'NONE', 'NONE',  #2096 ) ;
#1925 = CARTESIAN_POINT ( 'NONE',  ( 0.1270000000000000018, 0.1270000000000000018, 0.8500000000000000888 ) ) ;
#1926 = LINE ( 'NONE', #2082, #1770 ) ;
#1927 = FILL_AREA_STYLE ('',( #1909 ) ) ;
#1928 = VECTOR ( 'NONE', #1653, 100.0000000000000000 ) ;
#1929 = CARTESIAN_POINT ( 'NONE',  ( -0.1000000000000000056, -0.1000000000000000056, 0.0000000000000000000 ) ) ;
#1930 = DIRECTION ( 'NONE',  ( -0.0000000000000000000, -0.0000000000000000000, 1.000000000000000000 ) ) ;
#1931 = CYLINDRICAL_SURFACE ( 'NONE', #1685, 0.009999999999999939493 ) ;
#1932 = EDGE_CURVE ( 'NONE', #1851, #1344, #967, .T. ) ;
#1933 = FILL_AREA_STYLE_COLOUR ( '', #399 ) ;
#1934 = VERTEX_POINT ( 'NONE', #1360 ) ;
#1935 = DIRECTION ( 'NONE',  ( -0.0000000000000000000, 0.0000000000000000000, -1.000000000000000000 ) ) ;
#1936 = FACE_OUTER_BOUND ( 'NONE', #1635, .T. ) ;
#1937 = DIRECTION ( 'NONE',  ( -1.000000000000000000, 0.0000000000000000000, 0.0000000000000000000 ) ) ;
#1938 =( LENGTH_UNIT ( ) NAMED_UNIT ( * ) SI_UNIT ( .CENTI., .METRE. ) );
#1939 = EDGE_CURVE ( 'NONE', #1365, #2004, #596, .T. ) ;
#1940 = DIRECTION ( 'NONE',  ( -0.0000000000000000000, -1.000000000000000000, 0.0000000000000000000 ) ) ;
#1941 = ORIENTED_EDGE ( 'NONE', *, *, #312, .F. ) ;
#1942 =( LENGTH_UNIT ( ) NAMED_UNIT ( * ) SI_UNIT ( .CENTI., .METRE. ) );
#1943 = CARTESIAN_POINT ( 'NONE',  ( -0.1042803458142280149, -0.02000000000000000042, 0.08882838487625122070 ) ) ;
#1944 = DIRECTION ( 'NONE',  ( 1.000000000000000000, 0.0000000000000000000, 0.0000000000000000000 ) ) ;
#1945 =( NAMED_UNIT ( * ) SI_UNIT ( $, .STERADIAN. ) SOLID_ANGLE_UNIT ( ) );
#1946 = ORIENTED_EDGE ( 'NONE', *, *, #1743, .T. ) ;
#1947 = PRESENTATION_LAYER_ASSIGNMENT (  '', '', ( #1026 ) ) ;
#1948 =( NAMED_UNIT ( * ) PLANE_ANGLE_UNIT ( ) SI_UNIT ( $, .RADIAN. ) );
#1949 = DIRECTION ( 'NONE',  ( 8.065349974140638857E-32, 0.7071067811865460184, 0.7071067811865490160 ) ) ;
#1950 = DIRECTION ( 'NONE',  ( -0.0000000000000000000, 1.000000000000000000, 0.0000000000000000000 ) ) ;
#1951 =( GEOMETRIC_REPRESENTATION_CONTEXT ( 3 ) GLOBAL_UNCERTAINTY_ASSIGNED_CONTEXT ( ( #709 ) ) GLOBAL_UNIT_ASSIGNED_CONTEXT ( ( #532, #1005, #1298 ) ) REPRESENTATION_CONTEXT ( 'NONE', 'WORKASPACE' ) );
#1952 = MECHANICAL_DESIGN_GEOMETRIC_PRESENTATION_REPRESENTATION (  '', ( #1062 ), #666 ) ;
#1953 = DIRECTION ( 'NONE',  ( 0.0000000000000000000, 1.000000000000000000, 0.0000000000000000000 ) ) ;
#1954 = ORIENTED_EDGE ( 'NONE', *, *, #378, .T. ) ;
#1955 = STYLED_ITEM ( 'NONE', ( #688 ), #1226 ) ;
#1956 = AXIS2_PLACEMENT_3D ( 'NONE', #975, #783, #1115 ) ;
#1957 = EDGE_CURVE ( 'NONE', #415, #2004, #1566, .T. ) ;
#1958 = DIRECTION ( 'NONE',  ( 1.000000000000000000, 0.0000000000000000000, 0.0000000000000000000 ) ) ;
#1959 = SURFACE_SIDE_STYLE ('',( #1595 ) ) ;
#1960 = PRODUCT_DEFINITION_SHAPE ( 'NONE', 'NONE',  #2092 ) ;
#1961 = MECHANICAL_DESIGN_GEOMETRIC_PRESENTATION_REPRESENTATION (  '', ( #876 ), #944 ) ;
#1962 =( LENGTH_UNIT ( ) NAMED_UNIT ( * ) SI_UNIT ( .CENTI., .METRE. ) );
#1963 = MECHANICAL_DESIGN_GEOMETRIC_PRESENTATION_REPRESENTATION (  '', ( #16 ), #331 ) ;
#1964 = VERTEX_POINT ( 'NONE', #1581 ) ;
#1965 = UNCERTAINTY_MEASURE_WITH_UNIT (LENGTH_MEASURE( 1.000000000000000082E-05 ), #1445, 'distance_accuracy_value', 'NONE');
#1966 = CARTESIAN_POINT ( 'NONE',  ( 0.1000000000000000056, 0.0000000000000000000, 0.8500000000000000888 ) ) ;
#1967 =( LENGTH_UNIT ( ) NAMED_UNIT ( * ) SI_UNIT ( .CENTI., .METRE. ) );
#1968 = EDGE_CURVE ( 'NONE', #1352, #973, #801, .T. ) ;
#1969 = LINE ( 'NONE', #1976, #775 ) ;
#1970 = CARTESIAN_POINT ( 'NONE',  ( -0.09428034581422810312, -0.02000000000000000042, 0.7873271032559990834 ) ) ;
#1971 = SURFACE_SIDE_STYLE ('',( #15 ) ) ;
#1972 =( LENGTH_UNIT ( ) NAMED_UNIT ( * ) SI_UNIT ( .CENTI., .METRE. ) );
#1973 = EDGE_LOOP ( 'NONE', ( #1759, #916, #1807, #2007 ) ) ;
#1974 = CYLINDRICAL_SURFACE ( 'NONE', #1573, 0.01000000000000028644 ) ;
#1975 = CARTESIAN_POINT ( 'NONE',  ( 1.778000000000000025, 0.0000000000000000000, 0.0000000000000000000 ) ) ;
#1976 = CARTESIAN_POINT ( 'NONE',  ( 0.1270000000000000018, -0.1270000000000000018, 0.8500000000000000888 ) ) ;
#1977 = CARTESIAN_POINT ( 'NONE',  ( 0.05000000000000000278, 0.05000000000000000278, 0.8500000000000000888 ) ) ;
#1978 =( GEOMETRIC_REPRESENTATION_CONTEXT ( 3 ) GLOBAL_UNCERTAINTY_ASSIGNED_CONTEXT ( ( #1121 ) ) GLOBAL_UNIT_ASSIGNED_CONTEXT ( ( #460, #1238, #289 ) ) REPRESENTATION_CONTEXT ( 'NONE', 'WORKASPACE' ) );
#1979 = SURFACE_SIDE_STYLE ('',( #991 ) ) ;
#1980 = ADVANCED_FACE ( 'NONE', ( #2078 ), #943, .T. ) ;
#1981 = SURFACE_STYLE_FILL_AREA ( #1473 ) ;
#1982 = VERTEX_POINT ( 'NONE', #1736 ) ;
#1983 = VECTOR ( 'NONE', #82, 100.0000000000000142 ) ;
#1984 = PLANE ( 'NONE',  #899 ) ;
#1985 = VERTEX_POINT ( 'NONE', #1929 ) ;
#1986 = DIRECTION ( 'NONE',  ( 0.0000000000000000000, 0.0000000000000000000, 1.000000000000000000 ) ) ;
#1987 = STYLED_ITEM ( 'NONE', ( #1237 ), #1980 ) ;
#1988 = AXIS2_PLACEMENT_3D ( 'NONE', #239, #1651, #1161 ) ;
#1989 = DIRECTION ( 'NONE',  ( 0.0000000000000000000, -0.0000000000000000000, 1.000000000000000000 ) ) ;
#1990 = SURFACE_STYLE_FILL_AREA ( #1019 ) ;
#1991 = AXIS2_PLACEMENT_3D ( 'NONE', #1454, #375, #840 ) ;
#1992 = ADVANCED_FACE ( 'NONE', ( #929 ), #1931, .T. ) ;
#1993 = DIRECTION ( 'NONE',  ( -0.0000000000000000000, 1.000000000000000000, 0.0000000000000000000 ) ) ;
#1994 = ORIENTED_EDGE ( 'NONE', *, *, #774, .F. ) ;
#1995 = AXIS2_PLACEMENT_3D ( 'NONE', #1287, #1312, #1944 ) ;
#1996 = ORIENTED_EDGE ( 'NONE', *, *, #1731, .F. ) ;
#1997 =( NAMED_UNIT ( * ) PLANE_ANGLE_UNIT ( ) SI_UNIT ( $, .RADIAN. ) );
#1998 = SURFACE_SIDE_STYLE ('',( #729 ) ) ;
#1999 = ORIENTED_EDGE ( 'NONE', *, *, #1594, .T. ) ;
#2000 = FILL_AREA_STYLE ('',( #1348 ) ) ;
#2001 =( NAMED_UNIT ( * ) PLANE_ANGLE_UNIT ( ) SI_UNIT ( $, .RADIAN. ) );
#2002 = SURFACE_SIDE_STYLE ('',( #1680 ) ) ;
#2003 = SURFACE_STYLE_FILL_AREA ( #1373 ) ;
#2004 = VERTEX_POINT ( 'NONE', #618 ) ;
#2005 = EDGE_CURVE ( 'NONE', #117, #1964, #1102, .T. ) ;
#2006 = FILL_AREA_STYLE ('',( #599 ) ) ;
#2007 = ORIENTED_EDGE ( 'NONE', *, *, #1042, .T. ) ;
#2008 = CARTESIAN_POINT ( 'NONE',  ( 0.05000000000000000278, 0.05000000000000000278, 0.7399999999999999911 ) ) ;
#2009 = ORIENTED_EDGE ( 'NONE', *, *, #211, .F. ) ;
#2010 = SURFACE_SIDE_STYLE ('',( #1357 ) ) ;
#2011 = PRESENTATION_STYLE_ASSIGNMENT (( #1359 ) ) ;
#2012 =( NAMED_UNIT ( * ) SI_UNIT ( $, .STERADIAN. ) SOLID_ANGLE_UNIT ( ) );
#2013 = SURFACE_STYLE_FILL_AREA ( #1361 ) ;
#2014 = AXIS2_PLACEMENT_3D ( 'NONE', #195, #1937, #1783 ) ;
#2015 = COLOUR_RGB ( '',0.8666666666666666963, 0.7725490196078431682, 0.2156862745098039325 ) ;
#2016 = ORIENTED_EDGE ( 'NONE', *, *, #5, .T. ) ;
#2017 = STYLED_ITEM ( 'NONE', ( #829 ), #1718 ) ;
#2018 = PRESENTATION_LAYER_ASSIGNMENT (  '', '', ( #1094 ) ) ;
#2019 = CARTESIAN_POINT ( 'NONE',  ( -0.1000000000000000472, -0.1000000000000000194, 0.8500000000000000888 ) ) ;
#2020 = ADVANCED_FACE ( 'NONE', ( #311 ), #1590, .T. ) ;
#2021 =( GEOMETRIC_REPRESENTATION_CONTEXT ( 3 ) GLOBAL_UNCERTAINTY_ASSIGNED_CONTEXT ( ( #1787 ) ) GLOBAL_UNIT_ASSIGNED_CONTEXT ( ( #515, #697, #2 ) ) REPRESENTATION_CONTEXT ( 'NONE', 'WORKASPACE' ) );
#2022 = ORIENTED_EDGE ( 'NONE', *, *, #101, .T. ) ;
#2023 = PRESENTATION_LAYER_ASSIGNMENT (  '', '', ( #2064 ) ) ;
#2024 = SURFACE_STYLE_USAGE ( .BOTH. , #2010 ) ;
#2025 = PRESENTATION_STYLE_ASSIGNMENT (( #546 ) ) ;
#2026 = SURFACE_STYLE_FILL_AREA ( #574 ) ;
#2027 = COLOUR_RGB ( '',0.8666666666666666963, 0.7725490196078431682, 0.2156862745098039325 ) ;
#2028 = FILL_AREA_STYLE ('',( #105 ) ) ;
#2029 = ORIENTED_EDGE ( 'NONE', *, *, #354, .F. ) ;
#2030 = UNCERTAINTY_MEASURE_WITH_UNIT (LENGTH_MEASURE( 1.000000000000000082E-05 ), #1962, 'distance_accuracy_value', 'NONE');
#2031 = FILL_AREA_STYLE ('',( #1375 ) ) ;
#2032 = ORIENTED_EDGE ( 'NONE', *, *, #2087, .T. ) ;
#2033 = CONTEXT_DEPENDENT_SHAPE_REPRESENTATION ( #1675, #1099 ) ;
#2034 = AXIS2_PLACEMENT_3D ( 'NONE', #1007, #416, #1521 ) ;
#2035 = FILL_AREA_STYLE ('',( #1168 ) ) ;
#2036 = ORIENTED_EDGE ( 'NONE', *, *, #1730, .F. ) ;
#2037 = EDGE_CURVE ( 'NONE', #1481, #504, #1643, .T. ) ;
#2038 =( LENGTH_UNIT ( ) NAMED_UNIT ( * ) SI_UNIT ( .CENTI., .METRE. ) );
#2039 = CARTESIAN_POINT ( 'NONE',  ( 0.1270000000000000018, 0.1270000000000000018, 0.0000000000000000000 ) ) ;
#2040 = PRESENTATION_STYLE_ASSIGNMENT (( #1033 ) ) ;
#2041 = DIRECTION ( 'NONE',  ( -1.000000000000000000, -0.0000000000000000000, -0.0000000000000000000 ) ) ;
#2042 =( LENGTH_UNIT ( ) NAMED_UNIT ( * ) SI_UNIT ( .CENTI., .METRE. ) );
#2043 = ORIENTED_EDGE ( 'NONE', *, *, #101, .F. ) ;
#2044 = ITEM_DEFINED_TRANSFORMATION ( 'NONE', 'NONE', #681,  #411 ) ;
#2045 =( NAMED_UNIT ( * ) SI_UNIT ( $, .STERADIAN. ) SOLID_ANGLE_UNIT ( ) );
#2046 = ORIENTED_EDGE ( 'NONE', *, *, #951, .F. ) ;
#2047 = CARTESIAN_POINT ( 'NONE',  ( -0.1000000000000000056, -0.1000000000000000056, 0.7399999999999999911 ) ) ;
#2048 = CARTESIAN_POINT ( 'NONE',  ( -0.1042803458142280149, -0.02000000000000000042, 0.7873271032559990834 ) ) ;
#2049 = EDGE_CURVE ( 'NONE', #1261, #1435, #1012, .T. ) ;
#2050 = DIRECTION ( 'NONE',  ( 0.0000000000000000000, 0.0000000000000000000, -1.000000000000000000 ) ) ;
#2051 = UNCERTAINTY_MEASURE_WITH_UNIT (LENGTH_MEASURE( 1.000000000000000082E-05 ), #516, 'distance_accuracy_value', 'NONE');
#2052 = VECTOR ( 'NONE', #467, 100.0000000000000000 ) ;
#2053 = ORIENTED_EDGE ( 'NONE', *, *, #137, .T. ) ;
#2054 = UNCERTAINTY_MEASURE_WITH_UNIT (LENGTH_MEASURE( 1.000000000000000082E-05 ), #2042, 'distance_accuracy_value', 'NONE');
#2055 = COLOUR_RGB ( '',0.8666666666666666963, 0.7725490196078431682, 0.2156862745098039325 ) ;
#2056 = ITEM_DEFINED_TRANSFORMATION ( 'NONE', 'NONE', #1310,  #411 ) ;
#2057 =( NAMED_UNIT ( * ) SI_UNIT ( $, .STERADIAN. ) SOLID_ANGLE_UNIT ( ) );
#2058 = COLOUR_RGB ( '',0.8666666666666666963, 0.7725490196078431682, 0.2156862745098039325 ) ;
#2059 = STYLED_ITEM ( 'NONE', ( #279 ), #1702 ) ;
#2060 = COLOUR_RGB ( '',0.8666666666666666963, 0.7725490196078431682, 0.2156862745098039325 ) ;
#2061 = DIRECTION ( 'NONE',  ( 0.0000000000000000000, 1.000000000000000000, 0.0000000000000000000 ) ) ;
#2062 = DIRECTION ( 'NONE',  ( 0.0000000000000000000, -0.0000000000000000000, -1.000000000000000000 ) ) ;
#2063 = PRESENTATION_LAYER_ASSIGNMENT (  '', '', ( #18 ) ) ;
#2064 = STYLED_ITEM ( 'NONE', ( #1409 ), #978 ) ;
#2065 = VECTOR ( 'NONE', #321, 100.0000000000000000 ) ;
#2066 = CARTESIAN_POINT ( 'NONE',  ( -0.1270000000000000018, -0.1270000000000000018, 0.8500000000000000888 ) ) ;
#2067 =( LENGTH_UNIT ( ) NAMED_UNIT ( * ) SI_UNIT ( .CENTI., .METRE. ) );
#2068 = CARTESIAN_POINT ( 'NONE',  ( -0.09428034581422810312, -0.02000000000000000042, 0.7873271032559990834 ) ) ;
#2069 = PRODUCT_DEFINITION_SHAPE ( 'NONE', 'NONE',  #2094 ) ;
#2070 = EDGE_CURVE ( 'NONE', #1694, #720, #575, .T. ) ;
#2071 = DIRECTION ( 'NONE',  ( 1.000000000000000000, 0.0000000000000000000, -1.140612731871519894E-31 ) ) ;
#2072 = AXIS2_PLACEMENT_3D ( 'NONE', #678, #1782, #52 ) ;
#2073 = APPLICATION_CONTEXT ( 'automotive_design' ) ;
#2074 =( NAMED_UNIT ( * ) SI_UNIT ( $, .STERADIAN. ) SOLID_ANGLE_UNIT ( ) );
#2075 = CARTESIAN_POINT ( 'NONE',  ( 0.04999999999999998890, -0.04999999999999998890, 0.8000000000000000444 ) ) ;
#2076 = DIRECTION ( 'NONE',  ( 0.0000000000000000000, -0.0000000000000000000, -1.000000000000000000 ) ) ;
#2077 = LINE ( 'NONE', #954, #1431 ) ;
#2078 = FACE_OUTER_BOUND ( 'NONE', #1177, .T. ) ;
#2079 = DIRECTION ( 'NONE',  ( -0.0000000000000000000, -1.000000000000000000, -0.0000000000000000000 ) ) ;
#2080 = ORIENTED_EDGE ( 'NONE', *, *, #961, .T. ) ;
#2081 = ADVANCED_FACE ( 'NONE', ( #970 ), #851, .T. ) ;
#2082 = CARTESIAN_POINT ( 'NONE',  ( 0.1270000000000000018, 0.0000000000000000000, 0.0000000000000000000 ) ) ;
#2083 = CARTESIAN_POINT ( 'NONE',  ( -0.03244696269377490144, -0.02000000000000000042, -0.9671385867237070055 ) ) ;
#2084 = SURFACE_STYLE_USAGE ( .BOTH. , #152 ) ;
#2085 = FILL_AREA_STYLE ('',( #1764 ) ) ;
#2086 = VERTEX_POINT ( 'NONE', #1621 ) ;
#2087 = EDGE_CURVE ( 'NONE', #1934, #1872, #1774, .T. ) ;
#2088 = MECHANICAL_DESIGN_GEOMETRIC_PRESENTATION_REPRESENTATION (  '', ( #1917 ), #1190 ) ;
#2089 = DIRECTION ( 'NONE',  ( -1.000000000000000000, -0.0000000000000000000, -0.0000000000000000000 ) ) ;
#2090 = NEXT_ASSEMBLY_USAGE_OCCURRENCE ( 'NAUO1', ' ', ' ', #1497, #283, $ ) ;
#2091 = NEXT_ASSEMBLY_USAGE_OCCURRENCE ( 'NAUO2', ' ', ' ', #1497, #99, $ ) ;
#2092 = NEXT_ASSEMBLY_USAGE_OCCURRENCE ( 'NAUO3', ' ', ' ', #1497, #283, $ ) ;
#2093 = NEXT_ASSEMBLY_USAGE_OCCURRENCE ( 'NAUO4', ' ', ' ', #1497, #99, $ ) ;
#2094 = NEXT_ASSEMBLY_USAGE_OCCURRENCE ( 'NAUO5', ' ', ' ', #1497, #283, $ ) ;
#2095 = NEXT_ASSEMBLY_USAGE_OCCURRENCE ( 'NAUO6', ' ', ' ', #1497, #99, $ ) ;
#2096 = NEXT_ASSEMBLY_USAGE_OCCURRENCE ( 'NAUO7', ' ', ' ', #1497, #283, $ ) ;
#2097 = NEXT_ASSEMBLY_USAGE_OCCURRENCE ( 'NAUO8', ' ', ' ', #1497, #99, $ ) ;
#2098 = NEXT_ASSEMBLY_USAGE_OCCURRENCE ( 'NAUO9', ' ', ' ', #1497, #283, $ ) ;
#2099 = NEXT_ASSEMBLY_USAGE_OCCURRENCE ( 'NAUO10', ' ', ' ', #1497, #99, $ ) ;
#2100 = NEXT_ASSEMBLY_USAGE_OCCURRENCE ( 'NAUO11', ' ', ' ', #1497, #283, $ ) ;
#2101 = NEXT_ASSEMBLY_USAGE_OCCURRENCE ( 'NAUO12', ' ', ' ', #1497, #99, $ ) ;
#2102 = NEXT_ASSEMBLY_USAGE_OCCURRENCE ( 'NAUO13', ' ', ' ', #1497, #283, $ ) ;
#2103 = NEXT_ASSEMBLY_USAGE_OCCURRENCE ( 'NAUO14', ' ', ' ', #1497, #99, $ ) ;
#2104 = NEXT_ASSEMBLY_USAGE_OCCURRENCE ( 'NAUO15', ' ', ' ', #1497, #283, $ ) ;
#2105 = NEXT_ASSEMBLY_USAGE_OCCURRENCE ( 'NAUO16', ' ', ' ', #1497, #99, $ ) ;
ENDSEC;
END-ISO-10303-21;
