ISO-10303-21;
HEADER;
FILE_DESCRIPTION (( 'STEP AP214' ),
    '1' );
FILE_NAME ('0AF53708-72C7-4B13-A17E-59C5FA43B0DE.STEP',
    '2026-08-28T19:53:59',
    ( '' ),
    ( '' ),
    'SwSTEP 2.0',
    'SolidWorks 2022',
    '' );
FILE_SCHEMA (( 'AUTOMOTIVE_DESIGN' ));
ENDSEC;

DATA;
#1 = VERTEX_POINT ( 'NONE', #1206 ) ;
#2 = CARTESIAN_POINT ( 'NONE',  ( -0.4000000000000000222, 9.289999999999999147, 8.400000000000000355 ) ) ;
#3 = VECTOR ( 'NONE', #649, 1000.000000000000000 ) ;
#4 = DIRECTION ( 'NONE',  ( -1.000000000000000000, 0.0000000000000000000, -0.0000000000000000000 ) ) ;
#5 = AXIS2_PLACEMENT_3D ( 'NONE', #1573, #1235, #669 ) ;
#6 = VERTEX_POINT ( 'NONE', #1220 ) ;
#7 = CARTESIAN_POINT ( 'NONE',  ( -0.2999999999999999889, 3.509999999999999787, 0.0000000000000000000 ) ) ;
#8 = VECTOR ( 'NONE', #892, 1000.000000000000000 ) ;
#9 = DIRECTION ( 'NONE',  ( 0.0000000000000000000, 0.0000000000000000000, -1.000000000000000000 ) ) ;
#10 = EDGE_CURVE ( 'NONE', #889, #1826, #1245, .T. ) ;
#11 = VERTEX_POINT ( 'NONE', #143 ) ;
#12 = ORIENTED_EDGE ( 'NONE', *, *, #819, .T. ) ;
#13 = VECTOR ( 'NONE', #1797, 999.9999999999998863 ) ;
#14 = ORIENTED_EDGE ( 'NONE', *, *, #414, .T. ) ;
#15 = CARTESIAN_POINT ( 'NONE',  ( 0.05000000000000000278, 6.299999999999999822, -3.149999999999999911 ) ) ;
#16 = CARTESIAN_POINT ( 'NONE',  ( -0.2999999999999999889, 0.0000000000000000000, 0.0000000000000000000 ) ) ;
#17 = ORIENTED_EDGE ( 'NONE', *, *, #792, .T. ) ;
#18 = CARTESIAN_POINT ( 'NONE',  ( 1.750000000000000000, 9.289999999999999147, 8.000000000000000000 ) ) ;
#19 = PLANE ( 'NONE',  #164 ) ;
#20 = ORIENTED_EDGE ( 'NONE', *, *, #1274, .F. ) ;
#21 = DIRECTION ( 'NONE',  ( 0.0000000000000000000, 0.7071067811865475727, -0.7071067811865475727 ) ) ;
#22 = EDGE_CURVE ( 'NONE', #527, #377, #154, .T. ) ;
#23 = FILL_AREA_STYLE_COLOUR ( '', #204 ) ;
#24 = ORIENTED_EDGE ( 'NONE', *, *, #186, .T. ) ;
#25 = EDGE_CURVE ( 'NONE', #347, #377, #864, .T. ) ;
#26 = CARTESIAN_POINT ( 'NONE',  ( -0.04999999999999998196, 6.299999999999999822, -3.149999999999999911 ) ) ;
#27 = LINE ( 'NONE', #104, #1170 ) ;
#28 = ORIENTED_EDGE ( 'NONE', *, *, #1271, .T. ) ;
#29 = CARTESIAN_POINT ( 'NONE',  ( 0.0000000000000000000, 3.759999999999999343, -3.149999999999999911 ) ) ;
#30 = MANIFOLD_SOLID_BREP ( 'Body.2.3', #158 ) ;
#31 = CARTESIAN_POINT ( 'NONE',  ( 0.05000000000000000278, 3.759999999999999343, -3.149999999999999911 ) ) ;
#32 = ORIENTED_EDGE ( 'NONE', *, *, #1737, .F. ) ;
#33 = FACE_OUTER_BOUND ( 'NONE', #1648, .T. ) ;
#34 = CARTESIAN_POINT ( 'NONE',  ( -0.04999999999999996808, 11.42999999999999972, -3.149999999999999911 ) ) ;
#35 = ORIENTED_EDGE ( 'NONE', *, *, #982, .T. ) ;
#36 = ADVANCED_FACE ( 'NONE', ( #542 ), #1614, .T. ) ;
#37 = CARTESIAN_POINT ( 'NONE',  ( 0.2999999999999999889, 6.049999999999999822, -3.046446609406725958 ) ) ;
#38 = DIRECTION ( 'NONE',  ( -0.0000000000000000000, 0.0000000000000000000, 1.000000000000000000 ) ) ;
#39 = ORIENTED_EDGE ( 'NONE', *, *, #1075, .T. ) ;
#40 = DIRECTION ( 'NONE',  ( 1.000000000000000000, 0.0000000000000000000, 0.0000000000000000000 ) ) ;
#41 = VECTOR ( 'NONE', #139, 1000.000000000000000 ) ;
#42 = MANIFOLD_SOLID_BREP ( 'PartBody', #1800 ) ;
#43 = DIRECTION ( 'NONE',  ( 0.0000000000000000000, 0.0000000000000000000, -1.000000000000000000 ) ) ;
#44 = AXIS2_PLACEMENT_3D ( 'NONE', #1331, #1150, #973 ) ;
#45 = ORIENTED_EDGE ( 'NONE', *, *, #224, .T. ) ;
#46 = SURFACE_SIDE_STYLE ('',( #1995 ) ) ;
#47 = DIRECTION ( 'NONE',  ( -1.000000000000000000, -0.0000000000000000000, -0.0000000000000000000 ) ) ;
#48 = AXIS2_PLACEMENT_3D ( 'NONE', #770, #2206, #2140 ) ;
#49 = AXIS2_PLACEMENT_3D ( 'NONE', #1386, #301, #804 ) ;
#50 = ORIENTED_EDGE ( 'NONE', *, *, #996, .F. ) ;
#51 = VECTOR ( 'NONE', #1425, 1000.000000000000000 ) ;
#52 = DIRECTION ( 'NONE',  ( -0.0000000000000000000, 1.000000000000000000, 0.0000000000000000000 ) ) ;
#53 = ADVANCED_FACE ( 'NONE', ( #1310 ), #595, .T. ) ;
#54 = ORIENTED_EDGE ( 'NONE', *, *, #94, .T. ) ;
#55 = CARTESIAN_POINT ( 'NONE',  ( -0.4000000000000000222, 5.950000000000000178, 8.400000000000000355 ) ) ;
#56 = CYLINDRICAL_SURFACE ( 'NONE', #1506, 0.2500000000000002220 ) ;
#57 = VERTEX_POINT ( 'NONE', #1816 ) ;
#58 = CARTESIAN_POINT ( 'NONE',  ( -1.750000000000000000, 8.490000000000000213, 8.000000000000000000 ) ) ;
#59 = LINE ( 'NONE', #1596, #1541 ) ;
#60 = VERTEX_POINT ( 'NONE', #1661 ) ;
#61 = CARTESIAN_POINT ( 'NONE',  ( -0.1964466094067261748, 6.546446609406726402, -3.149999999999999023 ) ) ;
#62 = ORIENTED_EDGE ( 'NONE', *, *, #1741, .F. ) ;
#63 = EDGE_CURVE ( 'NONE', #743, #2267, #1804, .T. ) ;
#64 = CARTESIAN_POINT ( 'NONE',  ( -0.8000000000000000444, 2.540000000000000036, 8.400000000000000355 ) ) ;
#65 = CARTESIAN_POINT ( 'NONE',  ( 0.3000000000000000999, 4.110000000000001208, -2.899999999999999911 ) ) ;
#66 = EDGE_CURVE ( 'NONE', #1817, #1275, #1645, .T. ) ;
#67 = CARTESIAN_POINT ( 'NONE',  ( -0.4000000000000000222, 11.83000000000000007, 8.400000000000000355 ) ) ;
#68 = LINE ( 'NONE', #225, #386 ) ;
#69 = ORIENTED_EDGE ( 'NONE', *, *, #22, .T. ) ;
#70 =( BOUNDED_CURVE ( )  B_SPLINE_CURVE ( 3, ( #26, #750, #738, #1828 ),
 .UNSPECIFIED., .F., .T. ) 
 B_SPLINE_CURVE_WITH_KNOTS ( ( 4, 4 ),
 ( 1.570796326794896558, 3.141592653589793116 ),
 .UNSPECIFIED. ) 
 CURVE ( )  GEOMETRIC_REPRESENTATION_ITEM ( )  RATIONAL_B_SPLINE_CURVE ( ( 1.000000000000000000, 0.8047378541243649375, 0.8047378541243649375, 1.000000000000000000 ) ) 
 REPRESENTATION_ITEM ( '' )  );
#71 = DIRECTION ( 'NONE',  ( -1.000000000000000000, 0.0000000000000000000, -0.0000000000000000000 ) ) ;
#72 = CARTESIAN_POINT ( 'NONE',  ( -0.05000000000000000278, 8.939999999999999503, -3.149999999999999911 ) ) ;
#73 = EDGE_CURVE ( 'NONE', #1558, #527, #2164, .T. ) ;
#74 = CARTESIAN_POINT ( 'NONE',  ( -0.4000000000000000222, 11.02999999999999936, 8.400000000000000355 ) ) ;
#75 = VECTOR ( 'NONE', #1179, 1000.000000000000000 ) ;
#76 = EDGE_LOOP ( 'NONE', ( #281, #1475, #241, #2169 ) ) ;
#77 = CARTESIAN_POINT ( 'NONE',  ( -0.2999999999999999889, 0.0000000000000000000, -2.899999999999999911 ) ) ;
#78 = CARTESIAN_POINT ( 'NONE',  ( -0.05000000000000000278, 11.42999999999999972, -2.899999999999999911 ) ) ;
#79 = VECTOR ( 'NONE', #124, 1000.000000000000000 ) ;
#80 = EDGE_CURVE ( 'NONE', #309, #514, #575, .T. ) ;
#81 = ORIENTED_EDGE ( 'NONE', *, *, #725, .F. ) ;
#82 = VECTOR ( 'NONE', #779, 1000.000000000000000 ) ;
#83 = AXIS2_PLACEMENT_3D ( 'NONE', #500, #2109, #335 ) ;
#84 = FACE_OUTER_BOUND ( 'NONE', #1815, .T. ) ;
#85 = LINE ( 'NONE', #455, #1164 ) ;
#86 = VECTOR ( 'NONE', #1292, 1000.000000000000000 ) ;
#87 = FILL_AREA_STYLE_COLOUR ( '', #718 ) ;
#88 = CARTESIAN_POINT ( 'NONE',  ( 0.8000000000000000444, 9.689999999999997726, 8.400000000000000355 ) ) ;
#89 = CARTESIAN_POINT ( 'NONE',  ( 0.4000000000000000222, 5.950000000000000178, 0.5000000000000004441 ) ) ;
#90 = ORIENTED_EDGE ( 'NONE', *, *, #1432, .T. ) ;
#91 = CARTESIAN_POINT ( 'NONE',  ( 0.7999999999999996003, 7.150000000000001243, 8.400000000000000355 ) ) ;
#92 = DIRECTION ( 'NONE',  ( 0.0000000000000000000, 1.000000000000000000, 0.0000000000000000000 ) ) ;
#93 = EDGE_LOOP ( 'NONE', ( #1304, #1719, #69, #657 ) ) ;
#94 = EDGE_CURVE ( 'NONE', #370, #1457, #1479, .T. ) ;
#95 = PLANE ( 'NONE',  #1251 ) ;
#96 = ADVANCED_FACE ( 'NONE', ( #33 ), #1455, .F. ) ;
#97 = DIRECTION ( 'NONE',  ( -0.0000000000000000000, -0.0000000000000000000, 1.000000000000000000 ) ) ;
#98 = FACE_OUTER_BOUND ( 'NONE', #1892, .T. ) ;
#99 = PLANE ( 'NONE',  #790 ) ;
#100 = VERTEX_POINT ( 'NONE', #948 ) ;
#101 = DIRECTION ( 'NONE',  ( 0.0000000000000000000, -0.0000000000000000000, -1.000000000000000000 ) ) ;
#102 = CARTESIAN_POINT ( 'NONE',  ( -0.04999999999999998196, 3.759999999999999343, -3.149999999999999911 ) ) ;
#103 = EDGE_LOOP ( 'NONE', ( #1097, #1595, #131, #777 ) ) ;
#104 = CARTESIAN_POINT ( 'NONE',  ( 0.2999999999999999889, 6.650000000000000355, -3.149999999999999911 ) ) ;
#105 = ADVANCED_FACE ( 'NONE', ( #769 ), #1669, .T. ) ;
#106 = ORIENTED_EDGE ( 'NONE', *, *, #1365, .F. ) ;
#107 = DIRECTION ( 'NONE',  ( 0.7071067811865474617, 0.0000000000000000000, 0.7071067811865474617 ) ) ;
#108 = EDGE_CURVE ( 'NONE', #562, #222, #202, .T. ) ;
#109 = FACE_OUTER_BOUND ( 'NONE', #1367, .T. ) ;
#110 = CARTESIAN_POINT ( 'NONE',  ( 0.2999999999999999889, 0.0000000000000000000, -2.899999999999999911 ) ) ;
#111 = PLANE ( 'NONE',  #2031 ) ;
#112 = DIRECTION ( 'NONE',  ( 0.0000000000000000000, 1.000000000000000000, 0.0000000000000000000 ) ) ;
#113 = PRESENTATION_LAYER_ASSIGNMENT (  '', '', ( #1126 ) ) ;
#114 = ORIENTED_EDGE ( 'NONE', *, *, #2041, .F. ) ;
#115 = UNCERTAINTY_MEASURE_WITH_UNIT (LENGTH_MEASURE( 1.000000000000000082E-05 ), #1032, 'distance_accuracy_value', 'NONE');
#116 = AXIS2_PLACEMENT_3D ( 'NONE', #292, #1494, #1519 ) ;
#117 = PLANE ( 'NONE',  #949 ) ;
#118 = VECTOR ( 'NONE', #52, 1000.000000000000000 ) ;
#119 = ORIENTED_EDGE ( 'NONE', *, *, #271, .F. ) ;
#120 = FACE_OUTER_BOUND ( 'NONE', #1446, .T. ) ;
#121 = VECTOR ( 'NONE', #92, 1000.000000000000000 ) ;
#122 = CARTESIAN_POINT ( 'NONE',  ( -0.05000000000000000278, 11.48000000000000043, -3.149999999999999911 ) ) ;
#123 = PRESENTATION_LAYER_ASSIGNMENT (  '', '', ( #1133 ) ) ;
#124 = DIRECTION ( 'NONE',  ( 0.0000000000000000000, -0.0000000000000000000, 1.000000000000000000 ) ) ;
#125 = ADVANCED_FACE ( 'NONE', ( #403 ), #1089, .F. ) ;
#126 = LINE ( 'NONE', #989, #1688 ) ;
#127 = VERTEX_POINT ( 'NONE', #561 ) ;
#128 = DIRECTION ( 'NONE',  ( 0.0000000000000000000, 1.000000000000000000, -0.0000000000000000000 ) ) ;
#129 = CARTESIAN_POINT ( 'NONE',  ( -0.05000000000000000278, 11.48000000000000043, -3.149999999999999911 ) ) ;
#130 = ORIENTED_EDGE ( 'NONE', *, *, #1224, .T. ) ;
#131 = ORIENTED_EDGE ( 'NONE', *, *, #2154, .F. ) ;
#132 = FACE_OUTER_BOUND ( 'NONE', #893, .T. ) ;
#133 = ORIENTED_EDGE ( 'NONE', *, *, #1787, .T. ) ;
#134 = PLANE ( 'NONE',  #5 ) ;
#135 = CARTESIAN_POINT ( 'NONE',  ( 0.3000000000000000999, 6.650000000000001243, -2.899999999999999911 ) ) ;
#136 = LINE ( 'NONE', #844, #821 ) ;
#137 = DIRECTION ( 'NONE',  ( -0.0000000000000000000, -1.000000000000000000, -0.0000000000000000000 ) ) ;
#138 = ORIENTED_EDGE ( 'NONE', *, *, #1756, .T. ) ;
#139 = DIRECTION ( 'NONE',  ( 0.0000000000000000000, 0.0000000000000000000, 1.000000000000000000 ) ) ;
#140 = FACE_OUTER_BOUND ( 'NONE', #1758, .T. ) ;
#141 = EDGE_CURVE ( 'NONE', #1056, #631, #1424, .T. ) ;
#142 = ORIENTED_EDGE ( 'NONE', *, *, #651, .F. ) ;
#143 = CARTESIAN_POINT ( 'NONE',  ( -0.8000000000000012657, 7.150000000000003908, 8.400000000000000355 ) ) ;
#144 = LINE ( 'NONE', #1409, #1545 ) ;
#145 = ORIENTED_EDGE ( 'NONE', *, *, #849, .T. ) ;
#146 = DIRECTION ( 'NONE',  ( 0.0000000000000000000, 0.7071067811865475727, -0.7071067811865475727 ) ) ;
#147 = DIRECTION ( 'NONE',  ( -0.5773502691896256200, -0.5773502691896258421, -0.5773502691896258421 ) ) ;
#148 = LINE ( 'NONE', #1575, #1064 ) ;
#149 = ORIENTED_EDGE ( 'NONE', *, *, #389, .F. ) ;
#150 = PLANE ( 'NONE',  #1200 ) ;
#151 = CARTESIAN_POINT ( 'NONE',  ( 0.4000000000000000222, 5.950000000000000178, 8.400000000000000355 ) ) ;
#152 = ADVANCED_FACE ( 'NONE', ( #2184 ), #990, .T. ) ;
#153 = ORIENTED_EDGE ( 'NONE', *, *, #228, .T. ) ;
#154 = LINE ( 'NONE', #171, #938 ) ;
#155 = EDGE_CURVE ( 'NONE', #1630, #562, #1715, .T. ) ;
#156 = CARTESIAN_POINT ( 'NONE',  ( 0.1964466094067261748, 11.23355339059327740, -3.149999999999999023 ) ) ;
#157 = EDGE_LOOP ( 'NONE', ( #842, #1105, #1531, #855 ) ) ;
#158 = CLOSED_SHELL ( 'NONE', ( #540, #737, #1125, #1262, #105, #458, #1775, #2039, #1840, #1315 ) ) ;
#159 = CARTESIAN_POINT ( 'NONE',  ( 0.4000000000000000222, 6.750000000000000000, 8.400000000000000355 ) ) ;
#160 = VECTOR ( 'NONE', #1954, 1000.000000000000000 ) ;
#161 = DIRECTION ( 'NONE',  ( 0.0000000000000000000, 0.0000000000000000000, -1.000000000000000000 ) ) ;
#162 = VECTOR ( 'NONE', #2222, 1000.000000000000000 ) ;
#163 = LINE ( 'NONE', #385, #317 ) ;
#164 = AXIS2_PLACEMENT_3D ( 'NONE', #523, #211, #731 ) ;
#165 = ORIENTED_EDGE ( 'NONE', *, *, #2193, .F. ) ;
#166 = CARTESIAN_POINT ( 'NONE',  ( -0.7999999999999999334, 10.63000000000000433, 8.400000000000000355 ) ) ;
#167 = PLANE ( 'NONE',  #390 ) ;
#168 = VECTOR ( 'NONE', #1337, 1000.000000000000000 ) ;
#169 = CARTESIAN_POINT ( 'NONE',  ( 0.2999999999999999889, 11.13000000000000078, 1.053775882719999890 ) ) ;
#170 = ORIENTED_EDGE ( 'NONE', *, *, #748, .T. ) ;
#171 = CARTESIAN_POINT ( 'NONE',  ( -0.7999999999999996003, 8.089999999999999858, 8.400000000000000355 ) ) ;
#172 = CARTESIAN_POINT ( 'NONE',  ( 0.7500000000000000000, 12.69999999999999929, -5.837287255412931941E-15 ) ) ;
#173 = VERTEX_POINT ( 'NONE', #618 ) ;
#174 = DIRECTION ( 'NONE',  ( -1.000000000000000000, -0.0000000000000000000, -0.0000000000000000000 ) ) ;
#175 = ADVANCED_FACE ( 'NONE', ( #979 ), #1013, .T. ) ;
#176 = CARTESIAN_POINT ( 'NONE',  ( 1.250000000000000000, 12.69999999999999929, -4.817703532407500463E-15 ) ) ;
#177 = LINE ( 'NONE', #1076, #51 ) ;
#178 = ORIENTED_EDGE ( 'NONE', *, *, #1355, .F. ) ;
#179 = CARTESIAN_POINT ( 'NONE',  ( 0.0000000000000000000, 9.189999999999999503, -2.899999999999999911 ) ) ;
#180 = FACE_OUTER_BOUND ( 'NONE', #1377, .T. ) ;
#181 = DIRECTION ( 'NONE',  ( 1.000000000000000000, -0.0000000000000000000, 0.0000000000000000000 ) ) ;
#182 = ORIENTED_EDGE ( 'NONE', *, *, #1151, .F. ) ;
#183 = DIRECTION ( 'NONE',  ( 0.0000000000000000000, 0.0000000000000000000, 1.000000000000000000 ) ) ;
#184 = EDGE_LOOP ( 'NONE', ( #1663, #1837, #1889, #1848 ) ) ;
#185 = LINE ( 'NONE', #896, #273 ) ;
#186 = EDGE_CURVE ( 'NONE', #2093, #1320, #640, .T. ) ;
#187 = CARTESIAN_POINT ( 'NONE',  ( 0.4000000000000000222, 8.489999999999998437, 8.000000000000000000 ) ) ;
#188 = EDGE_LOOP ( 'NONE', ( #2035, #692, #704, #807 ) ) ;
#189 = CARTESIAN_POINT ( 'NONE',  ( 1.750000000000000000, 11.83000000000000007, 8.000000000000000000 ) ) ;
#190 = ORIENTED_EDGE ( 'NONE', *, *, #1444, .F. ) ;
#191 = ORIENTED_EDGE ( 'NONE', *, *, #389, .T. ) ;
#192 = EDGE_LOOP ( 'NONE', ( #1073, #1042, #1644, #2307 ) ) ;
#193 = VECTOR ( 'NONE', #1122, 1000.000000000000000 ) ;
#194 = AXIS2_PLACEMENT_3D ( 'NONE', #2192, #1299, #911 ) ;
#195 = DIRECTION ( 'NONE',  ( 1.000000000000000000, 0.0000000000000000000, 0.0000000000000000000 ) ) ;
#196 = VECTOR ( 'NONE', #1672, 1000.000000000000000 ) ;
#197 = VERTEX_POINT ( 'NONE', #1865 ) ;
#198 = PLANE ( 'NONE',  #194 ) ;
#199 = CARTESIAN_POINT ( 'NONE',  ( 0.2999999999999999889, 6.650000000000000355, -3.046446609406725958 ) ) ;
#200 = ORIENTED_EDGE ( 'NONE', *, *, #2215, .T. ) ;
#201 = EDGE_CURVE ( 'NONE', #2267, #325, #653, .T. ) ;
#202 = LINE ( 'NONE', #551, #1611 ) ;
#203 = VECTOR ( 'NONE', #2076, 1000.000000000000000 ) ;
#204 = COLOUR_RGB ( '',0.8313725490196077761, 0.8313725490196077761, 0.0000000000000000000 ) ;
#205 = ORIENTED_EDGE ( 'NONE', *, *, #1300, .F. ) ;
#206 = LINE ( 'NONE', #1619, #1724 ) ;
#207 = CARTESIAN_POINT ( 'NONE',  ( 0.2999999999999999889, 3.509999999999999343, 1.053775882719999890 ) ) ;
#208 = EDGE_LOOP ( 'NONE', ( #895, #1483, #1079, #182 ) ) ;
#209 = DIRECTION ( 'NONE',  ( 0.7071067811865475727, -0.0000000000000000000, 0.7071067811865475727 ) ) ;
#210 = ADVANCED_FACE ( 'NONE', ( #1334 ), #798, .T. ) ;
#211 = DIRECTION ( 'NONE',  ( 1.000000000000000000, 0.0000000000000000000, 0.0000000000000000000 ) ) ;
#212 = VERTEX_POINT ( 'NONE', #1368 ) ;
#213 = LINE ( 'NONE', #1847, #1060 ) ;
#214 = EDGE_CURVE ( 'NONE', #2229, #231, #2083, .T. ) ;
#215 = APPLICATION_PROTOCOL_DEFINITION ( 'draft international standard', 'automotive_design', 1998, #1704 ) ;
#216 = ORIENTED_EDGE ( 'NONE', *, *, #665, .T. ) ;
#217 = LINE ( 'NONE', #1504, #1204 ) ;
#218 = CARTESIAN_POINT ( 'NONE',  ( -0.1964466094067262025, 3.613553390593272407, -3.149999999999999023 ) ) ;
#219 = VERTEX_POINT ( 'NONE', #305 ) ;
#220 = LINE ( 'NONE', #1452, #1431 ) ;
#221 = LINE ( 'NONE', #964, #906 ) ;
#222 = VERTEX_POINT ( 'NONE', #2237 ) ;
#223 =( NAMED_UNIT ( * ) PLANE_ANGLE_UNIT ( ) SI_UNIT ( $, .RADIAN. ) );
#224 = EDGE_CURVE ( 'NONE', #466, #933, #439, .T. ) ;
#225 = CARTESIAN_POINT ( 'NONE',  ( -0.4000000000000000222, 11.83000000000000007, 8.000000000000000000 ) ) ;
#226 = PRODUCT_CONTEXT ( 'NONE', #1515, 'mechanical' ) ;
#227 = ORIENTED_EDGE ( 'NONE', *, *, #1864, .T. ) ;
#228 = EDGE_CURVE ( 'NONE', #1135, #2209, #1154, .T. ) ;
#229 = DIRECTION ( 'NONE',  ( 0.0000000000000000000, 1.000000000000000000, 0.0000000000000000000 ) ) ;
#230 = PRESENTATION_LAYER_ASSIGNMENT (  '', '', ( #972 ) ) ;
#231 = VERTEX_POINT ( 'NONE', #629 ) ;
#232 = DIRECTION ( 'NONE',  ( 0.0000000000000000000, 1.000000000000000000, -0.0000000000000000000 ) ) ;
#233 = AXIS2_PLACEMENT_3D ( 'NONE', #189, #2180, #920 ) ;
#234 = LINE ( 'NONE', #74, #1207 ) ;
#235 = AXIS2_PLACEMENT_3D ( 'NONE', #339, #843, #856 ) ;
#236 = ORIENTED_EDGE ( 'NONE', *, *, #271, .T. ) ;
#237 = CARTESIAN_POINT ( 'NONE',  ( 0.0000000000000000000, 12.69999999999999929, -5.831485763410000748E-15 ) ) ;
#238 = CARTESIAN_POINT ( 'NONE',  ( 0.4000000000000002998, 5.949999999999999289, 8.000000000000000000 ) ) ;
#239 = VECTOR ( 'NONE', #1853, 1000.000000000000000 ) ;
#240 = AXIS2_PLACEMENT_3D ( 'NONE', #1773, #1582, #2302 ) ;
#241 = ORIENTED_EDGE ( 'NONE', *, *, #722, .T. ) ;
#242 = ADVANCED_FACE ( 'NONE', ( #2072 ), #1878, .T. ) ;
#243 = DIRECTION ( 'NONE',  ( 1.000000000000000000, 0.0000000000000000000, 0.0000000000000000000 ) ) ;
#244 = EDGE_CURVE ( 'NONE', #846, #631, #1855, .T. ) ;
#245 = EDGE_LOOP ( 'NONE', ( #1265, #2146, #1306, #1309 ) ) ;
#246 = PLANE ( 'NONE',  #1647 ) ;
#247 = LINE ( 'NONE', #1134, #1650 ) ;
#248 = ORIENTED_EDGE ( 'NONE', *, *, #476, .T. ) ;
#249 = DIRECTION ( 'NONE',  ( 1.000000000000000000, -0.0000000000000000000, 0.0000000000000000000 ) ) ;
#250 = FACE_OUTER_BOUND ( 'NONE', #188, .T. ) ;
#251 = ORIENTED_EDGE ( 'NONE', *, *, #1029, .T. ) ;
#252 = EDGE_CURVE ( 'NONE', #791, #1205, #460, .T. ) ;
#253 = DIRECTION ( 'NONE',  ( -1.000000000000000000, 0.0000000000000000000, -0.0000000000000000000 ) ) ;
#254 = EDGE_CURVE ( 'NONE', #1617, #579, #1356, .T. ) ;
#255 = CARTESIAN_POINT ( 'NONE',  ( 0.3000000000000000999, 4.110000000000001208, -2.899999999999999911 ) ) ;
#256 = ORIENTED_EDGE ( 'NONE', *, *, #1876, .T. ) ;
#257 = DIRECTION ( 'NONE',  ( 0.0000000000000000000, 1.000000000000000000, 0.0000000000000000000 ) ) ;
#258 = DIRECTION ( 'NONE',  ( 0.0000000000000000000, 0.0000000000000000000, -1.000000000000000000 ) ) ;
#259 = ORIENTED_EDGE ( 'NONE', *, *, #870, .T. ) ;
#260 = CARTESIAN_POINT ( 'NONE',  ( -0.4000000000000000222, 9.289999999999999147, 0.5000000000000002220 ) ) ;
#261 = DIRECTION ( 'NONE',  ( 0.0000000000000000000, -1.000000000000000000, -0.0000000000000000000 ) ) ;
#262 = FACE_BOUND ( 'NONE', #1372, .T. ) ;
#263 = CARTESIAN_POINT ( 'NONE',  ( -1.250000000000000000, 12.69999999999999929, 0.0000000000000000000 ) ) ;
#264 = CARTESIAN_POINT ( 'NONE',  ( 0.3000000000000000999, 9.189999999999999503, -2.899999999999999911 ) ) ;
#265 = EDGE_CURVE ( 'NONE', #1049, #2229, #1002, .T. ) ;
#266 = VECTOR ( 'NONE', #1691, 1000.000000000000000 ) ;
#267 = ORIENTED_EDGE ( 'NONE', *, *, #1654, .T. ) ;
#268 = CARTESIAN_POINT ( 'NONE',  ( 0.05000000000000000278, 11.42999999999999972, -2.899999999999999911 ) ) ;
#269 = DIRECTION ( 'NONE',  ( -1.000000000000000000, 0.0000000000000000000, -0.0000000000000000000 ) ) ;
#270 = AXIS2_PLACEMENT_3D ( 'NONE', #2021, #399, #944 ) ;
#271 = EDGE_CURVE ( 'NONE', #1632, #2229, #786, .T. ) ;
#272 = ORIENTED_EDGE ( 'NONE', *, *, #510, .T. ) ;
#273 = VECTOR ( 'NONE', #1607, 1000.000000000000000 ) ;
#274 = AXIS2_PLACEMENT_3D ( 'NONE', #2320, #1240, #713 ) ;
#275 = LINE ( 'NONE', #918, #1655 ) ;
#276 = CARTESIAN_POINT ( 'NONE',  ( -0.4000000000000000222, 11.83000000000000362, 8.000000000000000000 ) ) ;
#277 = VECTOR ( 'NONE', #2168, 1000.000000000000000 ) ;
#278 = CARTESIAN_POINT ( 'NONE',  ( -0.04999999999999998196, 3.860000000000000764, -3.149999999999999911 ) ) ;
#279 = LINE ( 'NONE', #635, #530 ) ;
#280 = DIRECTION ( 'NONE',  ( -0.0000000000000000000, -1.000000000000000000, -0.0000000000000000000 ) ) ;
#281 = ORIENTED_EDGE ( 'NONE', *, *, #2085, .T. ) ;
#282 = CARTESIAN_POINT ( 'NONE',  ( 0.0000000000000000000, 3.509999999999999787, 1.053775882719999890 ) ) ;
#283 = CARTESIAN_POINT ( 'NONE',  ( 0.2999999999999999889, 6.650000000000000355, 1.053775882719999668 ) ) ;
#284 = EDGE_CURVE ( 'NONE', #325, #984, #1511, .T. ) ;
#285 = EDGE_LOOP ( 'NONE', ( #138, #338, #1435, #1298 ) ) ;
#286 = UNCERTAINTY_MEASURE_WITH_UNIT (LENGTH_MEASURE( 1.000000000000000082E-05 ), #2051, 'distance_accuracy_value', 'NONE');
#287 = EDGE_CURVE ( 'NONE', #729, #2163, #1239, .T. ) ;
#288 = CARTESIAN_POINT ( 'NONE',  ( 0.2999999999999999889, 11.72999999999999865, 1.053775882719999890 ) ) ;
#289 = ORIENTED_EDGE ( 'NONE', *, *, #1350, .F. ) ;
#290 = CARTESIAN_POINT ( 'NONE',  ( -0.3000000000000000999, 6.650000000000001243, -2.899999999999999911 ) ) ;
#291 = FACE_BOUND ( 'NONE', #2271, .T. ) ;
#292 = CARTESIAN_POINT ( 'NONE',  ( 0.4000000000000000222, 11.02999999999999936, 8.400000000000000355 ) ) ;
#293 = LINE ( 'NONE', #1036, #1618 ) ;
#294 = DIRECTION ( 'NONE',  ( -0.5773502691896248429, -0.5773502691896261751, -0.5773502691896261751 ) ) ;
#295 = CARTESIAN_POINT ( 'NONE',  ( -0.3000000000000000999, 11.73000000000000043, -2.899999999999999911 ) ) ;
#296 = ADVANCED_FACE ( 'NONE', ( #2121 ), #2272, .T. ) ;
#297 = ORIENTED_EDGE ( 'NONE', *, *, #766, .T. ) ;
#298 = EDGE_CURVE ( 'NONE', #1636, #2032, #877, .T. ) ;
#299 = EDGE_LOOP ( 'NONE', ( #1296, #1867, #1920, #178 ) ) ;
#300 = CARTESIAN_POINT ( 'NONE',  ( 0.3999999999999999667, 9.289999999999999147, 0.5000000000000003331 ) ) ;
#301 = DIRECTION ( 'NONE',  ( -0.0000000000000000000, 1.000000000000000000, 0.0000000000000000000 ) ) ;
#302 = CARTESIAN_POINT ( 'NONE',  ( -0.4000000000000000222, 6.750000000000000000, 8.400000000000000355 ) ) ;
#303 = DIRECTION ( 'NONE',  ( -1.000000000000000000, 0.0000000000000000000, -0.0000000000000000000 ) ) ;
#304 = ORIENTED_EDGE ( 'NONE', *, *, #2087, .F. ) ;
#305 = CARTESIAN_POINT ( 'NONE',  ( 0.3999999999999998557, 9.289999999999999147, 8.000000000000000000 ) ) ;
#306 = LINE ( 'NONE', #2249, #1246 ) ;
#307 = VECTOR ( 'NONE', #958, 1000.000000000000000 ) ;
#308 = ORIENTED_EDGE ( 'NONE', *, *, #2050, .F. ) ;
#309 = VERTEX_POINT ( 'NONE', #1406 ) ;
#310 = VECTOR ( 'NONE', #1748, 1000.000000000000000 ) ;
#311 =( NAMED_UNIT ( * ) SI_UNIT ( $, .STERADIAN. ) SOLID_ANGLE_UNIT ( ) );
#312 = AXIS2_PLACEMENT_3D ( 'NONE', #351, #1196, #1537 ) ;
#313 = ORIENTED_EDGE ( 'NONE', *, *, #63, .F. ) ;
#314 = DIRECTION ( 'NONE',  ( 0.0000000000000000000, 0.0000000000000000000, -1.000000000000000000 ) ) ;
#315 = AXIS2_PLACEMENT_3D ( 'NONE', #1418, #1218, #2122 ) ;
#316 = ADVANCED_FACE ( 'NONE', ( #2297 ), #1427, .F. ) ;
#317 = VECTOR ( 'NONE', #355, 1000.000000000000000 ) ;
#318 = CARTESIAN_POINT ( 'NONE',  ( 0.0000000000000000000, 8.589999999999999858, 1.053775882719999890 ) ) ;
#319 = ADVANCED_FACE ( 'NONE', ( #1765 ), #1039, .F. ) ;
#320 = CARTESIAN_POINT ( 'NONE',  ( -0.05000000000000000278, 11.42999999999999972, -2.899999999999999911 ) ) ;
#321 = VERTEX_POINT ( 'NONE', #166 ) ;
#322 = CARTESIAN_POINT ( 'NONE',  ( 0.7500000000000000000, 2.540000000000000480, 0.5000000000000000000 ) ) ;
#323 =( BOUNDED_CURVE ( )  B_SPLINE_CURVE ( 3, ( #664, #2238, #2073, #2046 ),
 .UNSPECIFIED., .F., .T. ) 
 B_SPLINE_CURVE_WITH_KNOTS ( ( 4, 4 ),
 ( 4.712388980384689674, 6.283185307179586232 ),
 .UNSPECIFIED. ) 
 CURVE ( )  GEOMETRIC_REPRESENTATION_ITEM ( )  RATIONAL_B_SPLINE_CURVE ( ( 1.000000000000000000, 0.8047378541243649375, 0.8047378541243649375, 1.000000000000000000 ) ) 
 REPRESENTATION_ITEM ( '' )  );
#324 = CARTESIAN_POINT ( 'NONE',  ( -0.2999999999999999889, 4.110000000000001208, -3.046446609406725958 ) ) ;
#325 = VERTEX_POINT ( 'NONE', #2308 ) ;
#326 = ORIENTED_EDGE ( 'NONE', *, *, #698, .F. ) ;
#327 =( NAMED_UNIT ( * ) PLANE_ANGLE_UNIT ( ) SI_UNIT ( $, .RADIAN. ) );
#328 = ORIENTED_EDGE ( 'NONE', *, *, #1850, .F. ) ;
#329 = DIRECTION ( 'NONE',  ( -0.7071067811865475727, 0.0000000000000000000, 0.7071067811865475727 ) ) ;
#330 = CARTESIAN_POINT ( 'NONE',  ( 0.2999999999999999889, 6.049999999999999822, 1.053775882719999890 ) ) ;
#331 = CARTESIAN_POINT ( 'NONE',  ( -1.250000000000000000, 0.0000000000000000000, 0.0000000000000000000 ) ) ;
#332 = ORIENTED_EDGE ( 'NONE', *, *, #2074, .T. ) ;
#333 = ADVANCED_FACE ( 'NONE', ( #2134 ), #150, .F. ) ;
#334 = DIRECTION ( 'NONE',  ( -1.000000000000000000, 0.0000000000000000000, -0.0000000000000000000 ) ) ;
#335 = DIRECTION ( 'NONE',  ( 0.0000000000000000000, 0.0000000000000000000, 1.000000000000000000 ) ) ;
#336 = ORIENTED_EDGE ( 'NONE', *, *, #1693, .T. ) ;
#337 = ORIENTED_EDGE ( 'NONE', *, *, #1722, .T. ) ;
#338 = ORIENTED_EDGE ( 'NONE', *, *, #886, .T. ) ;
#339 = CARTESIAN_POINT ( 'NONE',  ( 0.0000000000000000000, 6.049999999999999822, 1.053775882719999890 ) ) ;
#340 = CYLINDRICAL_SURFACE ( 'NONE', #1683, 0.2500000000000002220 ) ;
#341 = DIRECTION ( 'NONE',  ( -1.000000000000000000, 0.0000000000000000000, -0.0000000000000000000 ) ) ;
#342 = VERTEX_POINT ( 'NONE', #1378 ) ;
#343 = CARTESIAN_POINT ( 'NONE',  ( -0.7500000000000000000, 12.69999999999999929, 0.5000000000000000000 ) ) ;
#344 = CARTESIAN_POINT ( 'NONE',  ( 0.0000000000000000000, 11.13000000000000078, 1.053775882719999890 ) ) ;
#345 = ADVANCED_FACE ( 'NONE', ( #1742 ), #2094, .T. ) ;
#346 = CARTESIAN_POINT ( 'NONE',  ( 0.2999999999999999334, 3.509999999999999787, -2.899999999999999911 ) ) ;
#347 = VERTEX_POINT ( 'NONE', #2147 ) ;
#348 = ADVANCED_FACE ( 'NONE', ( #522 ), #2282, .F. ) ;
#349 = ORIENTED_EDGE ( 'NONE', *, *, #1527, .T. ) ;
#350 = VECTOR ( 'NONE', #128, 1000.000000000000000 ) ;
#351 = CARTESIAN_POINT ( 'NONE',  ( 0.4000000000000000222, 14.73200000000000109, 8.000000000000000000 ) ) ;
#352 = VECTOR ( 'NONE', #1721, 1000.000000000000000 ) ;
#353 = LINE ( 'NONE', #1923, #1127 ) ;
#354 = VECTOR ( 'NONE', #1325, 1000.000000000000000 ) ;
#355 = DIRECTION ( 'NONE',  ( -1.000000000000000000, 0.0000000000000000000, -0.0000000000000000000 ) ) ;
#356 = AXIS2_PLACEMENT_3D ( 'NONE', #742, #2162, #1992 ) ;
#357 = EDGE_LOOP ( 'NONE', ( #1153, #1333, #1277, #1640 ) ) ;
#358 = CARTESIAN_POINT ( 'NONE',  ( -0.05000000000000000278, 11.42999999999999972, -2.899999999999999911 ) ) ;
#359 = CARTESIAN_POINT ( 'NONE',  ( -0.4000000000000000222, 4.209999999999999964, 8.400000000000000355 ) ) ;
#360 = VECTOR ( 'NONE', #2177, 1000.000000000000000 ) ;
#361 = CARTESIAN_POINT ( 'NONE',  ( -0.2999999999999999889, 3.509999999999999787, 1.053775882719999890 ) ) ;
#362 = ORIENTED_EDGE ( 'NONE', *, *, #667, .T. ) ;
#363 = CARTESIAN_POINT ( 'NONE',  ( -0.7999999999999996003, 3.009999999999999343, 8.400000000000000355 ) ) ;
#364 = UNCERTAINTY_MEASURE_WITH_UNIT (LENGTH_MEASURE( 1.000000000000000082E-05 ), #586, 'distance_accuracy_value', 'NONE');
#365 = EDGE_LOOP ( 'NONE', ( #715, #1182, #411, #372 ) ) ;
#366 = EDGE_CURVE ( 'NONE', #2209, #2132, #847, .T. ) ;
#367 = LINE ( 'NONE', #1423, #904 ) ;
#368 = PLANE ( 'NONE',  #1579 ) ;
#369 = CARTESIAN_POINT ( 'NONE',  ( -0.4000000000000004108, 6.750000000000000888, 8.000000000000000000 ) ) ;
#370 = VERTEX_POINT ( 'NONE', #343 ) ;
#371 = CARTESIAN_POINT ( 'NONE',  ( -0.4000000000000000222, 12.69999999999999929, 0.5000000000000000000 ) ) ;
#372 = ORIENTED_EDGE ( 'NONE', *, *, #366, .F. ) ;
#373 = ORIENTED_EDGE ( 'NONE', *, *, #966, .T. ) ;
#374 = ORIENTED_EDGE ( 'NONE', *, *, #1675, .F. ) ;
#375 = FACE_OUTER_BOUND ( 'NONE', #1798, .T. ) ;
#376 = CARTESIAN_POINT ( 'NONE',  ( -0.3000000000000000999, 11.13000000000000078, -2.899999999999999911 ) ) ;
#377 = VERTEX_POINT ( 'NONE', #1555 ) ;
#378 = CARTESIAN_POINT ( 'NONE',  ( -0.3000000000000000999, 8.589999999999999858, -2.899999999999999911 ) ) ;
#379 = ORIENTED_EDGE ( 'NONE', *, *, #940, .T. ) ;
#380 = DIRECTION ( 'NONE',  ( 1.000000000000000000, 0.0000000000000000000, 0.0000000000000000000 ) ) ;
#381 = ORIENTED_EDGE ( 'NONE', *, *, #2133, .F. ) ;
#382 = VECTOR ( 'NONE', #2213, 1000.000000000000000 ) ;
#383 = EDGE_CURVE ( 'NONE', #11, #408, #1602, .T. ) ;
#384 = VECTOR ( 'NONE', #1008, 1000.000000000000114 ) ;
#385 = CARTESIAN_POINT ( 'NONE',  ( -0.7500000000000000000, 11.83000000000000007, 0.5000000000000000000 ) ) ;
#386 = VECTOR ( 'NONE', #935, 1000.000000000000000 ) ;
#387 = ORIENTED_EDGE ( 'NONE', *, *, #1224, .F. ) ;
#388 = CARTESIAN_POINT ( 'NONE',  ( -0.3000000000000000999, 4.110000000000001208, -2.899999999999999911 ) ) ;
#389 = EDGE_CURVE ( 'NONE', #1817, #1056, #1068, .T. ) ;
#390 = AXIS2_PLACEMENT_3D ( 'NONE', #483, #878, #1591 ) ;
#391 = ORIENTED_EDGE ( 'NONE', *, *, #900, .T. ) ;
#392 = SURFACE_STYLE_USAGE ( .BOTH. , #46 ) ;
#393 = AXIS2_PLACEMENT_3D ( 'NONE', #1988, #1254, #1264 ) ;
#394 = ORIENTED_EDGE ( 'NONE', *, *, #1402, .T. ) ;
#395 = CARTESIAN_POINT ( 'NONE',  ( 0.0000000000000000000, 12.69999999999999929, -5.831485763410000748E-15 ) ) ;
#396 = CARTESIAN_POINT ( 'NONE',  ( -0.4000000000000000222, 8.490000000000000213, 0.5000000000000003331 ) ) ;
#397 = EDGE_CURVE ( 'NONE', #880, #2204, #1050, .T. ) ;
#398 = ORIENTED_EDGE ( 'NONE', *, *, #1326, .F. ) ;
#399 = DIRECTION ( 'NONE',  ( 1.000000000000000000, 0.0000000000000000000, 0.0000000000000000000 ) ) ;
#400 = CARTESIAN_POINT ( 'NONE',  ( 0.2999999999999999334, 3.509999999999999787, -2.899999999999999911 ) ) ;
#401 = EDGE_CURVE ( 'NONE', #2247, #2276, #712, .T. ) ;
#402 = ORIENTED_EDGE ( 'NONE', *, *, #1381, .T. ) ;
#403 = FACE_OUTER_BOUND ( 'NONE', #1442, .T. ) ;
#404 = LINE ( 'NONE', #1646, #1952 ) ;
#405 = FILL_AREA_STYLE ('',( #23 ) ) ;
#406 = ORIENTED_EDGE ( 'NONE', *, *, #2175, .T. ) ;
#407 = CARTESIAN_POINT ( 'NONE',  ( -0.05000000000000000278, 11.38000000000000078, -3.149999999999999911 ) ) ;
#408 = VERTEX_POINT ( 'NONE', #837 ) ;
#409 = CARTESIAN_POINT ( 'NONE',  ( -0.05000000000000000278, 8.839999999999999858, -3.149999999999999911 ) ) ;
#410 = DIRECTION ( 'NONE',  ( 0.0000000000000000000, 0.0000000000000000000, 1.000000000000000000 ) ) ;
#411 = ORIENTED_EDGE ( 'NONE', *, *, #789, .T. ) ;
#412 = FACE_OUTER_BOUND ( 'NONE', #1793, .T. ) ;
#413 = ORIENTED_EDGE ( 'NONE', *, *, #2074, .F. ) ;
#414 = EDGE_CURVE ( 'NONE', #325, #1071, #1916, .T. ) ;
#415 = LINE ( 'NONE', #633, #1767 ) ;
#416 = VERTEX_POINT ( 'NONE', #1622 ) ;
#417 = DIRECTION ( 'NONE',  ( -0.0000000000000000000, 1.000000000000000000, 0.0000000000000000000 ) ) ;
#418 = VECTOR ( 'NONE', #1086, 1000.000000000000000 ) ;
#419 = CARTESIAN_POINT ( 'NONE',  ( -0.4000000000000000222, 3.409999999999999698, 0.5000000000000003331 ) ) ;
#420 = VECTOR ( 'NONE', #1263, 1000.000000000000000 ) ;
#421 = VERTEX_POINT ( 'NONE', #1657 ) ;
#422 = CARTESIAN_POINT ( 'NONE',  ( -0.8000000000000000444, 2.540000000000000036, 8.400000000000000355 ) ) ;
#423 = CARTESIAN_POINT ( 'NONE',  ( -0.8000000000000011546, 4.610000000000002984, 8.400000000000000355 ) ) ;
#424 = MECHANICAL_DESIGN_GEOMETRIC_PRESENTATION_REPRESENTATION (  '', ( #1133 ), #2261 ) ;
#425 = ORIENTED_EDGE ( 'NONE', *, *, #1962, .F. ) ;
#426 = EDGE_CURVE ( 'NONE', #1465, #846, #1119, .T. ) ;
#427 = DIRECTION ( 'NONE',  ( 0.0000000000000000000, 0.0000000000000000000, -1.000000000000000000 ) ) ;
#428 = ORIENTED_EDGE ( 'NONE', *, *, #900, .F. ) ;
#429 = LINE ( 'NONE', #1673, #1503 ) ;
#430 = ORIENTED_EDGE ( 'NONE', *, *, #252, .T. ) ;
#431 = DIRECTION ( 'NONE',  ( -0.0000000000000000000, 0.0000000000000000000, -1.000000000000000000 ) ) ;
#432 = DIRECTION ( 'NONE',  ( 0.0000000000000000000, -0.0000000000000000000, -1.000000000000000000 ) ) ;
#433 = ORIENTED_EDGE ( 'NONE', *, *, #2005, .T. ) ;
#434 = CARTESIAN_POINT ( 'NONE',  ( 0.1964466094067261748, 11.62644660940672914, -3.149999999999999023 ) ) ;
#435 = FACE_OUTER_BOUND ( 'NONE', #863, .T. ) ;
#436 = FACE_OUTER_BOUND ( 'NONE', #1734, .T. ) ;
#437 = ADVANCED_FACE ( 'NONE', ( #2002 ), #1462, .T. ) ;
#438 = CARTESIAN_POINT ( 'NONE',  ( -0.4000000000000000222, 11.83000000000000007, 0.5000000000000004441 ) ) ;
#439 = LINE ( 'NONE', #91, #862 ) ;
#440 = LINE ( 'NONE', #654, #453 ) ;
#441 = VERTEX_POINT ( 'NONE', #1830 ) ;
#442 = CARTESIAN_POINT ( 'NONE',  ( -0.7500000000000000000, 2.540000000000000036, 8.400000000000000355 ) ) ;
#443 = CARTESIAN_POINT ( 'NONE',  ( 0.05000000000000000278, 3.860000000000000764, -3.149999999999999911 ) ) ;
#444 = EDGE_CURVE ( 'NONE', #100, #1732, #1641, .T. ) ;
#445 = LINE ( 'NONE', #64, #638 ) ;
#446 = DIRECTION ( 'NONE',  ( -0.0000000000000000000, 0.0000000000000000000, 1.000000000000000000 ) ) ;
#447 = ADVANCED_FACE ( 'NONE', ( #582 ), #1110, .F. ) ;
#448 = DIRECTION ( 'NONE',  ( 1.000000000000000000, 0.0000000000000000000, 0.0000000000000000000 ) ) ;
#449 = CARTESIAN_POINT ( 'NONE',  ( 0.7500000000000000000, 12.69999999999999929, 0.5000000000000000000 ) ) ;
#450 = VECTOR ( 'NONE', #1266, 1000.000000000000000 ) ;
#451 = ORIENTED_EDGE ( 'NONE', *, *, #2231, .F. ) ;
#452 = VECTOR ( 'NONE', #1492, 1000.000000000000114 ) ;
#453 = VECTOR ( 'NONE', #1692, 1000.000000000000000 ) ;
#454 = LINE ( 'NONE', #612, #873 ) ;
#455 = CARTESIAN_POINT ( 'NONE',  ( 0.7999999999999996003, 4.610000000000001208, 8.400000000000000355 ) ) ;
#456 = VECTOR ( 'NONE', #1999, 1000.000000000000000 ) ;
#457 = DIRECTION ( 'NONE',  ( 0.0000000000000000000, 0.0000000000000000000, -1.000000000000000000 ) ) ;
#458 = ADVANCED_FACE ( 'NONE', ( #1078 ), #1791, .F. ) ;
#459 = PLANE ( 'NONE',  #1474 ) ;
#460 = LINE ( 'NONE', #1677, #1090 ) ;
#461 = LINE ( 'NONE', #1344, #121 ) ;
#462 = EDGE_CURVE ( 'NONE', #1354, #1823, #1485, .T. ) ;
#463 = ORIENTED_EDGE ( 'NONE', *, *, #1695, .T. ) ;
#464 = UNCERTAINTY_MEASURE_WITH_UNIT (LENGTH_MEASURE( 1.000000000000000082E-05 ), #1445, 'distance_accuracy_value', 'NONE');
#465 = CARTESIAN_POINT ( 'NONE',  ( -0.7500000000000000000, 12.69999999999999929, -5.831485763410000748E-15 ) ) ;
#466 = VERTEX_POINT ( 'NONE', #2161 ) ;
#467 = FACE_OUTER_BOUND ( 'NONE', #919, .T. ) ;
#468 = LINE ( 'NONE', #659, #1873 ) ;
#469 = DIRECTION ( 'NONE',  ( 0.7071067811865474617, 0.0000000000000000000, 0.7071067811865474617 ) ) ;
#470 = FACE_OUTER_BOUND ( 'NONE', #365, .T. ) ;
#471 = ORIENTED_EDGE ( 'NONE', *, *, #2087, .T. ) ;
#472 = FACE_BOUND ( 'NONE', #1604, .T. ) ;
#473 = ORIENTED_EDGE ( 'NONE', *, *, #414, .F. ) ;
#474 = ADVANCED_FACE ( 'NONE', ( #756 ), #558, .T. ) ;
#475 = CARTESIAN_POINT ( 'NONE',  ( 0.3000000000000000999, 11.13000000000000078, -2.899999999999999911 ) ) ;
#476 = EDGE_CURVE ( 'NONE', #1709, #2038, #1821, .T. ) ;
#477 = DIRECTION ( 'NONE',  ( 0.0000000000000000000, -1.000000000000000000, -0.0000000000000000000 ) ) ;
#478 = DIRECTION ( 'NONE',  ( 1.000000000000000000, 0.0000000000000000000, 0.0000000000000000000 ) ) ;
#479 = FACE_OUTER_BOUND ( 'NONE', #2018, .T. ) ;
#480 = CARTESIAN_POINT ( 'NONE',  ( 0.4000000000000000222, 11.02999999999999936, 8.400000000000000355 ) ) ;
#481 = ORIENTED_EDGE ( 'NONE', *, *, #1827, .F. ) ;
#482 = CARTESIAN_POINT ( 'NONE',  ( -0.8000000000000000444, 2.540000000000000036, 8.400000000000000355 ) ) ;
#483 = CARTESIAN_POINT ( 'NONE',  ( -0.4000000000000000222, 0.5080000000000000071, 8.000000000000000000 ) ) ;
#484 = AXIS2_PLACEMENT_3D ( 'NONE', #58, #1302, #1833 ) ;
#485 = ORIENTED_EDGE ( 'NONE', *, *, #1811, .F. ) ;
#486 = ORIENTED_EDGE ( 'NONE', *, *, #1340, .T. ) ;
#487 = VECTOR ( 'NONE', #2269, 1000.000000000000000 ) ;
#488 = CARTESIAN_POINT ( 'NONE',  ( 0.1964466094067261748, 8.693553390593274699, -3.149999999999999023 ) ) ;
#489 = VECTOR ( 'NONE', #555, 1000.000000000000000 ) ;
#490 = VERTEX_POINT ( 'NONE', #721 ) ;
#491 = PLANE ( 'NONE',  #312 ) ;
#492 = VECTOR ( 'NONE', #1940, 1000.000000000000000 ) ;
#493 = EDGE_CURVE ( 'NONE', #173, #1901, #2201, .T. ) ;
#494 = FACE_BOUND ( 'NONE', #208, .T. ) ;
#495 = VECTOR ( 'NONE', #341, 1000.000000000000000 ) ;
#496 = DIRECTION ( 'NONE',  ( 1.000000000000000000, 0.0000000000000000000, 0.0000000000000000000 ) ) ;
#497 = CARTESIAN_POINT ( 'NONE',  ( 0.2999999999999999889, 11.73000000000000043, 0.0000000000000000000 ) ) ;
#498 = ORIENTED_EDGE ( 'NONE', *, *, #2175, .F. ) ;
#499 = DIRECTION ( 'NONE',  ( 0.0000000000000000000, -0.7071067811865475727, -0.7071067811865475727 ) ) ;
#500 = CARTESIAN_POINT ( 'NONE',  ( 0.05000000000000000278, 11.42999999999999972, -2.899999999999999911 ) ) ;
#501 = ORIENTED_EDGE ( 'NONE', *, *, #613, .T. ) ;
#502 = DIRECTION ( 'NONE',  ( 0.0000000000000000000, 0.7071067811865474617, -0.7071067811865474617 ) ) ;
#503 = EDGE_LOOP ( 'NONE', ( #81, #362, #1336, #1033 ) ) ;
#504 = CARTESIAN_POINT ( 'NONE',  ( 0.4000000000000000222, 11.02999999999999936, 8.400000000000000355 ) ) ;
#505 = PRODUCT_RELATED_PRODUCT_CATEGORY ( 'part', '', ( #1448 ) ) ;
#506 = CARTESIAN_POINT ( 'NONE',  ( 0.4000000000000000222, 11.02999999999999758, 8.000000000000000000 ) ) ;
#507 = CARTESIAN_POINT ( 'NONE',  ( -0.2999999999999999334, 3.509999999999999787, -2.899999999999999911 ) ) ;
#508 = ORIENTED_EDGE ( 'NONE', *, *, #836, .T. ) ;
#509 = CARTESIAN_POINT ( 'NONE',  ( -1.250000000000000000, 2.540000000000000036, 0.0000000000000000000 ) ) ;
#510 = EDGE_CURVE ( 'NONE', #1457, #2267, #220, .T. ) ;
#511 = DIRECTION ( 'NONE',  ( -0.0000000000000000000, 0.0000000000000000000, 1.000000000000000000 ) ) ;
#512 = CARTESIAN_POINT ( 'NONE',  ( 0.0000000000000000000, 3.509999999999999787, 1.053775882719999890 ) ) ;
#513 = EDGE_LOOP ( 'NONE', ( #35, #1572, #391, #1628 ) ) ;
#514 = VERTEX_POINT ( 'NONE', #548 ) ;
#515 = SURFACE_STYLE_FILL_AREA ( #1221 ) ;
#516 = VERTEX_POINT ( 'NONE', #388 ) ;
#517 = CARTESIAN_POINT ( 'NONE',  ( 0.4000000000000000222, 14.73200000000000109, 8.000000000000000000 ) ) ;
#518 = CARTESIAN_POINT ( 'NONE',  ( 0.2999999999999999889, 8.589999999999999858, 1.053775882719999890 ) ) ;
#519 = DIRECTION ( 'NONE',  ( -0.0000000000000000000, -0.0000000000000000000, 1.000000000000000000 ) ) ;
#520 = EDGE_CURVE ( 'NONE', #57, #829, #2232, .T. ) ;
#521 = ORIENTED_EDGE ( 'NONE', *, *, #401, .T. ) ;
#522 = FACE_OUTER_BOUND ( 'NONE', #1785, .T. ) ;
#523 = CARTESIAN_POINT ( 'NONE',  ( -0.2999999999999999889, 0.0000000000000000000, 0.0000000000000000000 ) ) ;
#524 =( BOUNDED_CURVE ( )  B_SPLINE_CURVE ( 3, ( #1696, #434, #1460, #1868 ),
 .UNSPECIFIED., .F., .T. ) 
 B_SPLINE_CURVE_WITH_KNOTS ( ( 4, 4 ),
 ( 4.712388980384689674, 6.283185307179586232 ),
 .UNSPECIFIED. ) 
 CURVE ( )  GEOMETRIC_REPRESENTATION_ITEM ( )  RATIONAL_B_SPLINE_CURVE ( ( 1.000000000000000000, 0.8047378541243649375, 0.8047378541243649375, 1.000000000000000000 ) ) 
 REPRESENTATION_ITEM ( '' )  );
#525 = EDGE_CURVE ( 'NONE', #219, #347, #1440, .T. ) ;
#526 = ORIENTED_EDGE ( 'NONE', *, *, #1667, .T. ) ;
#527 = VERTEX_POINT ( 'NONE', #1476 ) ;
#528 = VECTOR ( 'NONE', #1278, 1000.000000000000000 ) ;
#529 = EDGE_LOOP ( 'NONE', ( #1067, #2114, #1807, #1085 ) ) ;
#530 = VECTOR ( 'NONE', #1351, 1000.000000000000000 ) ;
#531 = DIRECTION ( 'NONE',  ( 0.0000000000000000000, 0.0000000000000000000, -1.000000000000000000 ) ) ;
#532 = AXIS2_PLACEMENT_3D ( 'NONE', #2025, #1824, #1498 ) ;
#533 = CARTESIAN_POINT ( 'NONE',  ( -0.7500000000000000000, 12.69999999999999929, -3.803921301405000178E-15 ) ) ;
#534 = AXIS2_PLACEMENT_3D ( 'NONE', #1145, #258, #269 ) ;
#535 = CARTESIAN_POINT ( 'NONE',  ( 0.2999999999999999889, 8.589999999999999858, 1.053775882719999890 ) ) ;
#536 = VECTOR ( 'NONE', #797, 1000.000000000000000 ) ;
#537 = ORIENTED_EDGE ( 'NONE', *, *, #1300, .T. ) ;
#538 = DIRECTION ( 'NONE',  ( 0.0000000000000000000, 0.0000000000000000000, 1.000000000000000000 ) ) ;
#539 = FACE_OUTER_BOUND ( 'NONE', #668, .T. ) ;
#540 = ADVANCED_FACE ( 'NONE', ( #1799 ), #198, .F. ) ;
#541 = DIRECTION ( 'NONE',  ( -1.000000000000000000, 0.0000000000000000000, -0.0000000000000000000 ) ) ;
#542 = FACE_OUTER_BOUND ( 'NONE', #617, .T. ) ;
#543 = ADVANCED_FACE ( 'NONE', ( #1990 ), #1099, .T. ) ;
#544 = ORIENTED_EDGE ( 'NONE', *, *, #2012, .F. ) ;
#545 = DIRECTION ( 'NONE',  ( 1.000000000000000000, 0.0000000000000000000, 0.0000000000000000000 ) ) ;
#546 = CARTESIAN_POINT ( 'NONE',  ( -1.250000000000000000, 12.69999999999999929, 8.400000000000000355 ) ) ;
#547 = ORIENTED_EDGE ( 'NONE', *, *, #1402, .F. ) ;
#548 = CARTESIAN_POINT ( 'NONE',  ( 0.4000000000000002998, 8.490000000000000213, 8.000000000000000000 ) ) ;
#549 = PRODUCT_DEFINITION_SHAPE ( 'NONE', 'NONE',  #1922 ) ;
#550 = ORIENTED_EDGE ( 'NONE', *, *, #2050, .T. ) ;
#551 = CARTESIAN_POINT ( 'NONE',  ( -0.4000000000000000222, 11.83000000000000007, 8.000000000000000000 ) ) ;
#552 = EDGE_CURVE ( 'NONE', #851, #1267, #429, .T. ) ;
#553 = ORIENTED_EDGE ( 'NONE', *, *, #1029, .F. ) ;
#554 = EDGE_CURVE ( 'NONE', #1554, #1617, #1177, .T. ) ;
#555 = DIRECTION ( 'NONE',  ( -1.000000000000000000, 0.0000000000000000000, -0.0000000000000000000 ) ) ;
#556 = LINE ( 'NONE', #2131, #1397 ) ;
#557 = ORIENTED_EDGE ( 'NONE', *, *, #1634, .F. ) ;
#558 = CYLINDRICAL_SURFACE ( 'NONE', #2143, 0.2500000000000002220 ) ;
#559 = CARTESIAN_POINT ( 'NONE',  ( -1.250000000000000000, 2.540000000000000036, 8.400000000000000355 ) ) ;
#560 = ORIENTED_EDGE ( 'NONE', *, *, #993, .F. ) ;
#561 = CARTESIAN_POINT ( 'NONE',  ( 0.3999999999999999667, 11.83000000000000007, 0.5000000000000003331 ) ) ;
#562 = VERTEX_POINT ( 'NONE', #2052 ) ;
#563 = EDGE_CURVE ( 'NONE', #2204, #2077, #999, .T. ) ;
#564 = VECTOR ( 'NONE', #257, 1000.000000000000000 ) ;
#565 = DIRECTION ( 'NONE',  ( 0.0000000000000000000, -0.0000000000000000000, 1.000000000000000000 ) ) ;
#566 = VECTOR ( 'NONE', #591, 1000.000000000000000 ) ;
#567 = EDGE_CURVE ( 'NONE', #1205, #1, #615, .T. ) ;
#568 = DIRECTION ( 'NONE',  ( -0.0000000000000000000, -1.000000000000000000, -0.0000000000000000000 ) ) ;
#569 = VECTOR ( 'NONE', #71, 1000.000000000000000 ) ;
#570 = ORIENTED_EDGE ( 'NONE', *, *, #1962, .T. ) ;
#571 = DIRECTION ( 'NONE',  ( 1.000000000000000000, 0.0000000000000000000, 0.0000000000000000000 ) ) ;
#572 =( GEOMETRIC_REPRESENTATION_CONTEXT ( 3 ) GLOBAL_UNCERTAINTY_ASSIGNED_CONTEXT ( ( #286 ) ) GLOBAL_UNIT_ASSIGNED_CONTEXT ( ( #2051, #816, #1160 ) ) REPRESENTATION_CONTEXT ( 'NONE', 'WORKASPACE' ) );
#573 = CARTESIAN_POINT ( 'NONE',  ( 0.0000000000000000000, 5.549999999999999822, 8.400000000000000355 ) ) ;
#574 = ORIENTED_EDGE ( 'NONE', *, *, #383, .T. ) ;
#575 = LINE ( 'NONE', #1633, #528 ) ;
#576 = VECTOR ( 'NONE', #446, 1000.000000000000000 ) ;
#577 = CARTESIAN_POINT ( 'NONE',  ( 0.2999999999999999889, 0.0000000000000000000, -2.899999999999999911 ) ) ;
#578 = STYLED_ITEM ( 'NONE', ( #1983 ), #1463 ) ;
#579 = VERTEX_POINT ( 'NONE', #817 ) ;
#580 = DIRECTION ( 'NONE',  ( 0.0000000000000000000, 0.0000000000000000000, -1.000000000000000000 ) ) ;
#581 = VERTEX_POINT ( 'NONE', #1887 ) ;
#582 = FACE_OUTER_BOUND ( 'NONE', #503, .T. ) ;
#583 = DIRECTION ( 'NONE',  ( 1.000000000000000000, 0.0000000000000000000, 0.0000000000000000000 ) ) ;
#584 = ORIENTED_EDGE ( 'NONE', *, *, #1784, .F. ) ;
#585 = EDGE_CURVE ( 'NONE', #2077, #639, #1540, .T. ) ;
#586 =( LENGTH_UNIT ( ) NAMED_UNIT ( * ) SI_UNIT ( .MILLI., .METRE. ) );
#587 = CARTESIAN_POINT ( 'NONE',  ( 0.4000000000000000222, 3.409999999999996589, 8.000000000000000000 ) ) ;
#588 = ORIENTED_EDGE ( 'NONE', *, *, #1737, .T. ) ;
#589 = CARTESIAN_POINT ( 'NONE',  ( -0.2999999999999999889, 6.650000000000000355, 0.0000000000000000000 ) ) ;
#590 = ORIENTED_EDGE ( 'NONE', *, *, #1525, .F. ) ;
#591 = DIRECTION ( 'NONE',  ( 0.0000000000000000000, -1.000000000000000000, -0.0000000000000000000 ) ) ;
#592 = ADVANCED_FACE ( 'NONE', ( #1687 ), #1851, .T. ) ;
#593 = FACE_OUTER_BOUND ( 'NONE', #103, .T. ) ;
#594 = EDGE_LOOP ( 'NONE', ( #1523, #14, #1420, #272 ) ) ;
#595 = PLANE ( 'NONE',  #636 ) ;
#596 = DIRECTION ( 'NONE',  ( 0.0000000000000000000, 0.0000000000000000000, 1.000000000000000000 ) ) ;
#597 = ADVANCED_FACE ( 'NONE', ( #98 ), #963, .T. ) ;
#598 = EDGE_LOOP ( 'NONE', ( #1038, #1113, #606, #1665 ) ) ;
#599 = CARTESIAN_POINT ( 'NONE',  ( 0.2999999999999999889, 0.0000000000000000000, 0.0000000000000000000 ) ) ;
#600 = VECTOR ( 'NONE', #1521, 1000.000000000000000 ) ;
#601 = VERTEX_POINT ( 'NONE', #88 ) ;
#602 = CYLINDRICAL_SURFACE ( 'NONE', #1282, 0.2500000000000002220 ) ;
#603 = AXIS2_PLACEMENT_3D ( 'NONE', #687, #1597, #1403 ) ;
#604 = CARTESIAN_POINT ( 'NONE',  ( 0.4000000000000000222, 3.409999999999999698, 8.400000000000000355 ) ) ;
#605 = VECTOR ( 'NONE', #477, 1000.000000000000000 ) ;
#606 = ORIENTED_EDGE ( 'NONE', *, *, #696, .F. ) ;
#607 = CARTESIAN_POINT ( 'NONE',  ( 0.0000000000000000000, 6.650000000000000355, -2.899999999999999911 ) ) ;
#608 = CARTESIAN_POINT ( 'NONE',  ( 0.8000000000000000444, 2.540000000000000036, 8.400000000000000355 ) ) ;
#609 = VECTOR ( 'NONE', #921, 1000.000000000000000 ) ;
#610 = VECTOR ( 'NONE', #1862, 1000.000000000000000 ) ;
#611 = EDGE_LOOP ( 'NONE', ( #1994, #1533, #1124, #1965 ) ) ;
#612 = CARTESIAN_POINT ( 'NONE',  ( 0.2999999999999999889, 4.110000000000001208, -3.149999999999999911 ) ) ;
#613 = EDGE_CURVE ( 'NONE', #984, #726, #1364, .T. ) ;
#614 = CARTESIAN_POINT ( 'NONE',  ( -0.4000000000000000222, 12.69999999999999929, 0.5000000000000000000 ) ) ;
#615 = LINE ( 'NONE', #2042, #2252 ) ;
#616 = FACE_OUTER_BOUND ( 'NONE', #1740, .T. ) ;
#617 = EDGE_LOOP ( 'NONE', ( #859, #2111, #1109, #2179 ) ) ;
#618 = CARTESIAN_POINT ( 'NONE',  ( -0.2999999999999999889, 9.189999999999999503, 1.053775882719999890 ) ) ;
#619 = DIRECTION ( 'NONE',  ( 0.5773502691896248429, 0.5773502691896261751, -0.5773502691896261751 ) ) ;
#620 = ORIENTED_EDGE ( 'NONE', *, *, #66, .T. ) ;
#621 = LINE ( 'NONE', #739, #168 ) ;
#622 = EDGE_CURVE ( 'NONE', #321, #2000, #2235, .T. ) ;
#623 = LINE ( 'NONE', #971, #162 ) ;
#624 = ADVANCED_FACE ( 'NONE', ( #1132 ), #602, .T. ) ;
#625 =( LENGTH_UNIT ( ) NAMED_UNIT ( * ) SI_UNIT ( .MILLI., .METRE. ) );
#626 = DIRECTION ( 'NONE',  ( -0.5773502691896250649, 0.5773502691896261751, 0.5773502691896261751 ) ) ;
#627 =( BOUNDED_CURVE ( )  B_SPLINE_CURVE ( 3, ( #295, #824, #1856, #129 ),
 .UNSPECIFIED., .F., .T. ) 
 B_SPLINE_CURVE_WITH_KNOTS ( ( 4, 4 ),
 ( 0.0000000000000000000, 1.570796326794896780 ),
 .UNSPECIFIED. ) 
 CURVE ( )  GEOMETRIC_REPRESENTATION_ITEM ( )  RATIONAL_B_SPLINE_CURVE ( ( 1.000000000000000000, 0.8047378541243649375, 0.8047378541243649375, 1.000000000000000000 ) ) 
 REPRESENTATION_ITEM ( '' )  );
#628 = DIRECTION ( 'NONE',  ( 0.0000000000000000000, 1.000000000000000000, -0.0000000000000000000 ) ) ;
#629 = CARTESIAN_POINT ( 'NONE',  ( -0.4000000000000000222, 4.209999999999999964, 0.5000000000000002220 ) ) ;
#630 = CARTESIAN_POINT ( 'NONE',  ( 0.0000000000000000000, 8.839999999999999858, -3.149999999999999911 ) ) ;
#631 = VERTEX_POINT ( 'NONE', #72 ) ;
#632 = DIRECTION ( 'NONE',  ( -0.0000000000000000000, 1.000000000000000000, 0.0000000000000000000 ) ) ;
#633 = CARTESIAN_POINT ( 'NONE',  ( 0.0000000000000000000, 4.610000000000000320, 8.400000000000000355 ) ) ;
#634 = ADVANCED_FACE ( 'NONE', ( #436 ), #246, .F. ) ;
#635 = CARTESIAN_POINT ( 'NONE',  ( 0.0000000000000000000, 2.540000000000000036, 8.400000000000000355 ) ) ;
#636 = AXIS2_PLACEMENT_3D ( 'NONE', #934, #2015, #1443 ) ;
#637 = LINE ( 'NONE', #1341, #2223 ) ;
#638 = VECTOR ( 'NONE', #774, 1000.000000000000000 ) ;
#639 = VERTEX_POINT ( 'NONE', #783 ) ;
#640 = LINE ( 'NONE', #77, #1761 ) ;
#641 = LINE ( 'NONE', #1014, #1472 ) ;
#642 = VECTOR ( 'NONE', #261, 1000.000000000000000 ) ;
#643 = ORIENTED_EDGE ( 'NONE', *, *, #397, .T. ) ;
#644 = VECTOR ( 'NONE', #1592, 1000.000000000000000 ) ;
#645 = LINE ( 'NONE', #442, #2189 ) ;
#646 = ORIENTED_EDGE ( 'NONE', *, *, #2286, .F. ) ;
#647 = DIRECTION ( 'NONE',  ( 0.0000000000000000000, -0.0000000000000000000, -1.000000000000000000 ) ) ;
#648 = VECTOR ( 'NONE', #1020, 1000.000000000000000 ) ;
#649 = DIRECTION ( 'NONE',  ( 1.000000000000000000, -0.0000000000000000000, 0.0000000000000000000 ) ) ;
#650 = FACE_OUTER_BOUND ( 'NONE', #2004, .T. ) ;
#651 = EDGE_CURVE ( 'NONE', #2075, #11, #988, .T. ) ;
#652 = ORIENTED_EDGE ( 'NONE', *, *, #708, .T. ) ;
#653 = LINE ( 'NONE', #1890, #266 ) ;
#654 = CARTESIAN_POINT ( 'NONE',  ( 0.2999999999999999889, 0.0000000000000000000, -2.899999999999999911 ) ) ;
#655 = EDGE_CURVE ( 'NONE', #490, #2207, #1861, .T. ) ;
#656 = ORIENTED_EDGE ( 'NONE', *, *, #401, .F. ) ;
#657 = ORIENTED_EDGE ( 'NONE', *, *, #25, .F. ) ;
#658 = LINE ( 'NONE', #159, #352 ) ;
#659 = CARTESIAN_POINT ( 'NONE',  ( 0.05000000000000000278, 11.73000000000000043, -3.149999999999999911 ) ) ;
#660 = CARTESIAN_POINT ( 'NONE',  ( 0.0000000000000000000, 8.939999999999999503, -2.899999999999999911 ) ) ;
#661 = DIRECTION ( 'NONE',  ( 1.000000000000000000, -0.0000000000000000000, 0.0000000000000000000 ) ) ;
#662 = ORIENTED_EDGE ( 'NONE', *, *, #2316, .F. ) ;
#663 = DIRECTION ( 'NONE',  ( 0.0000000000000000000, 0.7071067811865474617, -0.7071067811865474617 ) ) ;
#664 = CARTESIAN_POINT ( 'NONE',  ( 0.05000000000000000278, 8.939999999999999503, -3.149999999999999911 ) ) ;
#665 = EDGE_CURVE ( 'NONE', #978, #321, #445, .T. ) ;
#666 = ORIENTED_EDGE ( 'NONE', *, *, #298, .F. ) ;
#667 = EDGE_CURVE ( 'NONE', #1454, #978, #1321, .T. ) ;
#668 = EDGE_LOOP ( 'NONE', ( #313, #801, #1174, #947 ) ) ;
#669 = DIRECTION ( 'NONE',  ( 0.7071067811865474617, 0.0000000000000000000, 0.7071067811865474617 ) ) ;
#670 = CARTESIAN_POINT ( 'NONE',  ( 0.0000000000000000000, 6.299999999999999822, -3.149999999999999911 ) ) ;
#671 = DIRECTION ( 'NONE',  ( 0.0000000000000000000, 0.0000000000000000000, -1.000000000000000000 ) ) ;
#672 = CARTESIAN_POINT ( 'NONE',  ( -0.4000000000000000222, 0.5080000000000000071, 8.000000000000000000 ) ) ;
#673 = VERTEX_POINT ( 'NONE', #1161 ) ;
#674 = DIRECTION ( 'NONE',  ( 0.0000000000000000000, 0.7071067811865474617, -0.7071067811865474617 ) ) ;
#675 = DIRECTION ( 'NONE',  ( 0.0000000000000000000, 0.0000000000000000000, -1.000000000000000000 ) ) ;
#676 = AXIS2_PLACEMENT_3D ( 'NONE', #282, #2036, #101 ) ;
#677 = ORIENTED_EDGE ( 'NONE', *, *, #1025, .F. ) ;
#678 = CARTESIAN_POINT ( 'NONE',  ( -0.4000000000000000222, 11.83000000000000007, 8.000000000000000000 ) ) ;
#679 = AXIS2_PLACEMENT_3D ( 'NONE', #318, #1284, #928 ) ;
#680 = CARTESIAN_POINT ( 'NONE',  ( 0.3000000000000000999, 8.589999999999999858, -2.899999999999999911 ) ) ;
#681 = AXIS2_PLACEMENT_3D ( 'NONE', #517, #329, #107 ) ;
#682 = ORIENTED_EDGE ( 'NONE', *, *, #552, .F. ) ;
#683 = DIRECTION ( 'NONE',  ( 0.0000000000000000000, 0.0000000000000000000, -1.000000000000000000 ) ) ;
#684 = VECTOR ( 'NONE', #478, 1000.000000000000000 ) ;
#685 = EDGE_CURVE ( 'NONE', #726, #1636, #279, .T. ) ;
#686 = AXIS2_PLACEMENT_3D ( 'NONE', #480, #1000, #2054 ) ;
#687 = CARTESIAN_POINT ( 'NONE',  ( -0.05000000000000000278, 11.42999999999999972, -2.899999999999999911 ) ) ;
#688 = FACE_OUTER_BOUND ( 'NONE', #1943, .T. ) ;
#689 = ORIENTED_EDGE ( 'NONE', *, *, #2178, .T. ) ;
#690 = CARTESIAN_POINT ( 'NONE',  ( 0.0000000000000000000, 11.13000000000000078, 1.053775882719999890 ) ) ;
#691 = LINE ( 'NONE', #359, #492 ) ;
#692 = ORIENTED_EDGE ( 'NONE', *, *, #2001, .F. ) ;
#693 = ORIENTED_EDGE ( 'NONE', *, *, #1194, .F. ) ;
#694 = ORIENTED_EDGE ( 'NONE', *, *, #1413, .F. ) ;
#695 = CYLINDRICAL_SURFACE ( 'NONE', #754, 0.2500000000000002220 ) ;
#696 = EDGE_CURVE ( 'NONE', #6, #2000, #2067, .T. ) ;
#697 = CYLINDRICAL_SURFACE ( 'NONE', #603, 0.2500000000000002220 ) ;
#698 = EDGE_CURVE ( 'NONE', #1576, #1732, #353, .T. ) ;
#699 = LINE ( 'NONE', #1237, #495 ) ;
#700 = VERTEX_POINT ( 'NONE', #1760 ) ;
#701 = CARTESIAN_POINT ( 'NONE',  ( 0.4000000000000000222, 11.02999999999999936, 8.400000000000000355 ) ) ;
#702 = CARTESIAN_POINT ( 'NONE',  ( 0.3000000000000000999, 6.049999999999999822, -2.899999999999999911 ) ) ;
#703 = ORIENTED_EDGE ( 'NONE', *, *, #1651, .F. ) ;
#704 = ORIENTED_EDGE ( 'NONE', *, *, #789, .F. ) ;
#705 = SURFACE_STYLE_USAGE ( .BOTH. , #1193 ) ;
#706 = EDGE_LOOP ( 'NONE', ( #17, #526, #1238, #326 ) ) ;
#707 = DIRECTION ( 'NONE',  ( 0.0000000000000000000, -0.0000000000000000000, 1.000000000000000000 ) ) ;
#708 = EDGE_CURVE ( 'NONE', #1554, #1156, #1047, .T. ) ;
#709 = DIRECTION ( 'NONE',  ( -0.0000000000000000000, -1.000000000000000000, -0.0000000000000000000 ) ) ;
#710 = PLANE ( 'NONE',  #393 ) ;
#711 = ORIENTED_EDGE ( 'NONE', *, *, #525, .F. ) ;
#712 = LINE ( 'NONE', #1256, #350 ) ;
#713 = DIRECTION ( 'NONE',  ( 0.0000000000000000000, 0.0000000000000000000, -1.000000000000000000 ) ) ;
#714 = CARTESIAN_POINT ( 'NONE',  ( 0.2999999999999999889, 11.13000000000000078, 1.053775882719999890 ) ) ;
#715 = ORIENTED_EDGE ( 'NONE', *, *, #2053, .T. ) ;
#716 = VECTOR ( 'NONE', #2011, 1000.000000000000000 ) ;
#717 = CARTESIAN_POINT ( 'NONE',  ( 0.4000000000000000222, 8.490000000000000213, 8.000000000000000000 ) ) ;
#718 = COLOUR_RGB ( '',0.8313725490196077761, 0.8313725490196077761, 0.0000000000000000000 ) ;
#719 = DIRECTION ( 'NONE',  ( -0.0000000000000000000, 0.0000000000000000000, 1.000000000000000000 ) ) ;
#720 = ORIENTED_EDGE ( 'NONE', *, *, #2215, .F. ) ;
#721 = CARTESIAN_POINT ( 'NONE',  ( 0.2999999999999999889, 4.110000000000001208, 1.053775882719999668 ) ) ;
#722 = EDGE_CURVE ( 'NONE', #601, #219, #136, .T. ) ;
#723 = CARTESIAN_POINT ( 'NONE',  ( 0.4000000000000000222, 11.83000000000000007, 8.400000000000000355 ) ) ;
#724 = ORIENTED_EDGE ( 'NONE', *, *, #1350, .T. ) ;
#725 = EDGE_CURVE ( 'NONE', #1454, #222, #1574, .T. ) ;
#726 = VERTEX_POINT ( 'NONE', #1225 ) ;
#727 = DIRECTION ( 'NONE',  ( -0.0000000000000000000, 1.000000000000000000, 0.0000000000000000000 ) ) ;
#728 = PLANE ( 'NONE',  #1875 ) ;
#729 = VERTEX_POINT ( 'NONE', #2080 ) ;
#730 = CARTESIAN_POINT ( 'NONE',  ( -0.2999999999999999889, 0.0000000000000000000, 1.053775882719999890 ) ) ;
#731 = DIRECTION ( 'NONE',  ( 0.0000000000000000000, 0.0000000000000000000, -1.000000000000000000 ) ) ;
#732 = ORIENTED_EDGE ( 'NONE', *, *, #1214, .T. ) ;
#733 = PRESENTATION_STYLE_ASSIGNMENT (( #392 ) ) ;
#734 = EDGE_CURVE ( 'NONE', #222, #6, #2130, .T. ) ;
#735 = CARTESIAN_POINT ( 'NONE',  ( 0.0000000000000000000, 0.0000000000000000000, 0.0000000000000000000 ) ) ;
#736 = VERTEX_POINT ( 'NONE', #518 ) ;
#737 = ADVANCED_FACE ( 'NONE', ( #2292 ), #697, .T. ) ;
#738 = CARTESIAN_POINT ( 'NONE',  ( -0.2999999999999999889, 6.049999999999999822, -3.046446609406725958 ) ) ;
#739 = CARTESIAN_POINT ( 'NONE',  ( -1.250000000000000000, 0.0000000000000000000, -1.776356839400000199E-15 ) ) ;
#740 = ORIENTED_EDGE ( 'NONE', *, *, #1052, .F. ) ;
#741 = DIRECTION ( 'NONE',  ( 0.7071067811865474617, 0.0000000000000000000, -0.7071067811865474617 ) ) ;
#742 = CARTESIAN_POINT ( 'NONE',  ( 0.0000000000000000000, 8.839999999999999858, -2.899999999999999911 ) ) ;
#743 = VERTEX_POINT ( 'NONE', #176 ) ;
#744 = DIRECTION ( 'NONE',  ( 0.0000000000000000000, 1.000000000000000000, 0.0000000000000000000 ) ) ;
#745 = CARTESIAN_POINT ( 'NONE',  ( 0.0000000000000000000, 8.589999999999999858, 1.053775882719999890 ) ) ;
#746 = SHAPE_DEFINITION_REPRESENTATION ( #549, #1463 ) ;
#747 = ORIENTED_EDGE ( 'NONE', *, *, #265, .F. ) ;
#748 = EDGE_CURVE ( 'NONE', #1901, #57, #1024, .T. ) ;
#749 = VECTOR ( 'NONE', #1217, 1000.000000000000000 ) ;
#750 = CARTESIAN_POINT ( 'NONE',  ( -0.1964466094067262025, 6.153553390593273775, -3.149999999999999023 ) ) ;
#751 = AXIS2_PLACEMENT_3D ( 'NONE', #860, #1229, #1939 ) ;
#753 = ADVANCED_FACE ( 'NONE', ( #1563 ), #833, .T. ) ;
#752 = CARTESIAN_POINT ( 'NONE',  ( -0.2999999999999999889, 11.12999999999999901, -3.046446609406725958 ) ) ;
#754 = AXIS2_PLACEMENT_3D ( 'NONE', #1062, #1373, #683 ) ;
#755 = ORIENTED_EDGE ( 'NONE', *, *, #1212, .F. ) ;
#756 = FACE_OUTER_BOUND ( 'NONE', #1975, .T. ) ;
#757 = VECTOR ( 'NONE', #1730, 1000.000000000000000 ) ;
#758 = CARTESIAN_POINT ( 'NONE',  ( 0.2999999999999999889, 4.110000000000001208, -3.046446609406725958 ) ) ;
#759 = ORIENTED_EDGE ( 'NONE', *, *, #685, .T. ) ;
#760 = VECTOR ( 'NONE', #410, 1000.000000000000000 ) ;
#761 = DIRECTION ( 'NONE',  ( -1.000000000000000000, -0.0000000000000000000, -0.0000000000000000000 ) ) ;
#762 = VERTEX_POINT ( 'NONE', #1949 ) ;
#763 = DIRECTION ( 'NONE',  ( -0.0000000000000000000, -1.000000000000000000, -0.0000000000000000000 ) ) ;
#764 = ORIENTED_EDGE ( 'NONE', *, *, #1399, .T. ) ;
#765 = DIRECTION ( 'NONE',  ( -0.0000000000000000000, 0.0000000000000000000, 1.000000000000000000 ) ) ;
#766 = EDGE_CURVE ( 'NONE', #965, #673, #1412, .T. ) ;
#767 = CARTESIAN_POINT ( 'NONE',  ( -0.05000000000000000278, 11.73000000000000043, -3.149999999999999911 ) ) ;
#768 = ORIENTED_EDGE ( 'NONE', *, *, #1634, .T. ) ;
#769 = FACE_OUTER_BOUND ( 'NONE', #1829, .T. ) ;
#770 = CARTESIAN_POINT ( 'NONE',  ( 0.4000000000000000222, 8.490000000000000213, 8.400000000000000355 ) ) ;
#771 = ORIENTED_EDGE ( 'NONE', *, *, #1326, .T. ) ;
#772 = DIRECTION ( 'NONE',  ( 1.000000000000000000, 0.0000000000000000000, 0.0000000000000000000 ) ) ;
#773 = ORIENTED_EDGE ( 'NONE', *, *, #1025, .T. ) ;
#774 = DIRECTION ( 'NONE',  ( -0.0000000000000000000, -1.000000000000000000, -0.0000000000000000000 ) ) ;
#775 = DIRECTION ( 'NONE',  ( 1.000000000000000000, 0.0000000000000000000, 0.0000000000000000000 ) ) ;
#776 = EDGE_CURVE ( 'NONE', #416, #1049, #2279, .T. ) ;
#777 = ORIENTED_EDGE ( 'NONE', *, *, #1705, .T. ) ;
#778 = CARTESIAN_POINT ( 'NONE',  ( -0.05000000000000000278, 8.939999999999999503, -3.149999999999999911 ) ) ;
#779 = DIRECTION ( 'NONE',  ( -0.0000000000000000000, -1.000000000000000000, -0.0000000000000000000 ) ) ;
#780 = ORIENTED_EDGE ( 'NONE', *, *, #510, .F. ) ;
#781 = LINE ( 'NONE', #1338, #569 ) ;
#782 = AXIS2_PLACEMENT_3D ( 'NONE', #967, #112, #1343 ) ;
#783 = CARTESIAN_POINT ( 'NONE',  ( 1.250000000000000000, 12.69999999999999929, 8.400000000000000355 ) ) ;
#784 = PLANE ( 'NONE',  #1616 ) ;
#785 = VECTOR ( 'NONE', #1175, 1000.000000000000000 ) ;
#786 = LINE ( 'NONE', #1144, #564 ) ;
#787 = DIRECTION ( 'NONE',  ( 0.0000000000000000000, 1.000000000000000000, 0.0000000000000000000 ) ) ;
#788 = AXIS2_PLACEMENT_3D ( 'NONE', #344, #2298, #1752 ) ;
#789 = EDGE_CURVE ( 'NONE', #377, #2132, #1935, .T. ) ;
#790 = AXIS2_PLACEMENT_3D ( 'NONE', #331, #1700, #1726 ) ;
#791 = VERTEX_POINT ( 'NONE', #1187 ) ;
#792 = EDGE_CURVE ( 'NONE', #1576, #2075, #2305, .T. ) ;
#793 = DIRECTION ( 'NONE',  ( -0.0000000000000000000, 0.0000000000000000000, -1.000000000000000000 ) ) ;
#794 = CARTESIAN_POINT ( 'NONE',  ( -0.2999999999999999889, 9.189999999999999503, 0.0000000000000000000 ) ) ;
#795 = CARTESIAN_POINT ( 'NONE',  ( -0.4000000000000000222, 6.750000000000000000, 0.5000000000000002220 ) ) ;
#796 = DIRECTION ( 'NONE',  ( -0.0000000000000000000, 0.0000000000000000000, 1.000000000000000000 ) ) ;
#797 = DIRECTION ( 'NONE',  ( -0.0000000000000000000, -0.0000000000000000000, 1.000000000000000000 ) ) ;
#798 = CYLINDRICAL_SURFACE ( 'NONE', #1501, 0.2500000000000002220 ) ;
#799 = CARTESIAN_POINT ( 'NONE',  ( 0.2999999999999999889, 3.509999999999999787, 1.053775882719999890 ) ) ;
#800 = EDGE_CURVE ( 'NONE', #1049, #851, #1551, .T. ) ;
#801 = ORIENTED_EDGE ( 'NONE', *, *, #927, .F. ) ;
#802 = DIRECTION ( 'NONE',  ( 0.0000000000000000000, -0.0000000000000000000, 1.000000000000000000 ) ) ;
#803 = LINE ( 'NONE', #2115, #2145 ) ;
#804 = DIRECTION ( 'NONE',  ( 0.0000000000000000000, -0.0000000000000000000, 1.000000000000000000 ) ) ;
#805 = CARTESIAN_POINT ( 'NONE',  ( 0.0000000000000000000, 3.860000000000000320, -2.899999999999999911 ) ) ;
#806 = DIRECTION ( 'NONE',  ( 0.0000000000000000000, 1.000000000000000000, -0.0000000000000000000 ) ) ;
#807 = ORIENTED_EDGE ( 'NONE', *, *, #870, .F. ) ;
#808 = CARTESIAN_POINT ( 'NONE',  ( 0.0000000000000000000, 8.939999999999999503, -3.149999999999999911 ) ) ;
#809 = DIRECTION ( 'NONE',  ( -0.0000000000000000000, 0.0000000000000000000, 1.000000000000000000 ) ) ;
#810 = ORIENTED_EDGE ( 'NONE', *, *, #1098, .T. ) ;
#811 = UNCERTAINTY_MEASURE_WITH_UNIT (LENGTH_MEASURE( 1.000000000000000082E-05 ), #1548, 'distance_accuracy_value', 'NONE');
#812 = CARTESIAN_POINT ( 'NONE',  ( -0.04999999999999998196, 3.860000000000000764, -3.149999999999999911 ) ) ;
#813 = ORIENTED_EDGE ( 'NONE', *, *, #567, .T. ) ;
#814 = CARTESIAN_POINT ( 'NONE',  ( 0.05000000000000000278, 6.299999999999999822, -3.149999999999999911 ) ) ;
#815 = ADVANCED_FACE ( 'NONE', ( #2103 ), #340, .T. ) ;
#816 =( NAMED_UNIT ( * ) PLANE_ANGLE_UNIT ( ) SI_UNIT ( $, .RADIAN. ) );
#817 = CARTESIAN_POINT ( 'NONE',  ( -0.3000000000000000999, 6.650000000000001243, -2.899999999999999911 ) ) ;
#818 = AXIS2_PLACEMENT_3D ( 'NONE', #1268, #744, #1466 ) ;
#819 = EDGE_CURVE ( 'NONE', #2032, #762, #1213, .T. ) ;
#820 = DIRECTION ( 'NONE',  ( 0.0000000000000000000, 0.0000000000000000000, 1.000000000000000000 ) ) ;
#821 = VECTOR ( 'NONE', #857, 1000.000000000000114 ) ;
#822 = ORIENTED_EDGE ( 'NONE', *, *, #1058, .T. ) ;
#823 = DIRECTION ( 'NONE',  ( -0.0000000000000000000, 1.000000000000000000, 0.0000000000000000000 ) ) ;
#824 = CARTESIAN_POINT ( 'NONE',  ( -0.2999999999999999889, 11.73000000000000043, -3.046446609406725958 ) ) ;
#825 = VECTOR ( 'NONE', #1305, 1000.000000000000000 ) ;
#826 = ORIENTED_EDGE ( 'NONE', *, *, #1098, .F. ) ;
#827 = VECTOR ( 'NONE', #1226, 1000.000000000000000 ) ;
#828 = CARTESIAN_POINT ( 'NONE',  ( -1.750000000000000000, 3.410000000000000142, 8.000000000000000000 ) ) ;
#829 = VERTEX_POINT ( 'NONE', #1912 ) ;
#830 = CARTESIAN_POINT ( 'NONE',  ( 0.2999999999999999889, 6.049999999999999822, 1.053775882719999890 ) ) ;
#831 = SURFACE_SIDE_STYLE ('',( #2258 ) ) ;
#832 = ADVANCED_FACE ( 'NONE', ( #479 ), #1198, .T. ) ;
#833 = PLANE ( 'NONE',  #2291 ) ;
#834 = DIRECTION ( 'NONE',  ( 1.000000000000000000, 0.0000000000000000000, 0.0000000000000000000 ) ) ;
#835 = ORIENTED_EDGE ( 'NONE', *, *, #722, .F. ) ;
#836 = EDGE_CURVE ( 'NONE', #1267, #889, #206, .T. ) ;
#837 = CARTESIAN_POINT ( 'NONE',  ( -0.8000000000000001554, 5.550000000000000711, 8.400000000000000355 ) ) ;
#838 = FACE_BOUND ( 'NONE', #1102, .T. ) ;
#839 = ORIENTED_EDGE ( 'NONE', *, *, #1381, .F. ) ;
#840 = EDGE_LOOP ( 'NONE', ( #992, #1088, #1694, #547 ) ) ;
#841 = CARTESIAN_POINT ( 'NONE',  ( 0.05000000000000000278, 11.38000000000000078, -3.149999999999999911 ) ) ;
#842 = ORIENTED_EDGE ( 'NONE', *, *, #996, .T. ) ;
#843 = DIRECTION ( 'NONE',  ( 0.0000000000000000000, -1.000000000000000000, 0.0000000000000000000 ) ) ;
#844 = CARTESIAN_POINT ( 'NONE',  ( 0.7999999999999996003, 9.690000000000001279, 8.400000000000000355 ) ) ;
#845 = PLANE ( 'NONE',  #908 ) ;
#846 = VERTEX_POINT ( 'NONE', #2142 ) ;
#847 = LINE ( 'NONE', #371, #1054 ) ;
#848 = PLANE ( 'NONE',  #788 ) ;
#849 = EDGE_CURVE ( 'NONE', #1121, #1554, #1181, .T. ) ;
#850 =( BOUNDED_CURVE ( )  B_SPLINE_CURVE ( 3, ( #1757, #488, #1560, #680 ),
 .UNSPECIFIED., .F., .T. ) 
 B_SPLINE_CURVE_WITH_KNOTS ( ( 4, 4 ),
 ( 4.712388980384689674, 6.283185307179586232 ),
 .UNSPECIFIED. ) 
 CURVE ( )  GEOMETRIC_REPRESENTATION_ITEM ( )  RATIONAL_B_SPLINE_CURVE ( ( 1.000000000000000000, 0.8047378541243649375, 0.8047378541243649375, 1.000000000000000000 ) ) 
 REPRESENTATION_ITEM ( '' )  );
#851 = VERTEX_POINT ( 'NONE', #1082 ) ;
#852 = DIRECTION ( 'NONE',  ( 0.5773502691896248429, 0.5773502691896261751, -0.5773502691896261751 ) ) ;
#853 = ADVANCED_FACE ( 'NONE', ( #375 ), #1437, .F. ) ;
#854 = PRESENTATION_STYLE_ASSIGNMENT (( #705 ) ) ;
#855 = ORIENTED_EDGE ( 'NONE', *, *, #1599, .F. ) ;
#856 = DIRECTION ( 'NONE',  ( 0.0000000000000000000, -0.0000000000000000000, -1.000000000000000000 ) ) ;
#857 = DIRECTION ( 'NONE',  ( -0.5773502691896248429, -0.5773502691896261751, -0.5773502691896261751 ) ) ;
#858 = DIRECTION ( 'NONE',  ( 0.0000000000000000000, 0.0000000000000000000, -1.000000000000000000 ) ) ;
#859 = ORIENTED_EDGE ( 'NONE', *, *, #2118, .T. ) ;
#860 = CARTESIAN_POINT ( 'NONE',  ( 0.0000000000000000000, 11.73000000000000043, -3.149999999999999911 ) ) ;
#861 = FACE_OUTER_BOUND ( 'NONE', #1978, .T. ) ;
#862 = VECTOR ( 'NONE', #294, 1000.000000000000114 ) ;
#863 = EDGE_LOOP ( 'NONE', ( #165, #1210, #2096, #1118 ) ) ;
#864 = LINE ( 'NONE', #678, #1159 ) ;
#865 = ADVANCED_FACE ( 'NONE', ( #2158 ), #2009, .F. ) ;
#866 = VECTOR ( 'NONE', #571, 1000.000000000000000 ) ;
#867 =( BOUNDED_CURVE ( )  B_SPLINE_CURVE ( 3, ( #290, #1148, #61, #1859 ),
 .UNSPECIFIED., .F., .T. ) 
 B_SPLINE_CURVE_WITH_KNOTS ( ( 4, 4 ),
 ( 0.0000000000000000000, 1.570796326794896780 ),
 .UNSPECIFIED. ) 
 CURVE ( )  GEOMETRIC_REPRESENTATION_ITEM ( )  RATIONAL_B_SPLINE_CURVE ( ( 1.000000000000000000, 0.8047378541243649375, 0.8047378541243649375, 1.000000000000000000 ) ) 
 REPRESENTATION_ITEM ( '' )  );
#868 = CARTESIAN_POINT ( 'NONE',  ( 0.2999999999999999889, 11.12999999999999901, -3.046446609406725958 ) ) ;
#869 = ORIENTED_EDGE ( 'NONE', *, *, #63, .T. ) ;
#870 = EDGE_CURVE ( 'NONE', #514, #377, #2167, .T. ) ;
#871 = LINE ( 'NONE', #1385, #1996 ) ;
#872 = VECTOR ( 'NONE', #2310, 1000.000000000000000 ) ;
#873 = VECTOR ( 'NONE', #1173, 1000.000000000000000 ) ;
#874 = CARTESIAN_POINT ( 'NONE',  ( 0.0000000000000000000, 2.540000000000000480, -5.831485763410000748E-15 ) ) ;
#875 = FACE_OUTER_BOUND ( 'NONE', #1706, .T. ) ;
#876 = EDGE_LOOP ( 'NONE', ( #1997, #1750, #62, #2160 ) ) ;
#877 = LINE ( 'NONE', #509, #2250 ) ;
#878 = DIRECTION ( 'NONE',  ( 0.7071067811865475727, -0.0000000000000000000, 0.7071067811865475727 ) ) ;
#879 = CARTESIAN_POINT ( 'NONE',  ( -0.7500000000000000000, 2.540000000000000480, 0.5000000000000000000 ) ) ;
#880 = VERTEX_POINT ( 'NONE', #533 ) ;
#881 = DIRECTION ( 'NONE',  ( 0.0000000000000000000, 1.000000000000000000, 0.0000000000000000000 ) ) ;
#882 = FILL_AREA_STYLE_COLOUR ( '', #2153 ) ;
#883 = EDGE_CURVE ( 'NONE', #2311, #1320, #1272, .T. ) ;
#884 = ORIENTED_EDGE ( 'NONE', *, *, #383, .F. ) ;
#885 = LINE ( 'NONE', #2007, #1649 ) ;
#886 = EDGE_CURVE ( 'NONE', #1281, #933, #1638, .T. ) ;
#887 = CARTESIAN_POINT ( 'NONE',  ( 0.0000000000000000000, 6.400000000000000355, -3.149999999999999911 ) ) ;
#888 = DIRECTION ( 'NONE',  ( 1.000000000000000000, 0.0000000000000000000, 0.0000000000000000000 ) ) ;
#889 = VERTEX_POINT ( 'NONE', #1459 ) ;
#890 = DIRECTION ( 'NONE',  ( 0.0000000000000000000, 0.0000000000000000000, -1.000000000000000000 ) ) ;
#891 = CYLINDRICAL_SURFACE ( 'NONE', #83, 0.2500000000000002220 ) ;
#892 = DIRECTION ( 'NONE',  ( -0.0000000000000000000, -1.000000000000000000, -0.0000000000000000000 ) ) ;
#893 = EDGE_LOOP ( 'NONE', ( #1027, #227, #755, #1017 ) ) ;
#894 =( NAMED_UNIT ( * ) PLANE_ANGLE_UNIT ( ) SI_UNIT ( $, .RADIAN. ) );
#895 = ORIENTED_EDGE ( 'NONE', *, *, #622, .F. ) ;
#896 = CARTESIAN_POINT ( 'NONE',  ( 0.3999999999999999667, 12.69999999999999929, 0.5000000000000000000 ) ) ;
#897 = LINE ( 'NONE', #1608, #1019 ) ;
#898 = ORIENTED_EDGE ( 'NONE', *, *, #1384, .T. ) ;
#899 = CARTESIAN_POINT ( 'NONE',  ( 0.05000000000000000278, 11.42999999999999972, -2.899999999999999911 ) ) ;
#900 = EDGE_CURVE ( 'NONE', #1249, #1, #70, .T. ) ;
#901 = ORIENTED_EDGE ( 'NONE', *, *, #254, .F. ) ;
#902 = ORIENTED_EDGE ( 'NONE', *, *, #73, .F. ) ;
#903 = ORIENTED_EDGE ( 'NONE', *, *, #214, .T. ) ;
#904 = VECTOR ( 'NONE', #761, 1000.000000000000000 ) ;
#905 = DIRECTION ( 'NONE',  ( -0.0000000000000000000, -1.000000000000000000, -0.0000000000000000000 ) ) ;
#906 = VECTOR ( 'NONE', #1689, 1000.000000000000000 ) ;
#907 = LINE ( 'NONE', #2119, #277 ) ;
#908 = AXIS2_PLACEMENT_3D ( 'NONE', #2081, #834, #1026 ) ;
#909 = ADVANCED_FACE ( 'NONE', ( #2190 ), #2176, .F. ) ;
#910 = ORIENTED_EDGE ( 'NONE', *, *, #244, .T. ) ;
#911 = DIRECTION ( 'NONE',  ( 0.0000000000000000000, 0.0000000000000000000, -1.000000000000000000 ) ) ;
#912 = LINE ( 'NONE', #1430, #1319 ) ;
#913 = ADVANCED_FACE ( 'NONE', ( #1809 ), #368, .T. ) ;
#914 = VERTEX_POINT ( 'NONE', #407 ) ;
#915 =( NAMED_UNIT ( * ) SI_UNIT ( $, .STERADIAN. ) SOLID_ANGLE_UNIT ( ) );
#916 = ORIENTED_EDGE ( 'NONE', *, *, #1787, .F. ) ;
#917 = CARTESIAN_POINT ( 'NONE',  ( 0.3000000000000000999, 6.049999999999999822, -2.899999999999999911 ) ) ;
#918 = CARTESIAN_POINT ( 'NONE',  ( 0.2999999999999999889, 11.13000000000000078, 1.053775882719999890 ) ) ;
#919 = EDGE_LOOP ( 'NONE', ( #2014, #1546, #498, #1439 ) ) ;
#920 = DIRECTION ( 'NONE',  ( 0.0000000000000000000, 0.7071067811865474617, 0.7071067811865474617 ) ) ;
#921 = DIRECTION ( 'NONE',  ( -0.0000000000000000000, -1.000000000000000000, -0.0000000000000000000 ) ) ;
#922 = ORIENTED_EDGE ( 'NONE', *, *, #1365, .T. ) ;
#923 = CARTESIAN_POINT ( 'NONE',  ( 0.2999999999999999889, 9.189999999999999503, 0.0000000000000000000 ) ) ;
#924 = CARTESIAN_POINT ( 'NONE',  ( 0.2999999999999999889, 9.189999999999999503, 1.053775882719999890 ) ) ;
#925 = EDGE_CURVE ( 'NONE', #57, #1056, #941, .T. ) ;
#926 = ORIENTED_EDGE ( 'NONE', *, *, #1384, .F. ) ;
#927 = EDGE_CURVE ( 'NONE', #984, #743, #1652, .T. ) ;
#928 = DIRECTION ( 'NONE',  ( 0.0000000000000000000, -0.0000000000000000000, -1.000000000000000000 ) ) ;
#929 = CARTESIAN_POINT ( 'NONE',  ( -1.250000000000000000, 12.69999999999999929, -4.817703532407500463E-15 ) ) ;
#930 = ORIENTED_EDGE ( 'NONE', *, *, #94, .F. ) ;
#931 = CARTESIAN_POINT ( 'NONE',  ( 0.05000000000000000278, 11.73000000000000043, -3.149999999999999911 ) ) ;
#932 = CARTESIAN_POINT ( 'NONE',  ( 0.05000000000000000278, 3.860000000000000764, -3.149999999999999911 ) ) ;
#933 = VERTEX_POINT ( 'NONE', #1818 ) ;
#934 = CARTESIAN_POINT ( 'NONE',  ( -0.4000000000000000222, 0.5080000000000000071, 8.000000000000000000 ) ) ;
#935 = DIRECTION ( 'NONE',  ( 0.0000000000000000000, -1.000000000000000000, -0.0000000000000000000 ) ) ;
#936 = EDGE_CURVE ( 'NONE', #1255, #1774, #185, .T. ) ;
#937 = ORIENTED_EDGE ( 'NONE', *, *, #1527, .F. ) ;
#938 = VECTOR ( 'NONE', #852, 1000.000000000000114 ) ;
#939 = VECTOR ( 'NONE', #253, 1000.000000000000000 ) ;
#940 = EDGE_CURVE ( 'NONE', #57, #1932, #217, .T. ) ;
#941 = LINE ( 'NONE', #1998, #118 ) ;
#942 = VECTOR ( 'NONE', #1556, 1000.000000000000000 ) ;
#943 = EDGE_LOOP ( 'NONE', ( #2183, #1946, #666, #693 ) ) ;
#944 = DIRECTION ( 'NONE',  ( 0.0000000000000000000, 0.0000000000000000000, -1.000000000000000000 ) ) ;
#945 = VECTOR ( 'NONE', #2194, 1000.000000000000000 ) ;
#946 = CARTESIAN_POINT ( 'NONE',  ( 0.05000000000000000278, 3.759999999999999343, -3.149999999999999911 ) ) ;
#947 = ORIENTED_EDGE ( 'NONE', *, *, #201, .F. ) ;
#948 = CARTESIAN_POINT ( 'NONE',  ( -0.3999999999999998557, 5.950000000000000178, 8.000000000000000000 ) ) ;
#949 = AXIS2_PLACEMENT_3D ( 'NONE', #828, #2312, #502 ) ;
#950 = LINE ( 'NONE', #745, #977 ) ;
#951 = MECHANICAL_DESIGN_GEOMETRIC_PRESENTATION_REPRESENTATION (  '', ( #578 ), #1879 ) ;
#952 = ORIENTED_EDGE ( 'NONE', *, *, #1708, .T. ) ;
#953 = LINE ( 'NONE', #276, #1615 ) ;
#954 = EDGE_CURVE ( 'NONE', #309, #1135, #2030, .T. ) ;
#955 = ORIENTED_EDGE ( 'NONE', *, *, #1052, .T. ) ;
#956 = CARTESIAN_POINT ( 'NONE',  ( 1.750000000000000000, 6.750000000000000000, 8.000000000000000000 ) ) ;
#957 = ORIENTED_EDGE ( 'NONE', *, *, #1553, .T. ) ;
#958 = DIRECTION ( 'NONE',  ( -1.000000000000000000, -0.0000000000000000000, -0.0000000000000000000 ) ) ;
#959 = CARTESIAN_POINT ( 'NONE',  ( 0.0000000000000000000, 11.73000000000000043, -3.149999999999999911 ) ) ;
#960 = ORIENTED_EDGE ( 'NONE', *, *, #1115, .F. ) ;
#961 = CARTESIAN_POINT ( 'NONE',  ( 0.0000000000000000000, 11.48000000000000043, -2.899999999999999911 ) ) ;
#962 = ADVANCED_FACE ( 'NONE', ( #1841 ), #1526, .T. ) ;
#963 = PLANE ( 'NONE',  #44 ) ;
#964 = CARTESIAN_POINT ( 'NONE',  ( -0.2999999999999999889, 11.73000000000000043, 0.0000000000000000000 ) ) ;
#965 = VERTEX_POINT ( 'NONE', #1849 ) ;
#966 = EDGE_CURVE ( 'NONE', #562, #978, #953, .T. ) ;
#967 = CARTESIAN_POINT ( 'NONE',  ( 0.0000000000000000000, 11.73000000000000043, -3.149999999999999911 ) ) ;
#968 = DIRECTION ( 'NONE',  ( 1.000000000000000000, 0.0000000000000000000, 0.0000000000000000000 ) ) ;
#969 = EDGE_LOOP ( 'NONE', ( #1478, #724, #2125, #2255 ) ) ;
#970 = DIRECTION ( 'NONE',  ( 0.0000000000000000000, 0.0000000000000000000, -1.000000000000000000 ) ) ;
#971 = CARTESIAN_POINT ( 'NONE',  ( 0.0000000000000000000, 3.509999999999999787, -2.899999999999999467 ) ) ;
#972 = STYLED_ITEM ( 'NONE', ( #2285 ), #30 ) ;
#973 = DIRECTION ( 'NONE',  ( -0.0000000000000000000, 0.0000000000000000000, -1.000000000000000000 ) ) ;
#974 = VECTOR ( 'NONE', #1065, 1000.000000000000000 ) ;
#975 = ADVANCED_FACE ( 'Body.2', ( #435 ), #1710, .T. ) ;
#976 = LINE ( 'NONE', #89, #1772 ) ;
#977 = VECTOR ( 'NONE', #47, 1000.000000000000000 ) ;
#978 = VERTEX_POINT ( 'NONE', #986 ) ;
#979 = FACE_OUTER_BOUND ( 'NONE', #2124, .T. ) ;
#980 = DIRECTION ( 'NONE',  ( 1.000000000000000000, 0.0000000000000000000, 0.0000000000000000000 ) ) ;
#981 = AXIS2_PLACEMENT_3D ( 'NONE', #2171, #9, #541 ) ;
#982 = EDGE_CURVE ( 'NONE', #579, #673, #867, .T. ) ;
#983 = AXIS2_PLACEMENT_3D ( 'NONE', #1968, #888, #1951 ) ;
#984 = VERTEX_POINT ( 'NONE', #1139 ) ;
#985 = CARTESIAN_POINT ( 'NONE',  ( 0.0000000000000000000, 8.089999999999999858, 8.400000000000000355 ) ) ;
#986 = CARTESIAN_POINT ( 'NONE',  ( -0.8000000000000013767, 12.23000000000000398, 8.400000000000000355 ) ) ;
#987 = SURFACE_SIDE_STYLE ('',( #1349 ) ) ;
#988 = LINE ( 'NONE', #1666, #1539 ) ;
#989 = CARTESIAN_POINT ( 'NONE',  ( 0.0000000000000000000, 9.689999999999999503, 8.400000000000000355 ) ) ;
#990 = PLANE ( 'NONE',  #782 ) ;
#991 = LINE ( 'NONE', #630, #942 ) ;
#992 = ORIENTED_EDGE ( 'NONE', *, *, #2116, .T. ) ;
#993 = EDGE_CURVE ( 'NONE', #231, #1717, #2064, .T. ) ;
#994 = FACE_OUTER_BOUND ( 'NONE', #1676, .T. ) ;
#995 = ORIENTED_EDGE ( 'NONE', *, *, #1667, .F. ) ;
#996 = EDGE_CURVE ( 'NONE', #2303, #1709, #2040, .T. ) ;
#997 = DIRECTION ( 'NONE',  ( -0.5773502691896239547, 0.5773502691896291728, 0.5773502691896241767 ) ) ;
#998 = FACE_BOUND ( 'NONE', #2321, .T. ) ;
#999 = LINE ( 'NONE', #263, #1993 ) ;
#1000 = DIRECTION ( 'NONE',  ( 0.0000000000000000000, -1.000000000000000000, -0.0000000000000000000 ) ) ;
#1001 = ORIENTED_EDGE ( 'NONE', *, *, #1399, .F. ) ;
#1002 = LINE ( 'NONE', #1324, #1991 ) ;
#1003 = ORIENTED_EDGE ( 'NONE', *, *, #1876, .F. ) ;
#1004 = ORIENTED_EDGE ( 'NONE', *, *, #655, .T. ) ;
#1005 = PLANE ( 'NONE',  #2104 ) ;
#1006 = EDGE_CURVE ( 'NONE', #1281, #100, #781, .T. ) ;
#1007 = DIRECTION ( 'NONE',  ( -1.000000000000000000, 0.0000000000000000000, -0.0000000000000000000 ) ) ;
#1008 = DIRECTION ( 'NONE',  ( 0.5773502691896263972, -0.5773502691896242878, 0.5773502691896266192 ) ) ;
#1009 =( GEOMETRIC_REPRESENTATION_CONTEXT ( 3 ) GLOBAL_UNCERTAINTY_ASSIGNED_CONTEXT ( ( #364 ) ) GLOBAL_UNIT_ASSIGNED_CONTEXT ( ( #586, #223, #915 ) ) REPRESENTATION_CONTEXT ( 'NONE', 'WORKASPACE' ) );
#1010 = LINE ( 'NONE', #1353, #1208 ) ;
#1011 = VECTOR ( 'NONE', #232, 1000.000000000000000 ) ;
#1012 = ORIENTED_EDGE ( 'NONE', *, *, #66, .F. ) ;
#1013 = PLANE ( 'NONE',  #1468 ) ;
#1014 = CARTESIAN_POINT ( 'NONE',  ( 0.4000000000000000222, 11.02999999999999936, 0.5000000000000004441 ) ) ;
#1015 = VECTOR ( 'NONE', #763, 1000.000000000000000 ) ;
#1016 = ORIENTED_EDGE ( 'NONE', *, *, #696, .T. ) ;
#1017 = ORIENTED_EDGE ( 'NONE', *, *, #1586, .T. ) ;
#1018 = VECTOR ( 'NONE', #181, 1000.000000000000000 ) ;
#1019 = VECTOR ( 'NONE', #4, 1000.000000000000000 ) ;
#1020 = DIRECTION ( 'NONE',  ( -1.000000000000000000, 0.0000000000000000000, -0.0000000000000000000 ) ) ;
#1021 = ORIENTED_EDGE ( 'NONE', *, *, #1801, .T. ) ;
#1022 = CARTESIAN_POINT ( 'NONE',  ( 0.8000000000000000444, 2.540000000000000036, 8.400000000000000355 ) ) ;
#1023 =( NAMED_UNIT ( * ) PLANE_ANGLE_UNIT ( ) SI_UNIT ( $, .RADIAN. ) );
#1024 = LINE ( 'NONE', #1738, #1802 ) ;
#1025 = EDGE_CURVE ( 'NONE', #2038, #1714, #623, .T. ) ;
#1026 = DIRECTION ( 'NONE',  ( 0.0000000000000000000, 0.0000000000000000000, -1.000000000000000000 ) ) ;
#1027 = ORIENTED_EDGE ( 'NONE', *, *, #10, .F. ) ;
#1028 = CARTESIAN_POINT ( 'NONE',  ( 0.0000000000000000000, 11.73000000000000043, 1.053775882719999890 ) ) ;
#1029 = EDGE_CURVE ( 'NONE', #408, #100, #1684, .T. ) ;
#1030 = CARTESIAN_POINT ( 'NONE',  ( -0.8000000000000012657, 9.690000000000004832, 8.400000000000000355 ) ) ;
#1031 = ORIENTED_EDGE ( 'NONE', *, *, #800, .T. ) ;
#1032 =( LENGTH_UNIT ( ) NAMED_UNIT ( * ) SI_UNIT ( .MILLI., .METRE. ) );
#1033 = ORIENTED_EDGE ( 'NONE', *, *, #108, .T. ) ;
#1034 = DIRECTION ( 'NONE',  ( -0.0000000000000000000, 0.0000000000000000000, -1.000000000000000000 ) ) ;
#1035 = CARTESIAN_POINT ( 'NONE',  ( 0.8000000000000009326, 12.23000000000000043, 8.400000000000000355 ) ) ;
#1036 = CARTESIAN_POINT ( 'NONE',  ( 0.7500000000000000000, 12.69999999999999929, 0.5000000000000000000 ) ) ;
#1037 = EDGE_CURVE ( 'NONE', #197, #1267, #415, .T. ) ;
#1038 = ORIENTED_EDGE ( 'NONE', *, *, #1370, .F. ) ;
#1039 = PLANE ( 'NONE',  #2216 ) ;
#1040 = PLANE ( 'NONE',  #1434 ) ;
#1041 = EDGE_CURVE ( 'NONE', #197, #1049, #85, .T. ) ;
#1042 = ORIENTED_EDGE ( 'NONE', *, *, #1825, .F. ) ;
#1043 = ORIENTED_EDGE ( 'NONE', *, *, #1075, .F. ) ;
#1044 = LINE ( 'NONE', #1233, #1961 ) ;
#1045 = ORIENTED_EDGE ( 'NONE', *, *, #651, .T. ) ;
#1046 = FACE_OUTER_BOUND ( 'NONE', #76, .T. ) ;
#1047 = LINE ( 'NONE', #330, #1835 ) ;
#1048 = FACE_OUTER_BOUND ( 'NONE', #1625, .T. ) ;
#1049 = VERTEX_POINT ( 'NONE', #2208 ) ;
#1050 = LINE ( 'NONE', #1391, #1763 ) ;
#1051 = FACE_OUTER_BOUND ( 'NONE', #1131, .T. ) ;
#1052 = EDGE_CURVE ( 'NONE', #579, #791, #1482, .T. ) ;
#1053 = LINE ( 'NONE', #879, #644 ) ;
#1054 = VECTOR ( 'NONE', #1202, 1000.000000000000000 ) ;
#1055 = ORIENTED_EDGE ( 'NONE', *, *, #1417, .T. ) ;
#1056 = VERTEX_POINT ( 'NONE', #2241 ) ;
#1057 = VECTOR ( 'NONE', #2319, 1000.000000000000000 ) ;
#1058 = EDGE_CURVE ( 'NONE', #1056, #173, #1317, .T. ) ;
#1059 = CARTESIAN_POINT ( 'NONE',  ( 0.05000000000000000278, 11.38000000000000078, -3.149999999999999911 ) ) ;
#1060 = VECTOR ( 'NONE', #1490, 1000.000000000000000 ) ;
#1061 = EDGE_LOOP ( 'NONE', ( #1405, #1415, #740, #1192 ) ) ;
#1062 = CARTESIAN_POINT ( 'NONE',  ( 0.0000000000000000000, 11.38000000000000078, -2.899999999999999911 ) ) ;
#1063 = STYLED_ITEM ( 'NONE', ( #1518 ), #1598 ) ;
#1064 = VECTOR ( 'NONE', #1084, 1000.000000000000000 ) ;
#1065 = DIRECTION ( 'NONE',  ( -1.000000000000000000, -0.0000000000000000000, -0.0000000000000000000 ) ) ;
#1066 = LINE ( 'NONE', #1600, #2299 ) ;
#1067 = ORIENTED_EDGE ( 'NONE', *, *, #1212, .T. ) ;
#1068 = LINE ( 'NONE', #179, #1057 ) ;
#1069 = CARTESIAN_POINT ( 'NONE',  ( -0.3000000000000000999, 4.110000000000001208, -2.899999999999999911 ) ) ;
#1070 = CARTESIAN_POINT ( 'NONE',  ( 0.3999999999999999667, 3.409999999999999698, 0.5000000000000003331 ) ) ;
#1071 = VERTEX_POINT ( 'NONE', #2233 ) ;
#1072 = DIRECTION ( 'NONE',  ( 0.0000000000000000000, -1.000000000000000000, -0.0000000000000000000 ) ) ;
#1073 = ORIENTED_EDGE ( 'NONE', *, *, #1756, .F. ) ;
#1074 = CARTESIAN_POINT ( 'NONE',  ( -0.3000000000000000999, 11.73000000000000043, -2.899999999999999911 ) ) ;
#1075 = EDGE_CURVE ( 'NONE', #851, #1826, #1697, .T. ) ;
#1076 = CARTESIAN_POINT ( 'NONE',  ( 1.250000000000000000, 2.540000000000000036, 8.400000000000000355 ) ) ;
#1077 = VERTEX_POINT ( 'NONE', #443 ) ;
#1078 = FACE_OUTER_BOUND ( 'NONE', #1371, .T. ) ;
#1079 = ORIENTED_EDGE ( 'NONE', *, *, #667, .F. ) ;
#1080 =( NAMED_UNIT ( * ) SI_UNIT ( $, .STERADIAN. ) SOLID_ANGLE_UNIT ( ) );
#1081 = ORIENTED_EDGE ( 'NONE', *, *, #836, .F. ) ;
#1082 = CARTESIAN_POINT ( 'NONE',  ( -0.4000000000000002998, 4.210000000000000853, 8.000000000000000000 ) ) ;
#1083 = EDGE_CURVE ( 'NONE', #914, #2247, #1870, .T. ) ;
#1084 = DIRECTION ( 'NONE',  ( -1.000000000000000000, -0.0000000000000000000, 0.0000000000000000000 ) ) ;
#1085 = ORIENTED_EDGE ( 'NONE', *, *, #776, .F. ) ;
#1086 = DIRECTION ( 'NONE',  ( -1.000000000000000000, 0.0000000000000000000, -0.0000000000000000000 ) ) ;
#1087 = FACE_OUTER_BOUND ( 'NONE', #1569, .T. ) ;
#1088 = ORIENTED_EDGE ( 'NONE', *, *, #1083, .T. ) ;
#1089 = PLANE ( 'NONE',  #1948 ) ;
#1090 = VECTOR ( 'NONE', #2248, 1000.000000000000000 ) ;
#1091 = ORIENTED_EDGE ( 'NONE', *, *, #2289, .T. ) ;
#1092 = AXIS2_PLACEMENT_3D ( 'NONE', #1590, #499, #663 ) ;
#1093 = AXIS2_PLACEMENT_3D ( 'NONE', #959, #2016, #1114 ) ;
#1094 = AXIS2_PLACEMENT_3D ( 'NONE', #78, #787, #1880 ) ;
#1095 = PLANE ( 'NONE',  #1096 ) ;
#1096 = AXIS2_PLACEMENT_3D ( 'NONE', #1438, #2159, #1588 ) ;
#1097 = ORIENTED_EDGE ( 'NONE', *, *, #708, .F. ) ;
#1098 = EDGE_CURVE ( 'NONE', #219, #1135, #803, .T. ) ;
#1099 = PLANE ( 'NONE',  #1348 ) ;
#1100 =( GEOMETRIC_REPRESENTATION_CONTEXT ( 3 ) GLOBAL_UNCERTAINTY_ASSIGNED_CONTEXT ( ( #811 ) ) GLOBAL_UNIT_ASSIGNED_CONTEXT ( ( #1548, #327, #311 ) ) REPRESENTATION_CONTEXT ( 'NONE', 'WORKASPACE' ) );
#1101 = CARTESIAN_POINT ( 'NONE',  ( 0.05000000000000000278, 6.400000000000000355, -3.149999999999999911 ) ) ;
#1102 = EDGE_LOOP ( 'NONE', ( #2138, #153, #1493, #1621 ) ) ;
#1103 = ADVANCED_FACE ( 'NONE', ( #120 ), #1934, .F. ) ;
#1104 = DIRECTION ( 'NONE',  ( 1.000000000000000000, 0.0000000000000000000, 0.0000000000000000000 ) ) ;
#1105 = ORIENTED_EDGE ( 'NONE', *, *, #1693, .F. ) ;
#1106 = DIRECTION ( 'NONE',  ( -0.0000000000000000000, 1.000000000000000000, 0.0000000000000000000 ) ) ;
#1107 =( BOUNDED_CURVE ( )  B_SPLINE_CURVE ( 3, ( #1069, #324, #1898, #278 ),
 .UNSPECIFIED., .F., .T. ) 
 B_SPLINE_CURVE_WITH_KNOTS ( ( 4, 4 ),
 ( 0.0000000000000000000, 1.570796326794896780 ),
 .UNSPECIFIED. ) 
 CURVE ( )  GEOMETRIC_REPRESENTATION_ITEM ( )  RATIONAL_B_SPLINE_CURVE ( ( 1.000000000000000000, 0.8047378541243649375, 0.8047378541243649375, 1.000000000000000000 ) ) 
 REPRESENTATION_ITEM ( '' )  );
#1108 = LINE ( 'NONE', #2048, #456 ) ;
#1109 = ORIENTED_EDGE ( 'NONE', *, *, #2012, .T. ) ;
#1110 = PLANE ( 'NONE',  #233 ) ;
#1111 = ADVANCED_FACE ( 'NONE', ( #2100 ), #134, .T. ) ;
#1112 = DIRECTION ( 'NONE',  ( 1.000000000000000000, -0.0000000000000000000, 0.0000000000000000000 ) ) ;
#1113 = ORIENTED_EDGE ( 'NONE', *, *, #622, .T. ) ;
#1114 = DIRECTION ( 'NONE',  ( 1.000000000000000000, 0.0000000000000000000, 0.0000000000000000000 ) ) ;
#1115 = EDGE_CURVE ( 'NONE', #347, #1558, #871, .T. ) ;
#1116 = ORIENTED_EDGE ( 'NONE', *, *, #552, .T. ) ;
#1117 = DIRECTION ( 'NONE',  ( 0.0000000000000000000, -0.0000000000000000000, 1.000000000000000000 ) ) ;
#1118 = ORIENTED_EDGE ( 'NONE', *, *, #883, .F. ) ;
#1119 = LINE ( 'NONE', #931, #1011 ) ;
#1120 = CARTESIAN_POINT ( 'NONE',  ( -0.3999999999999998557, 3.410000000000000142, 8.000000000000000000 ) ) ;
#1121 = VERTEX_POINT ( 'NONE', #814 ) ;
#1122 = DIRECTION ( 'NONE',  ( -0.0000000000000000000, -1.000000000000000000, -0.0000000000000000000 ) ) ;
#1123 = DIRECTION ( 'NONE',  ( -1.000000000000000000, 0.0000000000000000000, -0.0000000000000000000 ) ) ;
#1124 = ORIENTED_EDGE ( 'NONE', *, *, #1654, .F. ) ;
#1125 = ADVANCED_FACE ( 'NONE', ( #1908 ), #1897, .T. ) ;
#1126 = STYLED_ITEM ( 'NONE', ( #733 ), #42 ) ;
#1127 = VECTOR ( 'NONE', #709, 1000.000000000000000 ) ;
#1128 = DIRECTION ( 'NONE',  ( -0.0000000000000000000, -0.0000000000000000000, 1.000000000000000000 ) ) ;
#1129 = AXIS2_PLACEMENT_3D ( 'NONE', #1585, #2304, #647 ) ;
#1130 = VECTOR ( 'NONE', #809, 1000.000000000000000 ) ;
#1131 = EDGE_LOOP ( 'NONE', ( #1116, #508, #2098, #1043 ) ) ;
#1132 = FACE_OUTER_BOUND ( 'NONE', #969, .T. ) ;
#1133 = STYLED_ITEM ( 'NONE', ( #854 ), #2322 ) ;
#1134 = CARTESIAN_POINT ( 'NONE',  ( 0.0000000000000000000, 6.650000000000000355, 1.053775882719999890 ) ) ;
#1135 = VERTEX_POINT ( 'NONE', #300 ) ;
#1136 = CARTESIAN_POINT ( 'NONE',  ( 0.3999999999999999667, 5.950000000000000178, 0.5000000000000003331 ) ) ;
#1137 = EDGE_LOOP ( 'NONE', ( #930, #1754, #643, #1360, #2107, #1803, #869, #780 ) ) ;
#1138 = ADVANCED_FACE ( 'PartBody', ( #467 ), #1005, .F. ) ;
#1139 = CARTESIAN_POINT ( 'NONE',  ( 1.250000000000000000, 2.540000000000000480, -3.793512960549202444E-15 ) ) ;
#1140 = EDGE_CURVE ( 'NONE', #933, #1774, #658, .T. ) ;
#1141 = DIRECTION ( 'NONE',  ( -0.0000000000000000000, -0.0000000000000000000, 1.000000000000000000 ) ) ;
#1142 = CARTESIAN_POINT ( 'NONE',  ( -0.4000000000000000222, 11.83000000000000007, 8.400000000000000355 ) ) ;
#1143 = ORIENTED_EDGE ( 'NONE', *, *, #927, .T. ) ;
#1144 = CARTESIAN_POINT ( 'NONE',  ( 0.3999999999999999667, 12.69999999999999929, 0.5000000000000000000 ) ) ;
#1145 = CARTESIAN_POINT ( 'NONE',  ( -0.7500000000000000000, 12.69999999999999929, 0.5000000000000000000 ) ) ;
#1146 = ORIENTED_EDGE ( 'NONE', *, *, #1675, .T. ) ;
#1147 = LINE ( 'NONE', #465, #360 ) ;
#1148 = CARTESIAN_POINT ( 'NONE',  ( -0.2999999999999999889, 6.650000000000000355, -3.046446609406725958 ) ) ;
#1149 = ADVANCED_FACE ( 'NONE', ( #1046 ), #491, .T. ) ;
#1150 = DIRECTION ( 'NONE',  ( 1.000000000000000000, 0.0000000000000000000, -0.0000000000000000000 ) ) ;
#1151 = EDGE_CURVE ( 'NONE', #2000, #1454, #1947, .T. ) ;
#1152 = LINE ( 'NONE', #2034, #1957 ) ;
#1153 = ORIENTED_EDGE ( 'NONE', *, *, #1956, .F. ) ;
#1154 = LINE ( 'NONE', #1702, #600 ) ;
#1155 = CARTESIAN_POINT ( 'NONE',  ( -0.04999999999999996808, 11.42999999999999972, -3.149999999999999911 ) ) ;
#1156 = VERTEX_POINT ( 'NONE', #830 ) ;
#1157 = DIRECTION ( 'NONE',  ( -0.0000000000000000000, 1.000000000000000000, 0.0000000000000000000 ) ) ;
#1158 = CARTESIAN_POINT ( 'NONE',  ( -0.2999999999999999889, 0.0000000000000000000, 1.053775882719999890 ) ) ;
#1159 = VECTOR ( 'NONE', #1072, 1000.000000000000000 ) ;
#1160 =( NAMED_UNIT ( * ) SI_UNIT ( $, .STERADIAN. ) SOLID_ANGLE_UNIT ( ) );
#1161 = CARTESIAN_POINT ( 'NONE',  ( -0.04999999999999998196, 6.400000000000000355, -3.149999999999999911 ) ) ;
#1162 = AXIS2_PLACEMENT_3D ( 'NONE', #701, #1577, #1416 ) ;
#1163 = CYLINDRICAL_SURFACE ( 'NONE', #2110, 0.2500000000000002220 ) ;
#1164 = VECTOR ( 'NONE', #1517, 1000.000000000000114 ) ;
#1165 = ADVANCED_FACE ( 'NONE', ( #1411 ), #1759, .T. ) ;
#1166 = ORIENTED_EDGE ( 'NONE', *, *, #1286, .F. ) ;
#1167 = CARTESIAN_POINT ( 'NONE',  ( -0.2999999999999999889, 9.189999999999999503, -3.046446609406725958 ) ) ;
#1168 = FACE_OUTER_BOUND ( 'NONE', #1746, .T. ) ;
#1169 = ADVANCED_FACE ( 'NONE', ( #2290 ), #695, .T. ) ;
#1170 = VECTOR ( 'NONE', #793, 1000.000000000000000 ) ;
#1171 = ORIENTED_EDGE ( 'NONE', *, *, #2286, .T. ) ;
#1172 = UNCERTAINTY_MEASURE_WITH_UNIT (LENGTH_MEASURE( 1.000000000000000082E-05 ), #625, 'distance_accuracy_value', 'NONE');
#1173 = DIRECTION ( 'NONE',  ( -0.0000000000000000000, 0.0000000000000000000, -1.000000000000000000 ) ) ;
#1174 = ORIENTED_EDGE ( 'NONE', *, *, #284, .F. ) ;
#1175 = DIRECTION ( 'NONE',  ( 1.000000000000000000, 0.0000000000000000000, 0.0000000000000000000 ) ) ;
#1176 = LINE ( 'NONE', #2278, #1806 ) ;
#1177 = LINE ( 'NONE', #110, #1950 ) ;
#1178 = CARTESIAN_POINT ( 'NONE',  ( 0.2999999999999999889, 0.0000000000000000000, 0.0000000000000000000 ) ) ;
#1179 = DIRECTION ( 'NONE',  ( -1.000000000000000000, -0.0000000000000000000, 0.0000000000000000000 ) ) ;
#1180 = ADVANCED_FACE ( 'NONE', ( #2128 ), #1921, .T. ) ;
#1181 =( BOUNDED_CURVE ( )  B_SPLINE_CURVE ( 3, ( #15, #1796, #37, #917 ),
 .UNSPECIFIED., .F., .T. ) 
 B_SPLINE_CURVE_WITH_KNOTS ( ( 4, 4 ),
 ( 4.712388980384689674, 6.283185307179586232 ),
 .UNSPECIFIED. ) 
 CURVE ( )  GEOMETRIC_REPRESENTATION_ITEM ( )  RATIONAL_B_SPLINE_CURVE ( ( 1.000000000000000000, 0.8047378541243649375, 0.8047378541243649375, 1.000000000000000000 ) ) 
 REPRESENTATION_ITEM ( '' )  );
#1182 = ORIENTED_EDGE ( 'NONE', *, *, #25, .T. ) ;
#1183 = ADVANCED_FACE ( 'NONE', ( #1747 ), #1401, .T. ) ;
#1184 = ORIENTED_EDGE ( 'NONE', *, *, #2053, .F. ) ;
#1185 = DIRECTION ( 'NONE',  ( 0.0000000000000000000, 1.000000000000000000, 0.0000000000000000000 ) ) ;
#1186 = SURFACE_STYLE_USAGE ( .BOTH. , #987 ) ;
#1187 = CARTESIAN_POINT ( 'NONE',  ( -0.2999999999999999889, 6.650000000000000355, 1.053775882719999890 ) ) ;
#1188 = FACE_OUTER_BOUND ( 'NONE', #2137, .T. ) ;
#1189 = ORIENTED_EDGE ( 'NONE', *, *, #298, .T. ) ;
#1190 = CARTESIAN_POINT ( 'NONE',  ( -0.3000000000000000999, 9.189999999999999503, -2.899999999999999911 ) ) ;
#1191 = CARTESIAN_POINT ( 'NONE',  ( 0.7999999999999998224, 12.23000000000000043, 8.400000000000000355 ) ) ;
#1192 = ORIENTED_EDGE ( 'NONE', *, *, #2245, .F. ) ;
#1193 = SURFACE_SIDE_STYLE ('',( #515 ) ) ;
#1194 = EDGE_CURVE ( 'NONE', #2077, #1636, #2089, .T. ) ;
#1195 = ORIENTED_EDGE ( 'NONE', *, *, #22, .F. ) ;
#1196 = DIRECTION ( 'NONE',  ( -0.7071067811865475727, 0.0000000000000000000, 0.7071067811865475727 ) ) ;
#1197 = FILL_AREA_STYLE ('',( #2101 ) ) ;
#1198 = PLANE ( 'NONE',  #679 ) ;
#1199 = FACE_OUTER_BOUND ( 'NONE', #1981, .T. ) ;
#1200 = AXIS2_PLACEMENT_3D ( 'NONE', #1751, #1567, #674 ) ;
#1201 = EDGE_LOOP ( 'NONE', ( #813, #922, #652, #1091 ) ) ;
#1202 = DIRECTION ( 'NONE',  ( -0.0000000000000000000, -1.000000000000000000, -0.0000000000000000000 ) ) ;
#1203 = LINE ( 'NONE', #2309, #2295 ) ;
#1204 = VECTOR ( 'NONE', #1347, 1000.000000000000000 ) ;
#1205 = VERTEX_POINT ( 'NONE', #1550 ) ;
#1206 = CARTESIAN_POINT ( 'NONE',  ( -0.3000000000000000999, 6.049999999999999822, -2.899999999999999911 ) ) ;
#1207 = VECTOR ( 'NONE', #43, 1000.000000000000000 ) ;
#1208 = VECTOR ( 'NONE', #280, 1000.000000000000000 ) ;
#1209 = CARTESIAN_POINT ( 'NONE',  ( 0.3000000000000000999, 11.73000000000000043, -2.899999999999999911 ) ) ;
#1210 = ORIENTED_EDGE ( 'NONE', *, *, #1291, .T. ) ;
#1211 = CARTESIAN_POINT ( 'NONE',  ( 0.4000000000000000222, 3.410000000000000142, 8.400000000000000355 ) ) ;
#1212 = EDGE_CURVE ( 'NONE', #416, #581, #2277, .T. ) ;
#1213 = LINE ( 'NONE', #874, #1389 ) ;
#1214 = EDGE_CURVE ( 'NONE', #736, #1901, #950, .T. ) ;
#1215 = DIRECTION ( 'NONE',  ( 0.7071067811865474617, 0.0000000000000000000, -0.7071067811865474617 ) ) ;
#1216 = ORIENTED_EDGE ( 'NONE', *, *, #1896, .T. ) ;
#1217 = DIRECTION ( 'NONE',  ( 1.000000000000000000, 0.0000000000000000000, 0.0000000000000000000 ) ) ;
#1218 = DIRECTION ( 'NONE',  ( 1.000000000000000000, 0.0000000000000000000, 0.0000000000000000000 ) ) ;
#1219 = ORIENTED_EDGE ( 'NONE', *, *, #1814, .T. ) ;
#1220 = CARTESIAN_POINT ( 'NONE',  ( 0.4000000000000001887, 11.02999999999999758, 8.000000000000000000 ) ) ;
#1221 = FILL_AREA_STYLE ('',( #882 ) ) ;
#1222 = ORIENTED_EDGE ( 'NONE', *, *, #585, .F. ) ;
#1223 = DIRECTION ( 'NONE',  ( -1.000000000000000000, 0.0000000000000000000, 0.0000000000000000000 ) ) ;
#1224 = EDGE_CURVE ( 'NONE', #441, #60, #367, .T. ) ;
#1225 = CARTESIAN_POINT ( 'NONE',  ( 1.250000000000000000, 2.540000000000000036, 8.400000000000000355 ) ) ;
#1226 = DIRECTION ( 'NONE',  ( -0.0000000000000000000, -1.000000000000000000, 0.0000000000000000000 ) ) ;
#1227 = EDGE_LOOP ( 'NONE', ( #373, #216, #1904, #2172 ) ) ;
#1228 = EDGE_CURVE ( 'NONE', #1774, #1576, #2037, .T. ) ;
#1229 = DIRECTION ( 'NONE',  ( -0.0000000000000000000, 0.0000000000000000000, 1.000000000000000000 ) ) ;
#1230 = LINE ( 'NONE', #1578, #1396 ) ;
#1231 = CARTESIAN_POINT ( 'NONE',  ( 0.1964466094067261748, 6.546446609406726402, -3.149999999999999023 ) ) ;
#1232 = ORIENTED_EDGE ( 'NONE', *, *, #1850, .T. ) ;
#1233 = CARTESIAN_POINT ( 'NONE',  ( -0.2999999999999999889, 0.0000000000000000000, -2.899999999999999911 ) ) ;
#1234 = EDGE_LOOP ( 'NONE', ( #1790, #2284, #2300, #2195 ) ) ;
#1235 = DIRECTION ( 'NONE',  ( -0.7071067811865475727, 0.0000000000000000000, 0.7071067811865475727 ) ) ;
#1236 = CARTESIAN_POINT ( 'NONE',  ( 0.4000000000000000222, 14.73200000000000109, 8.000000000000000000 ) ) ;
#1237 = CARTESIAN_POINT ( 'NONE',  ( 0.0000000000000000000, 7.150000000000000355, 8.400000000000000355 ) ) ;
#1238 = ORIENTED_EDGE ( 'NONE', *, *, #444, .T. ) ;
#1239 = LINE ( 'NONE', #1028, #2061 ) ;
#1240 = DIRECTION ( 'NONE',  ( 1.000000000000000000, 0.0000000000000000000, 0.0000000000000000000 ) ) ;
#1241 = ADVANCED_FACE ( 'NONE', ( #1480 ), #1303, .F. ) ;
#1242 = LINE ( 'NONE', #512, #1653 ) ;
#1243 = VECTOR ( 'NONE', #796, 1000.000000000000000 ) ;
#1244 = ORIENTED_EDGE ( 'NONE', *, *, #819, .F. ) ;
#1245 = LINE ( 'NONE', #363, #2023 ) ;
#1246 = VECTOR ( 'NONE', #619, 1000.000000000000114 ) ;
#1247 =( NAMED_UNIT ( * ) SI_UNIT ( $, .STERADIAN. ) SOLID_ANGLE_UNIT ( ) );
#1248 = VECTOR ( 'NONE', #1112, 1000.000000000000000 ) ;
#1249 = VERTEX_POINT ( 'NONE', #1834 ) ;
#1250 = CYLINDRICAL_SURFACE ( 'NONE', #532, 0.2500000000000002220 ) ;
#1251 = AXIS2_PLACEMENT_3D ( 'NONE', #2230, #632, #802 ) ;
#1252 = AXIS2_PLACEMENT_3D ( 'NONE', #735, #183, #1104 ) ;
#1253 = DIRECTION ( 'NONE',  ( -0.0000000000000000000, 0.0000000000000000000, 1.000000000000000000 ) ) ;
#1254 = DIRECTION ( 'NONE',  ( 1.000000000000000000, 0.0000000000000000000, 0.0000000000000000000 ) ) ;
#1255 = VERTEX_POINT ( 'NONE', #1136 ) ;
#1256 = CARTESIAN_POINT ( 'NONE',  ( 0.05000000000000000278, 11.73000000000000043, -3.149999999999999911 ) ) ;
#1257 = DIRECTION ( 'NONE',  ( 1.000000000000000000, 0.0000000000000000000, 0.0000000000000000000 ) ) ;
#1258 = DIRECTION ( 'NONE',  ( 0.0000000000000000000, -1.000000000000000000, -0.0000000000000000000 ) ) ;
#1259 = VERTEX_POINT ( 'NONE', #1311 ) ;
#1260 = ORIENTED_EDGE ( 'NONE', *, *, #1194, .T. ) ;
#1261 = ORIENTED_EDGE ( 'NONE', *, *, #1741, .T. ) ;
#1262 = ADVANCED_FACE ( 'NONE', ( #412 ), #1786, .F. ) ;
#1263 = DIRECTION ( 'NONE',  ( -1.000000000000000000, -0.0000000000000000000, 0.0000000000000000000 ) ) ;
#1264 = DIRECTION ( 'NONE',  ( 0.0000000000000000000, 0.0000000000000000000, -1.000000000000000000 ) ) ;
#1265 = ORIENTED_EDGE ( 'NONE', *, *, #141, .T. ) ;
#1266 = DIRECTION ( 'NONE',  ( 0.0000000000000000000, 0.0000000000000000000, -1.000000000000000000 ) ) ;
#1267 = VERTEX_POINT ( 'NONE', #423 ) ;
#1268 = CARTESIAN_POINT ( 'NONE',  ( 0.0000000000000000000, 6.650000000000000355, -3.149999999999999911 ) ) ;
#1269 = SURFACE_STYLE_FILL_AREA ( #405 ) ;
#1270 = ORIENTED_EDGE ( 'NONE', *, *, #2116, .F. ) ;
#1271 = EDGE_CURVE ( 'NONE', #562, #700, #68, .T. ) ;
#1272 = LINE ( 'NONE', #1629, #420 ) ;
#1274 = EDGE_CURVE ( 'NONE', #673, #1249, #1467, .T. ) ;
#1273 = DIRECTION ( 'NONE',  ( 0.0000000000000000000, 0.0000000000000000000, -1.000000000000000000 ) ) ;
#1275 = VERTEX_POINT ( 'NONE', #924 ) ;
#1276 = CARTESIAN_POINT ( 'NONE',  ( -0.2999999999999999889, 8.589999999999999858, -3.046446609406725958 ) ) ;
#1277 = ORIENTED_EDGE ( 'NONE', *, *, #1852, .T. ) ;
#1278 = DIRECTION ( 'NONE',  ( 0.0000000000000000000, 0.0000000000000000000, 1.000000000000000000 ) ) ;
#1279 = COLOUR_RGB ( '',0.8313725490196077761, 0.8313725490196077761, 0.0000000000000000000 ) ;
#1280 = SURFACE_STYLE_USAGE ( .BOTH. , #1295 ) ;
#1281 = VERTEX_POINT ( 'NONE', #238 ) ;
#1282 = AXIS2_PLACEMENT_3D ( 'NONE', #805, #1844, #457 ) ;
#1283 = VECTOR ( 'NONE', #1106, 1000.000000000000000 ) ;
#1284 = DIRECTION ( 'NONE',  ( 0.0000000000000000000, -1.000000000000000000, 0.0000000000000000000 ) ) ;
#1285 = COLOUR_RGB ( '',0.8313725490196077761, 0.8313725490196077761, 0.0000000000000000000 ) ;
#1286 = EDGE_CURVE ( 'NONE', #1259, #6, #59, .T. ) ;
#1287 = PLANE ( 'NONE',  #1808 ) ;
#1288 = VECTOR ( 'NONE', #719, 1000.000000000000000 ) ;
#1289 = ORIENTED_EDGE ( 'NONE', *, *, #1725, .T. ) ;
#1290 = DIRECTION ( 'NONE',  ( 0.0000000000000000000, 0.0000000000000000000, 1.000000000000000000 ) ) ;
#1291 = EDGE_CURVE ( 'NONE', #2276, #1601, #213, .T. ) ;
#1292 = DIRECTION ( 'NONE',  ( 1.000000000000000000, -0.0000000000000000000, 0.0000000000000000000 ) ) ;
#1293 = ORIENTED_EDGE ( 'NONE', *, *, #108, .F. ) ;
#1294 = DIRECTION ( 'NONE',  ( -0.0000000000000000000, 1.000000000000000000, 0.0000000000000000000 ) ) ;
#1295 = SURFACE_SIDE_STYLE ('',( #1269 ) ) ;
#1296 = ORIENTED_EDGE ( 'NONE', *, *, #1836, .F. ) ;
#1297 = DIRECTION ( 'NONE',  ( 1.000000000000000000, 0.0000000000000000000, 0.0000000000000000000 ) ) ;
#1298 = ORIENTED_EDGE ( 'NONE', *, *, #936, .F. ) ;
#1299 = DIRECTION ( 'NONE',  ( 1.000000000000000000, 0.0000000000000000000, 0.0000000000000000000 ) ) ;
#1300 = EDGE_CURVE ( 'NONE', #1714, #1769, #1662, .T. ) ;
#1301 = ORIENTED_EDGE ( 'NONE', *, *, #792, .F. ) ;
#1302 = DIRECTION ( 'NONE',  ( 0.0000000000000000000, -0.7071067811865475727, -0.7071067811865475727 ) ) ;
#1303 = PLANE ( 'NONE',  #1093 ) ;
#1304 = ORIENTED_EDGE ( 'NONE', *, *, #1115, .T. ) ;
#1305 = DIRECTION ( 'NONE',  ( 0.0000000000000000000, -1.000000000000000000, -0.0000000000000000000 ) ) ;
#1306 = ORIENTED_EDGE ( 'NONE', *, *, #520, .F. ) ;
#1307 = CARTESIAN_POINT ( 'NONE',  ( -0.1964466094067262580, 8.693553390593274699, -3.149999999999999023 ) ) ;
#1308 = PLANE ( 'NONE',  #1963 ) ;
#1309 = ORIENTED_EDGE ( 'NONE', *, *, #925, .T. ) ;
#1310 = FACE_OUTER_BOUND ( 'NONE', #1227, .T. ) ;
#1311 = CARTESIAN_POINT ( 'NONE',  ( 0.3999999999999999667, 11.02999999999999936, 0.5000000000000002220 ) ) ;
#1312 = ADVANCED_FACE ( 'NONE', ( #250 ), #2314, .F. ) ;
#1313 = ORIENTED_EDGE ( 'NONE', *, *, #462, .F. ) ;
#1314 = AXIS2_PLACEMENT_3D ( 'NONE', #1380, #881, #1982 ) ;
#1315 = ADVANCED_FACE ( 'NONE', ( #1966 ), #1250, .T. ) ;
#1316 = VECTOR ( 'NONE', #147, 999.9999999999998863 ) ;
#1317 = LINE ( 'NONE', #794, #1838 ) ;
#1318 = VECTOR ( 'NONE', #97, 1000.000000000000000 ) ;
#1319 = VECTOR ( 'NONE', #1258, 1000.000000000000000 ) ;
#1320 = VERTEX_POINT ( 'NONE', #1074 ) ;
#1321 = LINE ( 'NONE', #2033, #939 ) ;
#1322 = VECTOR ( 'NONE', #806, 1000.000000000000000 ) ;
#1323 = CARTESIAN_POINT ( 'NONE',  ( 0.1964466094067261748, 4.006446609406726367, -3.149999999999999023 ) ) ;
#1324 = CARTESIAN_POINT ( 'NONE',  ( 0.4000000000000000222, 4.209999999999999964, 8.400000000000000355 ) ) ;
#1325 = DIRECTION ( 'NONE',  ( 0.0000000000000000000, 1.000000000000000000, 0.0000000000000000000 ) ) ;
#1326 = EDGE_CURVE ( 'NONE', #342, #466, #2214, .T. ) ;
#1327 = ORIENTED_EDGE ( 'NONE', *, *, #2154, .T. ) ;
#1328 = DIRECTION ( 'NONE',  ( -0.0000000000000000000, 0.0000000000000000000, 1.000000000000000000 ) ) ;
#1329 = EDGE_CURVE ( 'NONE', #60, #2093, #1635, .T. ) ;
#1330 = DIRECTION ( 'NONE',  ( -1.000000000000000000, 0.0000000000000000000, -0.0000000000000000000 ) ) ;
#1331 = CARTESIAN_POINT ( 'NONE',  ( -0.7500000000000000000, 12.69999999999999929, 0.0000000000000000000 ) ) ;
#1332 = CARTESIAN_POINT ( 'NONE',  ( 1.250000000000000000, 12.69999999999999929, 0.0000000000000000000 ) ) ;
#1333 = ORIENTED_EDGE ( 'NONE', *, *, #2203, .T. ) ;
#1334 = FACE_OUTER_BOUND ( 'NONE', #2151, .T. ) ;
#1335 = CARTESIAN_POINT ( 'NONE',  ( 0.0000000000000000000, 11.13000000000000078, -2.899999999999999467 ) ) ;
#1336 = ORIENTED_EDGE ( 'NONE', *, *, #966, .F. ) ;
#1337 = DIRECTION ( 'NONE',  ( -0.0000000000000000000, 1.000000000000000000, 0.0000000000000000000 ) ) ;
#1338 = CARTESIAN_POINT ( 'NONE',  ( 0.4000000000000000222, 5.950000000000000178, 8.000000000000000000 ) ) ;
#1339 = DIRECTION ( 'NONE',  ( 0.0000000000000000000, 0.7071067811865475727, -0.7071067811865475727 ) ) ;
#1340 = EDGE_CURVE ( 'NONE', #880, #370, #885, .T. ) ;
#1341 = CARTESIAN_POINT ( 'NONE',  ( -0.2999999999999999889, 0.0000000000000000000, 1.053775882719999890 ) ) ;
#1342 = ORIENTED_EDGE ( 'NONE', *, *, #525, .T. ) ;
#1343 = DIRECTION ( 'NONE',  ( 0.0000000000000000000, -0.0000000000000000000, 1.000000000000000000 ) ) ;
#1344 = CARTESIAN_POINT ( 'NONE',  ( 0.8000000000000000444, 2.540000000000000036, 8.400000000000000355 ) ) ;
#1345 = ORIENTED_EDGE ( 'NONE', *, *, #1956, .T. ) ;
#1346 = FACE_OUTER_BOUND ( 'NONE', #2251, .T. ) ;
#1347 = DIRECTION ( 'NONE',  ( 1.000000000000000000, 0.0000000000000000000, 0.0000000000000000000 ) ) ;
#1348 = AXIS2_PLACEMENT_3D ( 'NONE', #1813, #209, #741 ) ;
#1349 = SURFACE_STYLE_FILL_AREA ( #1197 ) ;
#1350 = EDGE_CURVE ( 'NONE', #1077, #2198, #404, .T. ) ;
#1351 = DIRECTION ( 'NONE',  ( -1.000000000000000000, 0.0000000000000000000, -0.0000000000000000000 ) ) ;
#1352 = VECTOR ( 'NONE', #432, 1000.000000000000000 ) ;
#1353 = CARTESIAN_POINT ( 'NONE',  ( -0.7500000000000000000, 12.69999999999999929, 0.5000000000000000000 ) ) ;
#1354 = VERTEX_POINT ( 'NONE', #102 ) ;
#1355 = EDGE_CURVE ( 'NONE', #829, #1465, #991, .T. ) ;
#1356 = LINE ( 'NONE', #607, #75 ) ;
#1357 = LINE ( 'NONE', #799, #1130 ) ;
#1358 = AXIS2_PLACEMENT_3D ( 'NONE', #1544, #1369, #2084 ) ;
#1359 = AXIS2_PLACEMENT_3D ( 'NONE', #1883, #38, #1858 ) ;
#1360 = ORIENTED_EDGE ( 'NONE', *, *, #563, .T. ) ;
#1361 = LINE ( 'NONE', #985, #203 ) ;
#1362 = ORIENTED_EDGE ( 'NONE', *, *, #2166, .T. ) ;
#1363 = DIRECTION ( 'NONE',  ( 0.0000000000000000000, 0.0000000000000000000, 1.000000000000000000 ) ) ;
#1364 = LINE ( 'NONE', #2260, #1243 ) ;
#1365 = EDGE_CURVE ( 'NONE', #1, #1554, #2227, .T. ) ;
#1366 = DIRECTION ( 'NONE',  ( 0.0000000000000000000, 0.0000000000000000000, -1.000000000000000000 ) ) ;
#1367 = EDGE_LOOP ( 'NONE', ( #1260, #1972, #1535, #1222 ) ) ;
#1368 = CARTESIAN_POINT ( 'NONE',  ( -0.7500000000000000000, 2.540000000000000480, 0.5000000000000001110 ) ) ;
#1369 = DIRECTION ( 'NONE',  ( -1.000000000000000000, 0.0000000000000000000, 0.0000000000000000000 ) ) ;
#1370 = EDGE_CURVE ( 'NONE', #321, #700, #306, .T. ) ;
#1371 = EDGE_LOOP ( 'NONE', ( #20, #1559, #1779, #1513 ) ) ;
#1372 = EDGE_LOOP ( 'NONE', ( #590, #1461, #902, #1003 ) ) ;
#1373 = DIRECTION ( 'NONE',  ( 1.000000000000000000, 0.0000000000000000000, 0.0000000000000000000 ) ) ;
#1374 =( NAMED_UNIT ( * ) SI_UNIT ( $, .STERADIAN. ) SOLID_ANGLE_UNIT ( ) );
#1375 = DIRECTION ( 'NONE',  ( -0.0000000000000000000, 0.0000000000000000000, 1.000000000000000000 ) ) ;
#1376 = CARTESIAN_POINT ( 'NONE',  ( -0.4000000000000000222, 11.83000000000000007, 8.400000000000000355 ) ) ;
#1377 = EDGE_LOOP ( 'NONE', ( #1593, #1794, #463, #677 ) ) ;
#1378 = CARTESIAN_POINT ( 'NONE',  ( 0.8000000000000013767, 5.549999999999998934, 8.400000000000000355 ) ) ;
#1379 = FACE_OUTER_BOUND ( 'NONE', #2071, .T. ) ;
#1380 = CARTESIAN_POINT ( 'NONE',  ( 0.0000000000000000000, 4.110000000000001208, -3.149999999999999911 ) ) ;
#1381 = EDGE_CURVE ( 'NONE', #127, #1259, #641, .T. ) ;
#1382 = DIRECTION ( 'NONE',  ( -0.0000000000000000000, 1.000000000000000000, 0.0000000000000000000 ) ) ;
#1383 = EDGE_LOOP ( 'NONE', ( #1021, #2281, #1680, #119 ) ) ;
#1384 = EDGE_CURVE ( 'NONE', #1714, #2207, #1357, .T. ) ;
#1385 = CARTESIAN_POINT ( 'NONE',  ( -0.4000000000000008549, 9.289999999999999147, 8.000000000000000000 ) ) ;
#1386 = CARTESIAN_POINT ( 'NONE',  ( -0.4000000000000000222, 4.209999999999999964, 8.400000000000000355 ) ) ;
#1387 = CARTESIAN_POINT ( 'NONE',  ( 1.750000000000000000, 4.209999999999999964, 8.000000000000000000 ) ) ;
#1388 = CARTESIAN_POINT ( 'NONE',  ( 0.0000000000000000000, 3.009999999999999787, 8.400000000000000355 ) ) ;
#1389 = VECTOR ( 'NONE', #1587, 1000.000000000000000 ) ;
#1390 = EDGE_LOOP ( 'NONE', ( #1487, #1580, #768, #402 ) ) ;
#1391 = CARTESIAN_POINT ( 'NONE',  ( 0.0000000000000000000, 12.69999999999999929, -5.831485763410000748E-15 ) ) ;
#1392 = FACE_OUTER_BOUND ( 'NONE', #2266, .T. ) ;
#1393 = VECTOR ( 'NONE', #1294, 1000.000000000000000 ) ;
#1394 = ORIENTED_EDGE ( 'NONE', *, *, #886, .F. ) ;
#1395 = ORIENTED_EDGE ( 'NONE', *, *, #982, .F. ) ;
#1396 = VECTOR ( 'NONE', #1955, 1000.000000000000000 ) ;
#1397 = VECTOR ( 'NONE', #519, 1000.000000000000000 ) ;
#1398 =( NAMED_UNIT ( * ) PLANE_ANGLE_UNIT ( ) SI_UNIT ( $, .RADIAN. ) );
#1399 = EDGE_CURVE ( 'NONE', #2198, #1354, #1716, .T. ) ;
#1400 = EDGE_LOOP ( 'NONE', ( #1012, #191, #822, #1146 ) ) ;
#1401 = PLANE ( 'NONE',  #2186 ) ;
#1402 = EDGE_CURVE ( 'NONE', #2093, #421, #1703, .T. ) ;
#1403 = DIRECTION ( 'NONE',  ( 0.0000000000000000000, 0.0000000000000000000, 1.000000000000000000 ) ) ;
#1404 = LINE ( 'NONE', #2306, #827 ) ;
#1405 = ORIENTED_EDGE ( 'NONE', *, *, #567, .F. ) ;
#1406 = CARTESIAN_POINT ( 'NONE',  ( 0.3999999999999999667, 8.490000000000000213, 0.5000000000000003331 ) ) ;
#1407 = CYLINDRICAL_SURFACE ( 'NONE', #315, 0.2500000000000002220 ) ;
#1408 = ORIENTED_EDGE ( 'NONE', *, *, #1291, .F. ) ;
#1409 = CARTESIAN_POINT ( 'NONE',  ( 0.0000000000000000000, 6.049999999999999822, 1.053775882719999890 ) ) ;
#1410 = ORIENTED_EDGE ( 'NONE', *, *, #155, .F. ) ;
#1411 = FACE_OUTER_BOUND ( 'NONE', #2239, .T. ) ;
#1412 = LINE ( 'NONE', #887, #974 ) ;
#1413 = EDGE_CURVE ( 'NONE', #846, #1817, #323, .T. ) ;
#1414 = DIRECTION ( 'NONE',  ( -1.000000000000000000, 0.0000000000000000000, -0.0000000000000000000 ) ) ;
#1415 = ORIENTED_EDGE ( 'NONE', *, *, #252, .F. ) ;
#1416 = DIRECTION ( 'NONE',  ( 0.0000000000000000000, 0.0000000000000000000, 1.000000000000000000 ) ) ;
#1417 = EDGE_CURVE ( 'NONE', #1320, #1601, #627, .T. ) ;
#1418 = CARTESIAN_POINT ( 'NONE',  ( 0.0000000000000000000, 3.759999999999999787, -2.899999999999999911 ) ) ;
#1419 = LINE ( 'NONE', #723, #872 ) ;
#1420 = ORIENTED_EDGE ( 'NONE', *, *, #1896, .F. ) ;
#1421 = CARTESIAN_POINT ( 'NONE',  ( 0.4000000000000000222, 11.02999999999999936, 8.000000000000000000 ) ) ;
#1422 = ORIENTED_EDGE ( 'NONE', *, *, #287, .T. ) ;
#1423 = CARTESIAN_POINT ( 'NONE',  ( 0.0000000000000000000, 11.13000000000000078, 1.053775882719999890 ) ) ;
#1424 =( BOUNDED_CURVE ( )  B_SPLINE_CURVE ( 3, ( #1190, #1167, #1532, #778 ),
 .UNSPECIFIED., .F., .T. ) 
 B_SPLINE_CURVE_WITH_KNOTS ( ( 4, 4 ),
 ( 0.0000000000000000000, 1.570796326794896780 ),
 .UNSPECIFIED. ) 
 CURVE ( )  GEOMETRIC_REPRESENTATION_ITEM ( )  RATIONAL_B_SPLINE_CURVE ( ( 1.000000000000000000, 0.8047378541243649375, 0.8047378541243649375, 1.000000000000000000 ) ) 
 REPRESENTATION_ITEM ( '' )  );
#1425 = DIRECTION ( 'NONE',  ( -0.0000000000000000000, -1.000000000000000000, -0.0000000000000000000 ) ) ;
#1426 = ORIENTED_EDGE ( 'NONE', *, *, #2005, .F. ) ;
#1427 = PLANE ( 'NONE',  #1092 ) ;
#1428 =( GEOMETRIC_REPRESENTATION_CONTEXT ( 3 ) GLOBAL_UNCERTAINTY_ASSIGNED_CONTEXT ( ( #115 ) ) GLOBAL_UNIT_ASSIGNED_CONTEXT ( ( #1032, #894, #1080 ) ) REPRESENTATION_CONTEXT ( 'NONE', 'WORKASPACE' ) );
#1429 = FACE_OUTER_BOUND ( 'NONE', #1137, .T. ) ;
#1430 = CARTESIAN_POINT ( 'NONE',  ( -0.4000000000000000222, 11.83000000000000007, 8.000000000000000000 ) ) ;
#1431 = VECTOR ( 'NONE', #2170, 1000.000000000000000 ) ;
#1432 = EDGE_CURVE ( 'NONE', #1932, #1817, #440, .T. ) ;
#1433 = VECTOR ( 'NONE', #1471, 1000.000000000000000 ) ;
#1434 = AXIS2_PLACEMENT_3D ( 'NONE', #1930, #511, #1257 ) ;
#1435 = ORIENTED_EDGE ( 'NONE', *, *, #1140, .T. ) ;
#1436 = AXIS2_PLACEMENT_3D ( 'NONE', #16, #195, #858 ) ;
#1437 = PLANE ( 'NONE',  #2293 ) ;
#1438 = CARTESIAN_POINT ( 'NONE',  ( -0.4000000000000000222, 6.750000000000000000, 8.400000000000000355 ) ) ;
#1439 = ORIENTED_EDGE ( 'NONE', *, *, #1586, .F. ) ;
#1440 = LINE ( 'NONE', #18, #418 ) ;
#1441 = CYLINDRICAL_SURFACE ( 'NONE', #356, 0.2500000000000002220 ) ;
#1442 = EDGE_LOOP ( 'NONE', ( #1906, #2120, #682, #2086 ) ) ;
#1443 = DIRECTION ( 'NONE',  ( 0.7071067811865474617, 0.0000000000000000000, -0.7071067811865474617 ) ) ;
#1444 = EDGE_CURVE ( 'NONE', #581, #197, #461, .T. ) ;
#1445 =( LENGTH_UNIT ( ) NAMED_UNIT ( * ) SI_UNIT ( .MILLI., .METRE. ) );
#1446 = EDGE_LOOP ( 'NONE', ( #835, #256, #960, #711 ) ) ;
#1447 = ADVANCED_FACE ( 'NONE', ( #2057 ), #1866, .T. ) ;
#1448 = PRODUCT ( '0AF53708-72C7-4B13-A17E-59C5FA43B0DE', '0AF53708-72C7-4B13-A17E-59C5FA43B0DE', '', ( #226 ) ) ;
#1449 = CARTESIAN_POINT ( 'NONE',  ( -0.2999999999999999889, 0.0000000000000000000, 0.0000000000000000000 ) ) ;
#1450 = FACE_OUTER_BOUND ( 'NONE', #1234, .T. ) ;
#1451 = EDGE_LOOP ( 'NONE', ( #413, #90, #620, #200 ) ) ;
#1452 = CARTESIAN_POINT ( 'NONE',  ( 0.7500000000000000000, 12.69999999999999929, 0.5000000000000000000 ) ) ;
#1453 =( BOUNDED_CURVE ( )  B_SPLINE_CURVE ( 3, ( #1534, #218, #2253, #2240 ),
 .UNSPECIFIED., .F., .T. ) 
 B_SPLINE_CURVE_WITH_KNOTS ( ( 4, 4 ),
 ( 1.570796326794896558, 3.141592653589793116 ),
 .UNSPECIFIED. ) 
 CURVE ( )  GEOMETRIC_REPRESENTATION_ITEM ( )  RATIONAL_B_SPLINE_CURVE ( ( 1.000000000000000000, 0.8047378541243649375, 0.8047378541243649375, 1.000000000000000000 ) ) 
 REPRESENTATION_ITEM ( '' )  );
#1454 = VERTEX_POINT ( 'NONE', #1191 ) ;
#1455 = PLANE ( 'NONE',  #484 ) ;
#1456 = ADVANCED_FACE ( 'NONE', ( #472, #1522, #838, #2273, #1379 ), #2095, .T. ) ;
#1457 = VERTEX_POINT ( 'NONE', #449 ) ;
#1458 = ADVANCED_FACE ( 'NONE', ( #1168 ), #1678, .T. ) ;
#1459 = CARTESIAN_POINT ( 'NONE',  ( -0.8000000000000001554, 3.010000000000000675, 8.400000000000000355 ) ) ;
#1460 = CARTESIAN_POINT ( 'NONE',  ( 0.2999999999999999889, 11.73000000000000043, -3.046446609406725958 ) ) ;
#1461 = ORIENTED_EDGE ( 'NONE', *, *, #2150, .F. ) ;
#1462 = PLANE ( 'NONE',  #270 ) ;
#1463 = ADVANCED_BREP_SHAPE_REPRESENTATION ( '0AF53708-72C7-4B13-A17E-59C5FA43B0DE', ( #1564, #42, #2322, #30, #1598, #1252 ), #1100 ) ;
#1464 = DIRECTION ( 'NONE',  ( 1.000000000000000000, -0.0000000000000000000, 0.0000000000000000000 ) ) ;
#1465 = VERTEX_POINT ( 'NONE', #1512 ) ;
#1466 = DIRECTION ( 'NONE',  ( 0.0000000000000000000, -0.0000000000000000000, 1.000000000000000000 ) ) ;
#1467 = LINE ( 'NONE', #34, #82 ) ;
#1468 = AXIS2_PLACEMENT_3D ( 'NONE', #67, #448, #2264 ) ;
#1469 = VERTEX_POINT ( 'NONE', #283 ) ;
#1470 = AXIS2_PLACEMENT_3D ( 'NONE', #395, #1253, #1297 ) ;
#1471 = DIRECTION ( 'NONE',  ( 0.0000000000000000000, 1.000000000000000000, -0.0000000000000000000 ) ) ;
#1472 = VECTOR ( 'NONE', #1891, 1000.000000000000000 ) ;
#1473 = ADVANCED_FACE ( 'NONE', ( #140 ), #848, .T. ) ;
#1474 = AXIS2_PLACEMENT_3D ( 'NONE', #672, #1530, #1215 ) ;
#1475 = ORIENTED_EDGE ( 'NONE', *, *, #1525, .T. ) ;
#1476 = CARTESIAN_POINT ( 'NONE',  ( -0.7999999999999999334, 8.090000000000003411, 8.400000000000000355 ) ) ;
#1477 = FACE_OUTER_BOUND ( 'NONE', #2112, .T. ) ;
#1478 = ORIENTED_EDGE ( 'NONE', *, *, #1784, .T. ) ;
#1479 = LINE ( 'NONE', #2196, #2141 ) ;
#1480 = FACE_OUTER_BOUND ( 'NONE', #299, .T. ) ;
#1481 = ORIENTED_EDGE ( 'NONE', *, *, #493, .T. ) ;
#1482 = LINE ( 'NONE', #589, #1318 ) ;
#1483 = ORIENTED_EDGE ( 'NONE', *, *, #665, .F. ) ;
#1484 = ADVANCED_FACE ( 'NONE', ( #180 ), #1407, .T. ) ;
#1485 = LINE ( 'NONE', #29, #866 ) ;
#1486 = DIRECTION ( 'NONE',  ( -0.0000000000000000000, -1.000000000000000000, 0.0000000000000000000 ) ) ;
#1487 = ORIENTED_EDGE ( 'NONE', *, *, #1286, .T. ) ;
#1488 = ADVANCED_FACE ( 'NONE', ( #1429 ), #1568, .T. ) ;
#1489 = FILL_AREA_STYLE ('',( #2205 ) ) ;
#1490 = DIRECTION ( 'NONE',  ( -1.000000000000000000, -0.0000000000000000000, -0.0000000000000000000 ) ) ;
#1491 = ORIENTED_EDGE ( 'NONE', *, *, #1722, .F. ) ;
#1492 = DIRECTION ( 'NONE',  ( 0.5773502691896248429, 0.5773502691896261751, -0.5773502691896261751 ) ) ;
#1493 = ORIENTED_EDGE ( 'NONE', *, *, #366, .T. ) ;
#1494 = DIRECTION ( 'NONE',  ( -1.000000000000000000, 0.0000000000000000000, 0.0000000000000000000 ) ) ;
#1495 = ADVANCED_FACE ( 'NONE', ( #1781 ), #2148, .F. ) ;
#1496 = DIRECTION ( 'NONE',  ( 1.000000000000000000, -0.0000000000000000000, 0.0000000000000000000 ) ) ;
#1497 = DIRECTION ( 'NONE',  ( -1.000000000000000000, -0.0000000000000000000, -0.0000000000000000000 ) ) ;
#1498 = DIRECTION ( 'NONE',  ( 0.0000000000000000000, 0.0000000000000000000, 1.000000000000000000 ) ) ;
#1499 = ADVANCED_FACE ( 'NONE', ( #1392 ), #891, .T. ) ;
#1500 = ORIENTED_EDGE ( 'NONE', *, *, #155, .T. ) ;
#1501 = AXIS2_PLACEMENT_3D ( 'NONE', #268, #2226, #2045 ) ;
#1502 = CARTESIAN_POINT ( 'NONE',  ( -0.1964466094067262580, 11.23355339059327740, -3.149999999999999023 ) ) ;
#1503 = VECTOR ( 'NONE', #626, 1000.000000000000000 ) ;
#1504 = CARTESIAN_POINT ( 'NONE',  ( 0.0000000000000000000, 8.589999999999999858, -2.899999999999999467 ) ) ;
#1505 = AXIS2_PLACEMENT_3D ( 'NONE', #1670, #531, #1123 ) ;
#1506 = AXIS2_PLACEMENT_3D ( 'NONE', #2202, #775, #2211 ) ;
#1507 = CARTESIAN_POINT ( 'NONE',  ( 0.2999999999999999889, 11.13000000000000078, 1.053775882719999890 ) ) ;
#1508 = VECTOR ( 'NONE', #661, 1000.000000000000000 ) ;
#1509 = CARTESIAN_POINT ( 'NONE',  ( 0.3999999999999999667, 6.750000000000000000, 0.5000000000000003331 ) ) ;
#1510 = ORIENTED_EDGE ( 'NONE', *, *, #2133, .T. ) ;
#1511 = LINE ( 'NONE', #1928, #749 ) ;
#1512 = CARTESIAN_POINT ( 'NONE',  ( 0.05000000000000000278, 8.839999999999999858, -3.149999999999999911 ) ) ;
#1513 = ORIENTED_EDGE ( 'NONE', *, *, #1623, .F. ) ;
#1514 = ADVANCED_FACE ( 'NONE', ( #539 ), #1040, .F. ) ;
#1515 = APPLICATION_CONTEXT ( 'automotive_design' ) ;
#1516 = ADVANCED_FACE ( 'NONE', ( #861 ), #1917, .T. ) ;
#1517 = DIRECTION ( 'NONE',  ( -0.5773502691896248429, -0.5773502691896261751, -0.5773502691896261751 ) ) ;
#1518 = PRESENTATION_STYLE_ASSIGNMENT (( #2243 ) ) ;
#1519 = DIRECTION ( 'NONE',  ( 0.0000000000000000000, 0.0000000000000000000, 1.000000000000000000 ) ) ;
#1520 = LINE ( 'NONE', #2236, #576 ) ;
#1521 = DIRECTION ( 'NONE',  ( -1.000000000000000000, -0.0000000000000000000, -0.0000000000000000000 ) ) ;
#1522 = FACE_BOUND ( 'NONE', #184, .T. ) ;
#1523 = ORIENTED_EDGE ( 'NONE', *, *, #201, .T. ) ;
#1524 = PLANE ( 'NONE',  #1359 ) ;
#1525 = EDGE_CURVE ( 'NONE', #1969, #601, #1230, .T. ) ;
#1526 = PLANE ( 'NONE',  #1805 ) ;
#1527 = EDGE_CURVE ( 'NONE', #231, #851, #691, .T. ) ;
#1528 = LINE ( 'NONE', #1872, #2066 ) ;
#1529 = DIRECTION ( 'NONE',  ( -0.5773502691896250649, 0.5773502691896261751, 0.5773502691896261751 ) ) ;
#1530 = DIRECTION ( 'NONE',  ( 0.7071067811865475727, -0.0000000000000000000, 0.7071067811865475727 ) ) ;
#1531 = ORIENTED_EDGE ( 'NONE', *, *, #655, .F. ) ;
#1532 = CARTESIAN_POINT ( 'NONE',  ( -0.1964466094067261748, 9.086446609406726438, -3.149999999999999023 ) ) ;
#1533 = ORIENTED_EDGE ( 'NONE', *, *, #1606, .T. ) ;
#1534 = CARTESIAN_POINT ( 'NONE',  ( -0.04999999999999998196, 3.759999999999999343, -3.149999999999999911 ) ) ;
#1535 = ORIENTED_EDGE ( 'NONE', *, *, #2070, .F. ) ;
#1536 = VECTOR ( 'NONE', #2006, 1000.000000000000000 ) ;
#1537 = DIRECTION ( 'NONE',  ( 0.7071067811865474617, 0.0000000000000000000, 0.7071067811865474617 ) ) ;
#1538 = ADVANCED_FACE ( 'NONE', ( #1051 ), #167, .T. ) ;
#1539 = VECTOR ( 'NONE', #1529, 1000.000000000000000 ) ;
#1540 = LINE ( 'NONE', #1874, #3 ) ;
#1541 = VECTOR ( 'NONE', #596, 1000.000000000000000 ) ;
#1542 = LINE ( 'NONE', #1388, #1508 ) ;
#1543 = DIRECTION ( 'NONE',  ( 0.0000000000000000000, -0.0000000000000000000, 1.000000000000000000 ) ) ;
#1544 = CARTESIAN_POINT ( 'NONE',  ( 0.4000000000000000222, 11.02999999999999936, 8.400000000000000355 ) ) ;
#1545 = VECTOR ( 'NONE', #1571, 1000.000000000000000 ) ;
#1546 = ORIENTED_EDGE ( 'NONE', *, *, #1725, .F. ) ;
#1547 = UNCERTAINTY_MEASURE_WITH_UNIT (LENGTH_MEASURE( 1.000000000000000082E-05 ), #1905, 'distance_accuracy_value', 'NONE');
#1548 =( LENGTH_UNIT ( ) NAMED_UNIT ( * ) SI_UNIT ( .MILLI., .METRE. ) );
#1549 = ORIENTED_EDGE ( 'NONE', *, *, #1228, .F. ) ;
#1550 = CARTESIAN_POINT ( 'NONE',  ( -0.2999999999999999889, 6.049999999999999822, 1.053775882719999890 ) ) ;
#1551 = LINE ( 'NONE', #1387, #487 ) ;
#1552 = CARTESIAN_POINT ( 'NONE',  ( -0.2999999999999999889, 8.589999999999999858, 1.053775882719999890 ) ) ;
#1553 = EDGE_CURVE ( 'NONE', #1281, #342, #1203, .T. ) ;
#1554 = VERTEX_POINT ( 'NONE', #702 ) ;
#1555 = CARTESIAN_POINT ( 'NONE',  ( -0.3999999999999998557, 8.490000000000000213, 8.000000000000000000 ) ) ;
#1556 = DIRECTION ( 'NONE',  ( 1.000000000000000000, 0.0000000000000000000, 0.0000000000000000000 ) ) ;
#1557 = EDGE_CURVE ( 'NONE', #516, #2198, #1107, .T. ) ;
#1558 = VERTEX_POINT ( 'NONE', #1030 ) ;
#1559 = ORIENTED_EDGE ( 'NONE', *, *, #766, .F. ) ;
#1560 = CARTESIAN_POINT ( 'NONE',  ( 0.2999999999999999889, 8.589999999999999858, -3.046446609406725958 ) ) ;
#1561 = ORIENTED_EDGE ( 'NONE', *, *, #1929, .T. ) ;
#1562 = DIRECTION ( 'NONE',  ( 0.0000000000000000000, -1.000000000000000000, -0.0000000000000000000 ) ) ;
#1563 = FACE_OUTER_BOUND ( 'NONE', #529, .T. ) ;
#1564 = MANIFOLD_SOLID_BREP ( 'Body.2', #1907 ) ;
#1565 = LINE ( 'NONE', #2069, #1322 ) ;
#1566 = ORIENTED_EDGE ( 'NONE', *, *, #1151, .T. ) ;
#1567 = DIRECTION ( 'NONE',  ( 0.0000000000000000000, -0.7071067811865475727, -0.7071067811865475727 ) ) ;
#1568 = PLANE ( 'NONE',  #2220 ) ;
#1569 = EDGE_LOOP ( 'NONE', ( #1589, #2008, #1171, #1671 ) ) ;
#1570 = FILL_AREA_STYLE_COLOUR ( '', #1279 ) ;
#1571 = DIRECTION ( 'NONE',  ( -1.000000000000000000, -0.0000000000000000000, -0.0000000000000000000 ) ) ;
#1572 = ORIENTED_EDGE ( 'NONE', *, *, #1274, .T. ) ;
#1573 = CARTESIAN_POINT ( 'NONE',  ( 0.4000000000000000222, 14.73200000000000109, 8.000000000000000000 ) ) ;
#1574 = LINE ( 'NONE', #1035, #1316 ) ;
#1575 = CARTESIAN_POINT ( 'NONE',  ( 0.0000000000000000000, 4.110000000000001208, -2.899999999999999911 ) ) ;
#1576 = VERTEX_POINT ( 'NONE', #795 ) ;
#1577 = DIRECTION ( 'NONE',  ( -1.000000000000000000, 0.0000000000000000000, 0.0000000000000000000 ) ) ;
#1578 = CARTESIAN_POINT ( 'NONE',  ( 0.8000000000000000444, 2.540000000000000036, 8.400000000000000355 ) ) ;
#1579 = AXIS2_PLACEMENT_3D ( 'NONE', #1788, #229, #565 ) ;
#1580 = ORIENTED_EDGE ( 'NONE', *, *, #734, .F. ) ;
#1581 = VECTOR ( 'NONE', #628, 1000.000000000000000 ) ;
#1582 = DIRECTION ( 'NONE',  ( -1.000000000000000000, 0.0000000000000000000, 0.0000000000000000000 ) ) ;
#1583 = ADVANCED_FACE ( 'NONE', ( #1736 ), #2234, .F. ) ;
#1584 = ORIENTED_EDGE ( 'NONE', *, *, #725, .T. ) ;
#1585 = CARTESIAN_POINT ( 'NONE',  ( 0.0000000000000000000, 2.540000000000000036, 8.400000000000000355 ) ) ;
#1586 = EDGE_CURVE ( 'NONE', #416, #1826, #1528, .T. ) ;
#1587 = DIRECTION ( 'NONE',  ( 1.000000000000000000, 0.0000000000000000000, 0.0000000000000000000 ) ) ;
#1588 = DIRECTION ( 'NONE',  ( 0.0000000000000000000, -0.0000000000000000000, 1.000000000000000000 ) ) ;
#1589 = ORIENTED_EDGE ( 'NONE', *, *, #520, .T. ) ;
#1590 = CARTESIAN_POINT ( 'NONE',  ( -1.750000000000000000, 11.02999999999999936, 8.000000000000000000 ) ) ;
#1591 = DIRECTION ( 'NONE',  ( 0.7071067811865474617, 0.0000000000000000000, -0.7071067811865474617 ) ) ;
#1592 = DIRECTION ( 'NONE',  ( -1.000000000000000000, 0.0000000000000000000, -0.0000000000000000000 ) ) ;
#1593 = ORIENTED_EDGE ( 'NONE', *, *, #2178, .F. ) ;
#1594 = FILL_AREA_STYLE ('',( #1570 ) ) ;
#1595 = ORIENTED_EDGE ( 'NONE', *, *, #554, .T. ) ;
#1596 = CARTESIAN_POINT ( 'NONE',  ( 0.4000000000000000222, 11.02999999999999936, 8.400000000000000355 ) ) ;
#1597 = DIRECTION ( 'NONE',  ( 0.0000000000000000000, 1.000000000000000000, 0.0000000000000000000 ) ) ;
#1598 = MANIFOLD_SOLID_BREP ( 'Body.2.4', #1720 ) ;
#1599 = EDGE_CURVE ( 'NONE', #2303, #490, #1176, .T. ) ;
#1600 = CARTESIAN_POINT ( 'NONE',  ( -0.4000000000000000222, 9.289999999999999147, 8.400000000000000355 ) ) ;
#1601 = VERTEX_POINT ( 'NONE', #122 ) ;
#1602 = LINE ( 'NONE', #482, #160 ) ;
#1603 = DIRECTION ( 'NONE',  ( 0.0000000000000000000, 1.000000000000000000, 0.0000000000000000000 ) ) ;
#1604 = EDGE_LOOP ( 'NONE', ( #236, #903, #1613, #1289 ) ) ;
#1605 = ORIENTED_EDGE ( 'NONE', *, *, #1037, .F. ) ;
#1606 = EDGE_CURVE ( 'NONE', #1121, #965, #468, .T. ) ;
#1607 = DIRECTION ( 'NONE',  ( 0.0000000000000000000, 1.000000000000000000, 0.0000000000000000000 ) ) ;
#1608 = CARTESIAN_POINT ( 'NONE',  ( 1.750000000000000000, 6.750000000000000000, 8.000000000000000000 ) ) ;
#1609 = ORIENTED_EDGE ( 'NONE', *, *, #1924, .T. ) ;
#1610 = DIRECTION ( 'NONE',  ( 0.0000000000000000000, 1.000000000000000000, 0.0000000000000000000 ) ) ;
#1611 = VECTOR ( 'NONE', #380, 1000.000000000000000 ) ;
#1612 = VECTOR ( 'NONE', #2117, 1000.000000000000000 ) ;
#1613 = ORIENTED_EDGE ( 'NONE', *, *, #993, .T. ) ;
#1614 = PLANE ( 'NONE',  #1314 ) ;
#1615 = VECTOR ( 'NONE', #997, 1000.000000000000114 ) ;
#1616 = AXIS2_PLACEMENT_3D ( 'NONE', #1142, #583, #2225 ) ;
#1617 = VERTEX_POINT ( 'NONE', #135 ) ;
#1618 = VECTOR ( 'NONE', #137, 1000.000000000000000 ) ;
#1619 = CARTESIAN_POINT ( 'NONE',  ( -0.8000000000000000444, 2.540000000000000036, 8.400000000000000355 ) ) ;
#1620 = CARTESIAN_POINT ( 'NONE',  ( 0.0000000000000000000, 11.13000000000000078, 1.053775882719999890 ) ) ;
#1621 = ORIENTED_EDGE ( 'NONE', *, *, #2001, .T. ) ;
#1622 = CARTESIAN_POINT ( 'NONE',  ( 0.4000000000000002998, 3.409999999999998810, 8.000000000000000000 ) ) ;
#1623 = EDGE_CURVE ( 'NONE', #1249, #1121, #1886, .T. ) ;
#1624 = LINE ( 'NONE', #1782, #1018 ) ;
#1625 = EDGE_LOOP ( 'NONE', ( #926, #537, #2088, #1004 ) ) ;
#1626 = CARTESIAN_POINT ( 'NONE',  ( 1.750000000000000000, 4.209999999999999964, 8.000000000000000000 ) ) ;
#1627 = ADVANCED_FACE ( 'NONE', ( #494, #262, #291, #998, #109 ), #1711, .F. ) ;
#1628 = ORIENTED_EDGE ( 'NONE', *, *, #2245, .T. ) ;
#1629 = CARTESIAN_POINT ( 'NONE',  ( 0.0000000000000000000, 11.73000000000000043, -2.899999999999999911 ) ) ;
#1630 = VERTEX_POINT ( 'NONE', #1792 ) ;
#1631 = CARTESIAN_POINT ( 'NONE',  ( 0.0000000000000000000, 11.73000000000000043, -3.149999999999999911 ) ) ;
#1632 = VERTEX_POINT ( 'NONE', #1070 ) ;
#1633 = CARTESIAN_POINT ( 'NONE',  ( 0.4000000000000000222, 8.490000000000000213, 8.400000000000000355 ) ) ;
#1634 = EDGE_CURVE ( 'NONE', #222, #127, #1419, .T. ) ;
#1635 = LINE ( 'NONE', #1776, #1352 ) ;
#1636 = VERTEX_POINT ( 'NONE', #559 ) ;
#1637 = ADVANCED_FACE ( 'NONE', ( #1087 ), #1441, .T. ) ;
#1638 = LINE ( 'NONE', #1986, #1433 ) ;
#1639 = DIRECTION ( 'NONE',  ( -1.000000000000000000, 0.0000000000000000000, -0.0000000000000000000 ) ) ;
#1640 = ORIENTED_EDGE ( 'NONE', *, *, #1651, .T. ) ;
#1641 = LINE ( 'NONE', #55, #716 ) ;
#1642 = LINE ( 'NONE', #2181, #1248 ) ;
#1643 = MECHANICAL_DESIGN_GEOMETRIC_PRESENTATION_REPRESENTATION (  '', ( #972 ), #1428 ) ;
#1644 = ORIENTED_EDGE ( 'NONE', *, *, #444, .F. ) ;
#1645 = LINE ( 'NONE', #923, #1536 ) ;
#1646 = CARTESIAN_POINT ( 'NONE',  ( 0.0000000000000000000, 3.860000000000000764, -3.149999999999999911 ) ) ;
#1647 = AXIS2_PLACEMENT_3D ( 'NONE', #956, #1339, #1712 ) ;
#1648 = EDGE_LOOP ( 'NONE', ( #1195, #2027, #1854, #259 ) ) ;
#1649 = VECTOR ( 'NONE', #707, 1000.000000000000000 ) ;
#1650 = VECTOR ( 'NONE', #1845, 1000.000000000000000 ) ;
#1651 = EDGE_CURVE ( 'NONE', #2163, #441, #1980, .T. ) ;
#1652 = LINE ( 'NONE', #1967, #1283 ) ;
#1653 = VECTOR ( 'NONE', #1768, 1000.000000000000000 ) ;
#1654 = EDGE_CURVE ( 'NONE', #1617, #965, #1822, .T. ) ;
#1655 = VECTOR ( 'NONE', #568, 1000.000000000000000 ) ;
#1656 = ORIENTED_EDGE ( 'NONE', *, *, #224, .F. ) ;
#1657 = CARTESIAN_POINT ( 'NONE',  ( 0.3000000000000000999, 11.13000000000000078, -2.899999999999999911 ) ) ;
#1658 = LINE ( 'NONE', #767, #2068 ) ;
#1659 =( BOUNDED_CURVE ( )  B_SPLINE_CURVE ( 3, ( #31, #2123, #1941, #346 ),
 .UNSPECIFIED., .F., .T. ) 
 B_SPLINE_CURVE_WITH_KNOTS ( ( 4, 4 ),
 ( 4.712388980384689674, 6.283185307179586232 ),
 .UNSPECIFIED. ) 
 CURVE ( )  GEOMETRIC_REPRESENTATION_ITEM ( )  RATIONAL_B_SPLINE_CURVE ( ( 1.000000000000000000, 0.8047378541243649375, 0.8047378541243649375, 1.000000000000000000 ) ) 
 REPRESENTATION_ITEM ( '' )  );
#1660 = ORIENTED_EDGE ( 'NONE', *, *, #1432, .F. ) ;
#1661 = CARTESIAN_POINT ( 'NONE',  ( -0.2999999999999999889, 11.13000000000000078, 1.053775882719999890 ) ) ;
#1662 = LINE ( 'NONE', #577, #1393 ) ;
#1663 = ORIENTED_EDGE ( 'NONE', *, *, #936, .T. ) ;
#1664 = DIRECTION ( 'NONE',  ( 0.0000000000000000000, 0.0000000000000000000, -1.000000000000000000 ) ) ;
#1665 = ORIENTED_EDGE ( 'NONE', *, *, #2228, .T. ) ;
#1666 = CARTESIAN_POINT ( 'NONE',  ( -0.4000000000000008549, 6.750000000000000000, 8.000000000000000000 ) ) ;
#1667 = EDGE_CURVE ( 'NONE', #2075, #100, #912, .T. ) ;
#1668 = CARTESIAN_POINT ( 'NONE',  ( -0.4000000000000000222, 5.950000000000000178, 0.5000000000000003331 ) ) ;
#1669 = PLANE ( 'NONE',  #818 ) ;
#1670 = CARTESIAN_POINT ( 'NONE',  ( 0.0000000000000000000, 11.13000000000000078, 1.053775882719999890 ) ) ;
#1671 = ORIENTED_EDGE ( 'NONE', *, *, #940, .F. ) ;
#1672 = DIRECTION ( 'NONE',  ( 0.0000000000000000000, 1.000000000000000000, 0.0000000000000000000 ) ) ;
#1673 = CARTESIAN_POINT ( 'NONE',  ( -0.4000000000000008549, 4.209999999999999964, 8.000000000000000000 ) ) ;
#1674 = LINE ( 'NONE', #604, #760 ) ;
#1675 = EDGE_CURVE ( 'NONE', #173, #1275, #1624, .T. ) ;
#1676 = EDGE_LOOP ( 'NONE', ( #1410, #1426, #557, #1293 ) ) ;
#1677 = CARTESIAN_POINT ( 'NONE',  ( -0.2999999999999999889, 0.0000000000000000000, 1.053775882719999890 ) ) ;
#1678 = CYLINDRICAL_SURFACE ( 'NONE', #1094, 0.2500000000000002220 ) ;
#1679 = ADVANCED_FACE ( 'NONE', ( #1971 ), #19, .F. ) ;
#1680 = ORIENTED_EDGE ( 'NONE', *, *, #265, .T. ) ;
#1681 = VECTOR ( 'NONE', #1543, 1000.000000000000000 ) ;
#1682 = LINE ( 'NONE', #1810, #1918 ) ;
#1683 = AXIS2_PLACEMENT_3D ( 'NONE', #660, #496, #161 ) ;
#1684 = LINE ( 'NONE', #2199, #452 ) ;
#1685 = VECTOR ( 'NONE', #2197, 1000.000000000000000 ) ;
#1686 = PRESENTATION_LAYER_ASSIGNMENT (  '', '', ( #1839 ) ) ;
#1687 = FACE_OUTER_BOUND ( 'NONE', #2059, .T. ) ;
#1688 = VECTOR ( 'NONE', #303, 1000.000000000000000 ) ;
#1689 = DIRECTION ( 'NONE',  ( -0.0000000000000000000, -0.0000000000000000000, 1.000000000000000000 ) ) ;
#1690 = EDGE_LOOP ( 'NONE', ( #248, #773, #898, #336 ) ) ;
#1691 = DIRECTION ( 'NONE',  ( -0.0000000000000000000, -1.000000000000000000, 0.0000000000000000000 ) ) ;
#1692 = DIRECTION ( 'NONE',  ( -0.0000000000000000000, 1.000000000000000000, 0.0000000000000000000 ) ) ;
#1693 = EDGE_CURVE ( 'NONE', #2207, #1709, #1242, .T. ) ;
#1694 = ORIENTED_EDGE ( 'NONE', *, *, #2231, .T. ) ;
#1695 = EDGE_CURVE ( 'NONE', #1823, #1714, #1659, .T. ) ;
#1696 = CARTESIAN_POINT ( 'NONE',  ( 0.05000000000000000278, 11.48000000000000043, -3.149999999999999911 ) ) ;
#1697 = LINE ( 'NONE', #2049, #825 ) ;
#1698 = FILL_AREA_STYLE ('',( #87 ) ) ;
#1699 = DIRECTION ( 'NONE',  ( 1.000000000000000000, -0.0000000000000000000, 0.0000000000000000000 ) ) ;
#1700 = DIRECTION ( 'NONE',  ( 1.000000000000000000, 0.0000000000000000000, 0.0000000000000000000 ) ) ;
#1701 = EDGE_LOOP ( 'NONE', ( #1244, #1362, #1764, #2139 ) ) ;
#1702 = CARTESIAN_POINT ( 'NONE',  ( -0.4000000000000000222, 9.289999999999999147, 0.5000000000000004441 ) ) ;
#1703 = LINE ( 'NONE', #1335, #2106 ) ;
#1704 = APPLICATION_CONTEXT ( 'automotive_design' ) ;
#1705 = EDGE_CURVE ( 'NONE', #1469, #1156, #1958, .T. ) ;
#1706 = EDGE_LOOP ( 'NONE', ( #1301, #1549, #2152, #471 ) ) ;
#1707 = CARTESIAN_POINT ( 'NONE',  ( -0.3000000000000000999, 11.13000000000000078, -2.899999999999999911 ) ) ;
#1708 = EDGE_CURVE ( 'NONE', #1071, #212, #1053, .T. ) ;
#1709 = VERTEX_POINT ( 'NONE', #361 ) ;
#1710 = CYLINDRICAL_SURFACE ( 'NONE', #2028, 0.2500000000000002220 ) ;
#1711 = PLANE ( 'NONE',  #981 ) ;
#1712 = DIRECTION ( 'NONE',  ( 0.0000000000000000000, 0.7071067811865474617, 0.7071067811865474617 ) ) ;
#1713 = CARTESIAN_POINT ( 'NONE',  ( 0.8000000000000013767, 8.089999999999998082, 8.400000000000000355 ) ) ;
#1714 = VERTEX_POINT ( 'NONE', #400 ) ;
#1715 = LINE ( 'NONE', #1902, #1681 ) ;
#1716 = LINE ( 'NONE', #1155, #757 ) ;
#1717 = VERTEX_POINT ( 'NONE', #419 ) ;
#1718 = DIRECTION ( 'NONE',  ( -0.0000000000000000000, 1.000000000000000000, 0.0000000000000000000 ) ) ;
#1719 = ORIENTED_EDGE ( 'NONE', *, *, #73, .T. ) ;
#1720 = CLOSED_SHELL ( 'NONE', ( #1679, #1974, #242, #319, #36, #348, #624, #1484, #1985, #474 ) ) ;
#1721 = DIRECTION ( 'NONE',  ( -0.0000000000000000000, 0.0000000000000000000, -1.000000000000000000 ) ) ;
#1722 = EDGE_CURVE ( 'NONE', #791, #1469, #247, .T. ) ;
#1723 = CARTESIAN_POINT ( 'NONE',  ( 0.4000000000000000222, 14.73200000000000109, 8.000000000000000000 ) ) ;
#1724 = VECTOR ( 'NONE', #905, 1000.000000000000000 ) ;
#1725 = EDGE_CURVE ( 'NONE', #1717, #1632, #1152, .T. ) ;
#1726 = DIRECTION ( 'NONE',  ( 0.0000000000000000000, 0.0000000000000000000, -1.000000000000000000 ) ) ;
#1727 =( GEOMETRIC_REPRESENTATION_CONTEXT ( 3 ) GLOBAL_UNCERTAINTY_ASSIGNED_CONTEXT ( ( #1172 ) ) GLOBAL_UNIT_ASSIGNED_CONTEXT ( ( #625, #1023, #1374 ) ) REPRESENTATION_CONTEXT ( 'NONE', 'WORKASPACE' ) );
#1728 = ORIENTED_EDGE ( 'NONE', *, *, #254, .T. ) ;
#1729 = DIRECTION ( 'NONE',  ( -1.000000000000000000, -0.0000000000000000000, 0.0000000000000000000 ) ) ;
#1730 = DIRECTION ( 'NONE',  ( -0.0000000000000000000, -1.000000000000000000, -0.0000000000000000000 ) ) ;
#1731 = ORIENTED_EDGE ( 'NONE', *, *, #1864, .F. ) ;
#1732 = VERTEX_POINT ( 'NONE', #1668 ) ;
#1733 = CARTESIAN_POINT ( 'NONE',  ( -0.2999999999999999889, 4.110000000000001208, 1.053775882719999890 ) ) ;
#1734 = EDGE_LOOP ( 'NONE', ( #1656, #550, #142, #304 ) ) ;
#1735 = CARTESIAN_POINT ( 'NONE',  ( 1.750000000000000000, 9.289999999999999147, 8.000000000000000000 ) ) ;
#1736 = FACE_OUTER_BOUND ( 'NONE', #2127, .T. ) ;
#1737 = EDGE_CURVE ( 'NONE', #2055, #1259, #1642, .T. ) ;
#1738 = CARTESIAN_POINT ( 'NONE',  ( -0.2999999999999999889, 8.589999999999999858, 1.053775882719999890 ) ) ;
#1739 = DIRECTION ( 'NONE',  ( 1.000000000000000000, 0.0000000000000000000, 0.0000000000000000000 ) ) ;
#1740 = EDGE_LOOP ( 'NONE', ( #267, #297, #1395, #901 ) ) ;
#1741 = EDGE_CURVE ( 'NONE', #1320, #729, #221, .T. ) ;
#1742 = FACE_OUTER_BOUND ( 'NONE', #1390, .T. ) ;
#1743 = DIRECTION ( 'NONE',  ( 0.5773502691896263972, -0.5773502691896242878, 0.5773502691896266192 ) ) ;
#1744 = ORIENTED_EDGE ( 'NONE', *, *, #1623, .T. ) ;
#1745 = PLANE ( 'NONE',  #240 ) ;
#1746 = EDGE_LOOP ( 'NONE', ( #1055, #2047, #1270, #24 ) ) ;
#1747 = FACE_OUTER_BOUND ( 'NONE', #285, .T. ) ;
#1748 = DIRECTION ( 'NONE',  ( -0.0000000000000000000, -1.000000000000000000, 0.0000000000000000000 ) ) ;
#1749 = PLANE ( 'NONE',  #686 ) ;
#1750 = ORIENTED_EDGE ( 'NONE', *, *, #1929, .F. ) ;
#1751 = CARTESIAN_POINT ( 'NONE',  ( -1.750000000000000000, 5.950000000000000178, 8.000000000000000000 ) ) ;
#1752 = DIRECTION ( 'NONE',  ( 0.0000000000000000000, -0.0000000000000000000, -1.000000000000000000 ) ) ;
#1753 = ADVANCED_FACE ( 'NONE', ( #1477 ), #784, .T. ) ;
#1754 = ORIENTED_EDGE ( 'NONE', *, *, #1340, .F. ) ;
#1755 = ORIENTED_EDGE ( 'NONE', *, *, #734, .T. ) ;
#1756 = EDGE_CURVE ( 'NONE', #1255, #1281, #2022, .T. ) ;
#1757 = CARTESIAN_POINT ( 'NONE',  ( 0.05000000000000000278, 8.839999999999999858, -3.149999999999999911 ) ) ;
#1758 = EDGE_LOOP ( 'NONE', ( #2301, #394, #1345, #130 ) ) ;
#1759 = PLANE ( 'NONE',  #1129 ) ;
#1760 = CARTESIAN_POINT ( 'NONE',  ( -0.3999999999999998557, 11.03000000000000114, 8.000000000000000000 ) ) ;
#1761 = VECTOR ( 'NONE', #823, 1000.000000000000000 ) ;
#1762 = CARTESIAN_POINT ( 'NONE',  ( 0.8000000000000012657, 10.62999999999999901, 8.400000000000000355 ) ) ;
#1763 = VECTOR ( 'NONE', #1729, 1000.000000000000000 ) ;
#1764 = ORIENTED_EDGE ( 'NONE', *, *, #397, .F. ) ;
#1765 = FACE_OUTER_BOUND ( 'NONE', #157, .T. ) ;
#1766 = DIRECTION ( 'NONE',  ( 0.0000000000000000000, -1.000000000000000000, -0.0000000000000000000 ) ) ;
#1767 = VECTOR ( 'NONE', #1330, 1000.000000000000000 ) ;
#1768 = DIRECTION ( 'NONE',  ( -1.000000000000000000, -0.0000000000000000000, -0.0000000000000000000 ) ) ;
#1769 = VERTEX_POINT ( 'NONE', #65 ) ;
#1770 = DIRECTION ( 'NONE',  ( 0.5773502691896248429, 0.5773502691896261751, -0.5773502691896261751 ) ) ;
#1771 = PRESENTATION_LAYER_ASSIGNMENT (  '', '', ( #1063 ) ) ;
#1772 = VECTOR ( 'NONE', #1464, 1000.000000000000000 ) ;
#1773 = CARTESIAN_POINT ( 'NONE',  ( 0.7500000000000000000, 12.69999999999999929, 0.5000000000000000000 ) ) ;
#1774 = VERTEX_POINT ( 'NONE', #1509 ) ;
#1775 = ADVANCED_FACE ( 'NONE', ( #616 ), #56, .T. ) ;
#1776 = CARTESIAN_POINT ( 'NONE',  ( -0.2999999999999999889, 11.13000000000000078, 1.053775882719999890 ) ) ;
#1777 = CARTESIAN_POINT ( 'NONE',  ( -0.4000000000000000222, 8.490000000000000213, 8.400000000000000355 ) ) ;
#1778 = CARTESIAN_POINT ( 'NONE',  ( -0.4000000000000000222, 11.02999999999999936, 0.5000000000000003331 ) ) ;
#1779 = ORIENTED_EDGE ( 'NONE', *, *, #1606, .F. ) ;
#1780 = DIRECTION ( 'NONE',  ( 1.000000000000000000, -0.0000000000000000000, 0.0000000000000000000 ) ) ;
#1781 = FACE_OUTER_BOUND ( 'NONE', #192, .T. ) ;
#1782 = CARTESIAN_POINT ( 'NONE',  ( 0.0000000000000000000, 9.189999999999999503, 1.053775882719999890 ) ) ;
#1783 = SURFACE_SIDE_STYLE ('',( #1919 ) ) ;
#1784 = EDGE_CURVE ( 'NONE', #1769, #1077, #1925, .T. ) ;
#1785 = EDGE_LOOP ( 'NONE', ( #1001, #289, #328, #1313 ) ) ;
#1786 = PLANE ( 'NONE',  #1505 ) ;
#1787 = EDGE_CURVE ( 'NONE', #700, #2055, #234, .T. ) ;
#1788 = CARTESIAN_POINT ( 'NONE',  ( 0.0000000000000000000, 9.189999999999999503, -3.149999999999999911 ) ) ;
#1789 = LINE ( 'NONE', #187, #13 ) ;
#1790 = ORIENTED_EDGE ( 'NONE', *, *, #748, .F. ) ;
#1791 = PLANE ( 'NONE',  #2026 ) ;
#1792 = CARTESIAN_POINT ( 'NONE',  ( -0.4000000000000000222, 11.83000000000000007, 0.5000000000000003331 ) ) ;
#1793 = EDGE_LOOP ( 'NONE', ( #430, #2157, #2296, #1491 ) ) ;
#1794 = ORIENTED_EDGE ( 'NONE', *, *, #462, .T. ) ;
#1795 = ORIENTED_EDGE ( 'NONE', *, *, #287, .F. ) ;
#1796 = CARTESIAN_POINT ( 'NONE',  ( 0.1964466094067261748, 6.153553390593273775, -3.149999999999999023 ) ) ;
#1797 = DIRECTION ( 'NONE',  ( 0.5773502691896256200, -0.5773502691896258421, 0.5773502691896258421 ) ) ;
#1798 = EDGE_LOOP ( 'NONE', ( #1184, #2313, #826, #1342 ) ) ;
#1799 = FACE_OUTER_BOUND ( 'NONE', #1061, .T. ) ;
#1800 = CLOSED_SHELL ( 'NONE', ( #1937, #1627, #1488, #909, #1165, #1111, #316, #53, #447, #1103, #1149, #96, #543, #634, #1180, #333, #1860, #125, #753, #2242, #1538, #1516, #597, #345, #853, #2017, #1583, #1514, #1456, #1942, #2102, #1910, #592, #437, #1183, #1753, #1447, #2263, #175, #1312, #1495, #1138 ) ) ;
#1801 = EDGE_CURVE ( 'NONE', #1632, #416, #1674, .T. ) ;
#1802 = VECTOR ( 'NONE', #2315, 1000.000000000000000 ) ;
#1803 = ORIENTED_EDGE ( 'NONE', *, *, #1811, .T. ) ;
#1804 = LINE ( 'NONE', #237, #307 ) ;
#1805 = AXIS2_PLACEMENT_3D ( 'NONE', #599, #243, #427 ) ;
#1806 = VECTOR ( 'NONE', #2079, 1000.000000000000000 ) ;
#1807 = ORIENTED_EDGE ( 'NONE', *, *, #1041, .T. ) ;
#1808 = AXIS2_PLACEMENT_3D ( 'NONE', #1819, #970, #1639 ) ;
#1809 = FACE_OUTER_BOUND ( 'NONE', #1400, .T. ) ;
#1810 = CARTESIAN_POINT ( 'NONE',  ( 0.2999999999999999889, 0.0000000000000000000, -2.899999999999999911 ) ) ;
#1811 = EDGE_CURVE ( 'NONE', #639, #743, #2013, .T. ) ;
#1812 = ORIENTED_EDGE ( 'NONE', *, *, #2200, .T. ) ;
#1813 = CARTESIAN_POINT ( 'NONE',  ( -0.4000000000000000222, 0.5080000000000000071, 8.000000000000000000 ) ) ;
#1814 = EDGE_CURVE ( 'NONE', #2055, #1630, #2043, .T. ) ;
#1815 = EDGE_LOOP ( 'NONE', ( #114, #1408, #656, #1938 ) ) ;
#1816 = CARTESIAN_POINT ( 'NONE',  ( -0.3000000000000000999, 8.589999999999999858, -2.899999999999999911 ) ) ;
#1817 = VERTEX_POINT ( 'NONE', #264 ) ;
#1818 = CARTESIAN_POINT ( 'NONE',  ( 0.3999999999999997446, 6.749999999999999112, 8.000000000000000000 ) ) ;
#1819 = CARTESIAN_POINT ( 'NONE',  ( 0.0000000000000000000, 11.13000000000000078, 1.053775882719999890 ) ) ;
#1820 = ORIENTED_EDGE ( 'NONE', *, *, #141, .F. ) ;
#1821 = LINE ( 'NONE', #7, #450 ) ;
#1822 =( BOUNDED_CURVE ( )  B_SPLINE_CURVE ( 3, ( #2136, #199, #1231, #1101 ),
 .UNSPECIFIED., .F., .T. ) 
 B_SPLINE_CURVE_WITH_KNOTS ( ( 4, 4 ),
 ( 0.0000000000000000000, 1.570796326794896780 ),
 .UNSPECIFIED. ) 
 CURVE ( )  GEOMETRIC_REPRESENTATION_ITEM ( )  RATIONAL_B_SPLINE_CURVE ( ( 1.000000000000000000, 0.8047378541243649375, 0.8047378541243649375, 1.000000000000000000 ) ) 
 REPRESENTATION_ITEM ( '' )  );
#1823 = VERTEX_POINT ( 'NONE', #946 ) ;
#1824 = DIRECTION ( 'NONE',  ( 0.0000000000000000000, 1.000000000000000000, 0.0000000000000000000 ) ) ;
#1825 = EDGE_CURVE ( 'NONE', #1732, #1255, #976, .T. ) ;
#1826 = VERTEX_POINT ( 'NONE', #1120 ) ;
#1827 = EDGE_CURVE ( 'NONE', #408, #342, #1831, .T. ) ;
#1828 = CARTESIAN_POINT ( 'NONE',  ( -0.3000000000000000999, 6.049999999999999822, -2.899999999999999911 ) ) ;
#1829 = EDGE_LOOP ( 'NONE', ( #1327, #1728, #955, #337 ) ) ;
#1830 = CARTESIAN_POINT ( 'NONE',  ( 0.2999999999999999889, 11.13000000000000078, 1.053775882719999890 ) ) ;
#1831 = LINE ( 'NONE', #573, #86 ) ;
#1832 = ORIENTED_EDGE ( 'NONE', *, *, #2228, .F. ) ;
#1833 = DIRECTION ( 'NONE',  ( 0.0000000000000000000, 0.7071067811865474617, -0.7071067811865474617 ) ) ;
#1834 = CARTESIAN_POINT ( 'NONE',  ( -0.04999999999999998196, 6.299999999999999822, -3.149999999999999911 ) ) ;
#1835 = VECTOR ( 'NONE', #1375, 1000.000000000000000 ) ;
#1836 = EDGE_CURVE ( 'NONE', #631, #829, #1658, .T. ) ;
#1837 = ORIENTED_EDGE ( 'NONE', *, *, #1228, .T. ) ;
#1838 = VECTOR ( 'NONE', #1128, 1000.000000000000000 ) ;
#1839 = STYLED_ITEM ( 'NONE', ( #1911 ), #1564 ) ;
#1840 = ADVANCED_FACE ( 'NONE', ( #593 ), #1308, .T. ) ;
#1841 = FACE_OUTER_BOUND ( 'NONE', #1451, .T. ) ;
#1842 = PRESENTATION_LAYER_ASSIGNMENT (  '', '', ( #578 ) ) ;
#1843 = ORIENTED_EDGE ( 'NONE', *, *, #1852, .F. ) ;
#1844 = DIRECTION ( 'NONE',  ( 1.000000000000000000, 0.0000000000000000000, 0.0000000000000000000 ) ) ;
#1845 = DIRECTION ( 'NONE',  ( 1.000000000000000000, -0.0000000000000000000, 0.0000000000000000000 ) ) ;
#1846 = ORIENTED_EDGE ( 'NONE', *, *, #1006, .T. ) ;
#1847 = CARTESIAN_POINT ( 'NONE',  ( 0.0000000000000000000, 11.48000000000000043, -3.149999999999999911 ) ) ;
#1848 = ORIENTED_EDGE ( 'NONE', *, *, #1825, .T. ) ;
#1849 = CARTESIAN_POINT ( 'NONE',  ( 0.05000000000000000278, 6.400000000000000355, -3.149999999999999911 ) ) ;
#1850 = EDGE_CURVE ( 'NONE', #1823, #1077, #1565, .T. ) ;
#1851 = PLANE ( 'NONE',  #116 ) ;
#1852 = EDGE_CURVE ( 'NONE', #2311, #2163, #2280, .T. ) ;
#1853 = DIRECTION ( 'NONE',  ( 0.0000000000000000000, 0.0000000000000000000, 1.000000000000000000 ) ) ;
#1854 = ORIENTED_EDGE ( 'NONE', *, *, #2085, .F. ) ;
#1855 = LINE ( 'NONE', #808, #2099 ) ;
#1856 = CARTESIAN_POINT ( 'NONE',  ( -0.1964466094067261748, 11.62644660940672914, -3.149999999999999023 ) ) ;
#1857 = ORIENTED_EDGE ( 'NONE', *, *, #1827, .T. ) ;
#1858 = DIRECTION ( 'NONE',  ( 1.000000000000000000, 0.0000000000000000000, 0.0000000000000000000 ) ) ;
#1859 = CARTESIAN_POINT ( 'NONE',  ( -0.04999999999999998196, 6.400000000000000355, -3.149999999999999911 ) ) ;
#1860 = ADVANCED_FACE ( 'NONE', ( #2270 ), #459, .T. ) ;
#1861 = LINE ( 'NONE', #1507, #1869 ) ;
#1862 = DIRECTION ( 'NONE',  ( -0.0000000000000000000, 1.000000000000000000, 0.0000000000000000000 ) ) ;
#1863 = ORIENTED_EDGE ( 'NONE', *, *, #1557, .T. ) ;
#1864 = EDGE_CURVE ( 'NONE', #889, #581, #1542, .T. ) ;
#1865 = CARTESIAN_POINT ( 'NONE',  ( 0.7999999999999997113, 4.609999999999996767, 8.400000000000000355 ) ) ;
#1866 = PLANE ( 'NONE',  #1358 ) ;
#1867 = ORIENTED_EDGE ( 'NONE', *, *, #244, .F. ) ;
#1868 = CARTESIAN_POINT ( 'NONE',  ( 0.3000000000000000999, 11.73000000000000043, -2.899999999999999911 ) ) ;
#1869 = VECTOR ( 'NONE', #2224, 1000.000000000000000 ) ;
#1870 = LINE ( 'NONE', #2019, #785 ) ;
#1871 = AXIS2_PLACEMENT_3D ( 'NONE', #1735, #146, #2268 ) ;
#1872 = CARTESIAN_POINT ( 'NONE',  ( 0.4000000000000000222, 3.410000000000000142, 8.000000000000000000 ) ) ;
#1873 = VECTOR ( 'NONE', #2090, 1000.000000000000000 ) ;
#1874 = CARTESIAN_POINT ( 'NONE',  ( 0.0000000000000000000, 12.69999999999999929, 8.400000000000000355 ) ) ;
#1875 = AXIS2_PLACEMENT_3D ( 'NONE', #1620, #1273, #1414 ) ;
#1876 = EDGE_CURVE ( 'NONE', #601, #1558, #126, .T. ) ;
#1877 = LINE ( 'NONE', #1914, #1581 ) ;
#1878 = PLANE ( 'NONE',  #676 ) ;
#1879 =( GEOMETRIC_REPRESENTATION_CONTEXT ( 3 ) GLOBAL_UNCERTAINTY_ASSIGNED_CONTEXT ( ( #464 ) ) GLOBAL_UNIT_ASSIGNED_CONTEXT ( ( #1445, #2156, #1247 ) ) REPRESENTATION_CONTEXT ( 'NONE', 'WORKASPACE' ) );
#1880 = DIRECTION ( 'NONE',  ( 0.0000000000000000000, 0.0000000000000000000, 1.000000000000000000 ) ) ;
#1881 = ADVANCED_FACE ( 'NONE', ( #2105 ), #845, .T. ) ;
#1882 = EDGE_LOOP ( 'NONE', ( #1944, #50, #544, #662 ) ) ;
#1883 = CARTESIAN_POINT ( 'NONE',  ( 0.0000000000000000000, 11.73000000000000043, -3.149999999999999911 ) ) ;
#1884 = ORIENTED_EDGE ( 'NONE', *, *, #1814, .F. ) ;
#1885 = CARTESIAN_POINT ( 'NONE',  ( 0.3999999999999999667, 12.69999999999999929, 0.5000000000000000000 ) ) ;
#1886 = LINE ( 'NONE', #670, #684 ) ;
#1887 = CARTESIAN_POINT ( 'NONE',  ( 0.8000000000000014877, 3.009999999999996234, 8.400000000000000355 ) ) ;
#1888 = DIRECTION ( 'NONE',  ( 0.0000000000000000000, -1.000000000000000000, -0.0000000000000000000 ) ) ;
#1889 = ORIENTED_EDGE ( 'NONE', *, *, #698, .T. ) ;
#1890 = CARTESIAN_POINT ( 'NONE',  ( 0.7500000000000000000, 12.69999999999999929, -5.831485763410000748E-15 ) ) ;
#1891 = DIRECTION ( 'NONE',  ( -0.0000000000000000000, -1.000000000000000000, 0.0000000000000000000 ) ) ;
#1892 = EDGE_LOOP ( 'NONE', ( #570, #381, #1812, #486 ) ) ;
#1893 = CARTESIAN_POINT ( 'NONE',  ( 0.05000000000000000278, 11.48000000000000043, -3.149999999999999911 ) ) ;
#1894 =( BOUNDED_CURVE ( )  B_SPLINE_CURVE ( 3, ( #1707, #752, #1502, #2221 ),
 .UNSPECIFIED., .F., .T. ) 
 B_SPLINE_CURVE_WITH_KNOTS ( ( 4, 4 ),
 ( 3.141592653589793116, 4.712388980384689674 ),
 .UNSPECIFIED. ) 
 CURVE ( )  GEOMETRIC_REPRESENTATION_ITEM ( )  RATIONAL_B_SPLINE_CURVE ( ( 1.000000000000000000, 0.8047378541243649375, 0.8047378541243649375, 1.000000000000000000 ) ) 
 REPRESENTATION_ITEM ( '' )  );
#1895 = ORIENTED_EDGE ( 'NONE', *, *, #80, .T. ) ;
#1896 = EDGE_CURVE ( 'NONE', #1457, #1071, #293, .T. ) ;
#1897 = PLANE ( 'NONE',  #235 ) ;
#1898 = CARTESIAN_POINT ( 'NONE',  ( -0.1964466094067261748, 4.006446609406726367, -3.149999999999999023 ) ) ;
#1899 = DIRECTION ( 'NONE',  ( -0.7071067811865475727, 0.0000000000000000000, 0.7071067811865475727 ) ) ;
#1900 = DIRECTION ( 'NONE',  ( 0.0000000000000000000, 0.0000000000000000000, -1.000000000000000000 ) ) ;
#1901 = VERTEX_POINT ( 'NONE', #1552 ) ;
#1902 = CARTESIAN_POINT ( 'NONE',  ( -0.4000000000000000222, 11.83000000000000007, 8.400000000000000355 ) ) ;
#1903 = DIRECTION ( 'NONE',  ( -1.000000000000000000, -0.0000000000000000000, -0.0000000000000000000 ) ) ;
#1904 = ORIENTED_EDGE ( 'NONE', *, *, #1370, .T. ) ;
#1905 =( LENGTH_UNIT ( ) NAMED_UNIT ( * ) SI_UNIT ( .MILLI., .METRE. ) );
#1906 = ORIENTED_EDGE ( 'NONE', *, *, #1041, .F. ) ;
#1907 = CLOSED_SHELL ( 'NONE', ( #1473, #1169, #865, #2219, #1881, #2129, #1458, #1499, #152, #975 ) ) ;
#1908 = FACE_OUTER_BOUND ( 'NONE', #1201, .T. ) ;
#1909 = VECTOR ( 'NONE', #671, 1000.000000000000000 ) ;
#1910 = ADVANCED_FACE ( 'NONE', ( #470 ), #111, .T. ) ;
#1911 = PRESENTATION_STYLE_ASSIGNMENT (( #1186 ) ) ;
#1912 = CARTESIAN_POINT ( 'NONE',  ( -0.05000000000000000278, 8.839999999999999858, -3.149999999999999911 ) ) ;
#1913 = VECTOR ( 'NONE', #1185, 1000.000000000000000 ) ;
#1914 = CARTESIAN_POINT ( 'NONE',  ( 0.4000000000000000222, 11.02999999999999936, 8.000000000000000000 ) ) ;
#1915 = ORIENTED_EDGE ( 'NONE', *, *, #954, .F. ) ;
#1916 = LINE ( 'NONE', #322, #41 ) ;
#1917 = PLANE ( 'NONE',  #274 ) ;
#1918 = VECTOR ( 'NONE', #1157, 1000.000000000000000 ) ;
#1919 = SURFACE_STYLE_FILL_AREA ( #1594 ) ;
#1920 = ORIENTED_EDGE ( 'NONE', *, *, #426, .F. ) ;
#1921 = PLANE ( 'NONE',  #681 ) ;
#1922 = PRODUCT_DEFINITION ( 'UNKNOWN', '', #2155, #2060 ) ;
#1923 = CARTESIAN_POINT ( 'NONE',  ( -0.4000000000000000222, 12.69999999999999929, 0.5000000000000000000 ) ) ;
#1924 = EDGE_CURVE ( 'NONE', #514, #219, #1877, .T. ) ;
#1925 =( BOUNDED_CURVE ( )  B_SPLINE_CURVE ( 3, ( #255, #758, #1323, #932 ),
 .UNSPECIFIED., .F., .T. ) 
 B_SPLINE_CURVE_WITH_KNOTS ( ( 4, 4 ),
 ( 0.0000000000000000000, 1.570796326794896780 ),
 .UNSPECIFIED. ) 
 CURVE ( )  GEOMETRIC_REPRESENTATION_ITEM ( )  RATIONAL_B_SPLINE_CURVE ( ( 1.000000000000000000, 0.8047378541243649375, 0.8047378541243649375, 1.000000000000000000 ) ) 
 REPRESENTATION_ITEM ( '' )  );
#1926 = DIRECTION ( 'NONE',  ( 1.000000000000000000, 0.0000000000000000000, 0.0000000000000000000 ) ) ;
#1927 = EDGE_LOOP ( 'NONE', ( #588, #839, #433, #1884 ) ) ;
#1928 = CARTESIAN_POINT ( 'NONE',  ( 0.0000000000000000000, 2.540000000000000480, -5.831485763410000748E-15 ) ) ;
#1929 = EDGE_CURVE ( 'NONE', #729, #60, #637, .T. ) ;
#1930 = CARTESIAN_POINT ( 'NONE',  ( 0.0000000000000000000, 12.69999999999999929, -5.831485763410000748E-15 ) ) ;
#1931 = ORIENTED_EDGE ( 'NONE', *, *, #2070, .T. ) ;
#1932 = VERTEX_POINT ( 'NONE', #2092 ) ;
#1933 = ORIENTED_EDGE ( 'NONE', *, *, #426, .T. ) ;
#1934 = PLANE ( 'NONE',  #1871 ) ;
#1935 = LINE ( 'NONE', #1777, #1909 ) ;
#1936 = CYLINDRICAL_SURFACE ( 'NONE', #983, 0.2500000000000002220 ) ;
#1937 = ADVANCED_FACE ( 'NONE', ( #2262 ), #99, .F. ) ;
#1938 = ORIENTED_EDGE ( 'NONE', *, *, #1083, .F. ) ;
#1939 = DIRECTION ( 'NONE',  ( 1.000000000000000000, 0.0000000000000000000, 0.0000000000000000000 ) ) ;
#1940 = DIRECTION ( 'NONE',  ( 0.0000000000000000000, -0.0000000000000000000, 1.000000000000000000 ) ) ;
#1941 = CARTESIAN_POINT ( 'NONE',  ( 0.2999999999999999889, 3.509999999999999343, -3.046446609406725958 ) ) ;
#1942 = ADVANCED_FACE ( 'NONE', ( #1188 ), #1749, .F. ) ;
#1943 = EDGE_LOOP ( 'NONE', ( #428, #1744, #145, #106 ) ) ;
#1944 = ORIENTED_EDGE ( 'NONE', *, *, #476, .F. ) ;
#1945 = CARTESIAN_POINT ( 'NONE',  ( 0.3999999999999999667, 4.209999999999999964, 0.5000000000000003331 ) ) ;
#1946 = ORIENTED_EDGE ( 'NONE', *, *, #2166, .F. ) ;
#1947 = LINE ( 'NONE', #1022, #1913 ) ;
#1948 = AXIS2_PLACEMENT_3D ( 'NONE', #1626, #21, #2173 ) ;
#1949 = CARTESIAN_POINT ( 'NONE',  ( -0.7500000000000000000, 2.540000000000000480, -2.769322388690903636E-15 ) ) ;
#1950 = VECTOR ( 'NONE', #417, 1000.000000000000000 ) ;
#1951 = DIRECTION ( 'NONE',  ( 0.0000000000000000000, 0.0000000000000000000, -1.000000000000000000 ) ) ;
#1952 = VECTOR ( 'NONE', #1903, 1000.000000000000000 ) ;
#1953 = ORIENTED_EDGE ( 'NONE', *, *, #1553, .F. ) ;
#1954 = DIRECTION ( 'NONE',  ( -0.0000000000000000000, -1.000000000000000000, -0.0000000000000000000 ) ) ;
#1955 = DIRECTION ( 'NONE',  ( 0.0000000000000000000, 1.000000000000000000, 0.0000000000000000000 ) ) ;
#1956 = EDGE_CURVE ( 'NONE', #421, #441, #1520, .T. ) ;
#1957 = VECTOR ( 'NONE', #1496, 1000.000000000000000 ) ;
#1958 = LINE ( 'NONE', #169, #609 ) ;
#1959 = EDGE_LOOP ( 'NONE', ( #553, #1857, #1953, #1846 ) ) ;
#1960 = EDGE_LOOP ( 'NONE', ( #1045, #574, #251, #995 ) ) ;
#1961 = VECTOR ( 'NONE', #1382, 1000.000000000000000 ) ;
#1962 = EDGE_CURVE ( 'NONE', #370, #212, #1010, .T. ) ;
#1963 = AXIS2_PLACEMENT_3D ( 'NONE', #1178, #1739, #1900 ) ;
#1964 = APPLICATION_PROTOCOL_DEFINITION ( 'draft international standard', 'automotive_design', 1998, #1515 ) ;
#1965 = ORIENTED_EDGE ( 'NONE', *, *, #554, .F. ) ;
#1966 = FACE_OUTER_BOUND ( 'NONE', #611, .T. ) ;
#1967 = CARTESIAN_POINT ( 'NONE',  ( 1.250000000000000000, 0.0000000000000000000, -1.776356839400000199E-15 ) ) ;
#1968 = CARTESIAN_POINT ( 'NONE',  ( 0.0000000000000000000, 6.299999999999999822, -2.899999999999999911 ) ) ;
#1969 = VERTEX_POINT ( 'NONE', #1713 ) ;
#1970 = DIRECTION ( 'NONE',  ( 0.0000000000000000000, 0.0000000000000000000, -1.000000000000000000 ) ) ;
#1971 = FACE_OUTER_BOUND ( 'NONE', #1882, .T. ) ;
#1972 = ORIENTED_EDGE ( 'NONE', *, *, #685, .F. ) ;
#1973 = SURFACE_STYLE_USAGE ( .BOTH. , #1783 ) ;
#1974 = ADVANCED_FACE ( 'NONE', ( #1199 ), #1163, .T. ) ;
#1975 = EDGE_LOOP ( 'NONE', ( #2188, #1232, #584, #205 ) ) ;
#1976 = ADVANCED_FACE ( 'NONE', ( #650 ), #728, .F. ) ;
#1977 = PLANE ( 'NONE',  #1436 ) ;
#1978 = EDGE_LOOP ( 'NONE', ( #485, #1931, #2082, #1143 ) ) ;
#1979 =( BOUNDED_CURVE ( )  B_SPLINE_CURVE ( 3, ( #1059, #156, #868, #475 ),
 .UNSPECIFIED., .F., .T. ) 
 B_SPLINE_CURVE_WITH_KNOTS ( ( 4, 4 ),
 ( 4.712388980384689674, 6.283185307179586232 ),
 .UNSPECIFIED. ) 
 CURVE ( )  GEOMETRIC_REPRESENTATION_ITEM ( )  RATIONAL_B_SPLINE_CURVE ( ( 1.000000000000000000, 0.8047378541243649375, 0.8047378541243649375, 1.000000000000000000 ) ) 
 REPRESENTATION_ITEM ( '' )  );
#1980 = LINE ( 'NONE', #714, #8 ) ;
#1981 = EDGE_LOOP ( 'NONE', ( #1863, #764, #689, #2165 ) ) ;
#1982 = DIRECTION ( 'NONE',  ( 0.0000000000000000000, -0.0000000000000000000, 1.000000000000000000 ) ) ;
#1983 = PRESENTATION_STYLE_ASSIGNMENT (( #1280 ) ) ;
#1984 = ORIENTED_EDGE ( 'NONE', *, *, #284, .T. ) ;
#1985 = ADVANCED_FACE ( 'NONE', ( #1048 ), #710, .T. ) ;
#1986 = CARTESIAN_POINT ( 'NONE',  ( 0.4000000000000000222, 11.02999999999999936, 8.000000000000000000 ) ) ;
#1987 = ADVANCED_FACE ( 'NONE', ( #1450 ), #1977, .F. ) ;
#1988 = CARTESIAN_POINT ( 'NONE',  ( 0.2999999999999999889, 0.0000000000000000000, 0.0000000000000000000 ) ) ;
#1989 = EDGE_LOOP ( 'NONE', ( #1016, #1566, #1584, #1755 ) ) ;
#1990 = FACE_OUTER_BOUND ( 'NONE', #93, .T. ) ;
#1991 = VECTOR ( 'NONE', #431, 1000.000000000000000 ) ;
#1992 = DIRECTION ( 'NONE',  ( 0.0000000000000000000, 0.0000000000000000000, -1.000000000000000000 ) ) ;
#1993 = VECTOR ( 'NONE', #1141, 1000.000000000000000 ) ;
#1994 = ORIENTED_EDGE ( 'NONE', *, *, #849, .F. ) ;
#1995 = SURFACE_STYLE_FILL_AREA ( #1489 ) ;
#1996 = VECTOR ( 'NONE', #2256, 1000.000000000000000 ) ;
#1997 = ORIENTED_EDGE ( 'NONE', *, *, #1329, .F. ) ;
#1998 = CARTESIAN_POINT ( 'NONE',  ( -0.2999999999999999889, 0.0000000000000000000, -2.899999999999999911 ) ) ;
#1999 = DIRECTION ( 'NONE',  ( 0.0000000000000000000, 0.0000000000000000000, -1.000000000000000000 ) ) ;
#2000 = VERTEX_POINT ( 'NONE', #1762 ) ;
#2001 = EDGE_CURVE ( 'NONE', #2132, #309, #907, .T. ) ;
#2002 = FACE_OUTER_BOUND ( 'NONE', #706, .T. ) ;
#2003 = CARTESIAN_POINT ( 'NONE',  ( 0.4000000000000000222, 5.950000000000000178, 8.400000000000000355 ) ) ;
#2004 = EDGE_LOOP ( 'NONE', ( #1481, #2010, #720, #374 ) ) ;
#2005 = EDGE_CURVE ( 'NONE', #127, #1630, #163, .T. ) ;
#2006 = DIRECTION ( 'NONE',  ( -0.0000000000000000000, -0.0000000000000000000, 1.000000000000000000 ) ) ;
#2007 = CARTESIAN_POINT ( 'NONE',  ( -0.7500000000000000000, 12.69999999999999929, 0.0000000000000000000 ) ) ;
#2008 = ORIENTED_EDGE ( 'NONE', *, *, #1355, .T. ) ;
#2009 = PLANE ( 'NONE',  #2218 ) ;
#2010 = ORIENTED_EDGE ( 'NONE', *, *, #1214, .F. ) ;
#2011 = DIRECTION ( 'NONE',  ( 0.0000000000000000000, 0.0000000000000000000, -1.000000000000000000 ) ) ;
#2012 = EDGE_CURVE ( 'NONE', #516, #2303, #556, .T. ) ;
#2013 = LINE ( 'NONE', #1332, #945 ) ;
#2014 = ORIENTED_EDGE ( 'NONE', *, *, #1801, .F. ) ;
#2015 = DIRECTION ( 'NONE',  ( 0.7071067811865475727, -0.0000000000000000000, 0.7071067811865475727 ) ) ;
#2016 = DIRECTION ( 'NONE',  ( -0.0000000000000000000, 0.0000000000000000000, 1.000000000000000000 ) ) ;
#2017 = ADVANCED_FACE ( 'NONE', ( #875 ), #1095, .F. ) ;
#2018 = EDGE_LOOP ( 'NONE', ( #170, #379, #332, #732 ) ) ;
#2019 = CARTESIAN_POINT ( 'NONE',  ( 0.0000000000000000000, 11.38000000000000078, -3.149999999999999911 ) ) ;
#2020 = ORIENTED_EDGE ( 'NONE', *, *, #883, .T. ) ;
#2021 = CARTESIAN_POINT ( 'NONE',  ( -0.4000000000000000222, 11.83000000000000007, 8.400000000000000355 ) ) ;
#2022 = LINE ( 'NONE', #2003, #239 ) ;
#2023 = VECTOR ( 'NONE', #1770, 1000.000000000000114 ) ;
#2024 = EDGE_LOOP ( 'NONE', ( #957, #771, #45, #1394 ) ) ;
#2025 = CARTESIAN_POINT ( 'NONE',  ( 0.05000000000000000278, 11.42999999999999972, -2.899999999999999911 ) ) ;
#2026 = AXIS2_PLACEMENT_3D ( 'NONE', #1631, #765, #40 ) ;
#2027 = ORIENTED_EDGE ( 'NONE', *, *, #2150, .T. ) ;
#2028 = AXIS2_PLACEMENT_3D ( 'NONE', #961, #772, #1664 ) ;
#2029 = EDGE_CURVE ( 'NONE', #1769, #516, #148, .T. ) ;
#2030 = LINE ( 'NONE', #1885, #196 ) ;
#2031 = AXIS2_PLACEMENT_3D ( 'NONE', #1376, #1926, #1366 ) ;
#2032 = VERTEX_POINT ( 'NONE', #2294 ) ;
#2033 = CARTESIAN_POINT ( 'NONE',  ( 0.0000000000000000000, 12.23000000000000043, 8.400000000000000355 ) ) ;
#2034 = CARTESIAN_POINT ( 'NONE',  ( 0.4000000000000000222, 3.410000000000000142, 0.5000000000000004441 ) ) ;
#2035 = ORIENTED_EDGE ( 'NONE', *, *, #80, .F. ) ;
#2036 = DIRECTION ( 'NONE',  ( 0.0000000000000000000, -1.000000000000000000, 0.0000000000000000000 ) ) ;
#2037 = LINE ( 'NONE', #2185, #2065 ) ;
#2038 = VERTEX_POINT ( 'NONE', #507 ) ;
#2039 = ADVANCED_FACE ( 'NONE', ( #688 ), #1936, .T. ) ;
#2040 = LINE ( 'NONE', #1158, #642 ) ;
#2041 = EDGE_CURVE ( 'NONE', #1601, #914, #1404, .T. ) ;
#2042 = CARTESIAN_POINT ( 'NONE',  ( -0.2999999999999999889, 6.049999999999999822, 0.0000000000000000000 ) ) ;
#2043 = LINE ( 'NONE', #438, #610 ) ;
#2044 = ORIENTED_EDGE ( 'NONE', *, *, #1413, .T. ) ;
#2045 = DIRECTION ( 'NONE',  ( 0.0000000000000000000, 0.0000000000000000000, 1.000000000000000000 ) ) ;
#2046 = CARTESIAN_POINT ( 'NONE',  ( 0.3000000000000000999, 9.189999999999999503, -2.899999999999999911 ) ) ;
#2047 = ORIENTED_EDGE ( 'NONE', *, *, #2041, .T. ) ;
#2048 = CARTESIAN_POINT ( 'NONE',  ( -0.4000000000000000222, 3.409999999999999698, 8.400000000000000355 ) ) ;
#2049 = CARTESIAN_POINT ( 'NONE',  ( -0.4000000000000000222, 11.83000000000000007, 8.000000000000000000 ) ) ;
#2050 = EDGE_CURVE ( 'NONE', #466, #11, #699, .T. ) ;
#2051 =( LENGTH_UNIT ( ) NAMED_UNIT ( * ) SI_UNIT ( .MILLI., .METRE. ) );
#2052 = CARTESIAN_POINT ( 'NONE',  ( -0.4000000000000001887, 11.83000000000000007, 8.000000000000000000 ) ) ;
#2053 = EDGE_CURVE ( 'NONE', #2209, #347, #1066, .T. ) ;
#2054 = DIRECTION ( 'NONE',  ( 0.0000000000000000000, 0.0000000000000000000, -1.000000000000000000 ) ) ;
#2055 = VERTEX_POINT ( 'NONE', #1778 ) ;
#2056 = CARTESIAN_POINT ( 'NONE',  ( -0.4000000000000000222, 4.209999999999999964, 0.5000000000000004441 ) ) ;
#2057 = FACE_OUTER_BOUND ( 'NONE', #1383, .T. ) ;
#2058 = CLOSED_SHELL ( 'NONE', ( #832, #1637, #1987, #1976, #962, #1241, #296, #210, #913, #815 ) ) ;
#2059 = EDGE_LOOP ( 'NONE', ( #1895, #1609, #810, #1915 ) ) ;
#2060 = PRODUCT_DEFINITION_CONTEXT ( 'detailed design', #1704, 'design' ) ;
#2061 = VECTOR ( 'NONE', #1780, 1000.000000000000000 ) ;
#2062 = LINE ( 'NONE', #1421, #648 ) ;
#2063 = AXIS2_PLACEMENT_3D ( 'NONE', #358, #2108, #538 ) ;
#2064 = LINE ( 'NONE', #614, #1015 ) ;
#2065 = VECTOR ( 'NONE', #174, 1000.000000000000000 ) ;
#2066 = VECTOR ( 'NONE', #1007, 1000.000000000000000 ) ;
#2067 = LINE ( 'NONE', #506, #384 ) ;
#2068 = VECTOR ( 'NONE', #1486, 1000.000000000000000 ) ;
#2069 = CARTESIAN_POINT ( 'NONE',  ( 0.05000000000000000278, 11.73000000000000043, -3.149999999999999911 ) ) ;
#2070 = EDGE_CURVE ( 'NONE', #639, #726, #177, .T. ) ;
#2071 = EDGE_LOOP ( 'NONE', ( #1216, #952, #425, #54 ) ) ;
#2072 = FACE_OUTER_BOUND ( 'NONE', #1690, .T. ) ;
#2073 = CARTESIAN_POINT ( 'NONE',  ( 0.2999999999999999889, 9.189999999999999503, -3.046446609406725958 ) ) ;
#2074 = EDGE_CURVE ( 'NONE', #1932, #736, #2144, .T. ) ;
#2075 = VERTEX_POINT ( 'NONE', #369 ) ;
#2076 = DIRECTION ( 'NONE',  ( 1.000000000000000000, -0.0000000000000000000, 0.0000000000000000000 ) ) ;
#2077 = VERTEX_POINT ( 'NONE', #546 ) ;
#2078 = CARTESIAN_POINT ( 'NONE',  ( -1.250000000000000000, 0.0000000000000000000, 8.400000000000000355 ) ) ;
#2079 = DIRECTION ( 'NONE',  ( 1.000000000000000000, -0.0000000000000000000, 0.0000000000000000000 ) ) ;
#2080 = CARTESIAN_POINT ( 'NONE',  ( -0.2999999999999999889, 11.72999999999999865, 1.053775882719999890 ) ) ;
#2081 = CARTESIAN_POINT ( 'NONE',  ( 0.2999999999999999889, 0.0000000000000000000, 0.0000000000000000000 ) ) ;
#2082 = ORIENTED_EDGE ( 'NONE', *, *, #613, .F. ) ;
#2083 = LINE ( 'NONE', #2056, #382 ) ;
#2084 = DIRECTION ( 'NONE',  ( 0.0000000000000000000, 0.0000000000000000000, 1.000000000000000000 ) ) ;
#2085 = EDGE_CURVE ( 'NONE', #514, #1969, #1789, .T. ) ;
#2086 = ORIENTED_EDGE ( 'NONE', *, *, #800, .F. ) ;
#2087 = EDGE_CURVE ( 'NONE', #933, #2075, #897, .T. ) ;
#2088 = ORIENTED_EDGE ( 'NONE', *, *, #2118, .F. ) ;
#2089 = LINE ( 'NONE', #2078, #605 ) ;
#2090 = DIRECTION ( 'NONE',  ( 0.0000000000000000000, 1.000000000000000000, -0.0000000000000000000 ) ) ;
#2091 = CARTESIAN_POINT ( 'NONE',  ( 0.4000000000000000222, 11.02999999999999936, 8.000000000000000000 ) ) ;
#2092 = CARTESIAN_POINT ( 'NONE',  ( 0.3000000000000000999, 8.589999999999999858, -2.899999999999999911 ) ) ;
#2093 = VERTEX_POINT ( 'NONE', #376 ) ;
#2094 = PLANE ( 'NONE',  #1162 ) ;
#2095 = PLANE ( 'NONE',  #534 ) ;
#2096 = ORIENTED_EDGE ( 'NONE', *, *, #1417, .F. ) ;
#2097 = FACE_OUTER_BOUND ( 'NONE', #594, .T. ) ;
#2098 = ORIENTED_EDGE ( 'NONE', *, *, #10, .T. ) ;
#2099 = VECTOR ( 'NONE', #1497, 1000.000000000000000 ) ;
#2100 = FACE_OUTER_BOUND ( 'NONE', #1989, .T. ) ;
#2101 = FILL_AREA_STYLE_COLOUR ( '', #1285 ) ;
#2102 = ADVANCED_FACE ( 'NONE', ( #994 ), #95, .F. ) ;
#2103 = FACE_OUTER_BOUND ( 'NONE', #2274, .T. ) ;
#2104 = AXIS2_PLACEMENT_3D ( 'NONE', #1211, #1562, #314 ) ;
#2105 = FACE_OUTER_BOUND ( 'NONE', #357, .T. ) ;
#2106 = VECTOR ( 'NONE', #980, 1000.000000000000000 ) ;
#2107 = ORIENTED_EDGE ( 'NONE', *, *, #585, .T. ) ;
#2108 = DIRECTION ( 'NONE',  ( 0.0000000000000000000, 1.000000000000000000, 0.0000000000000000000 ) ) ;
#2109 = DIRECTION ( 'NONE',  ( 0.0000000000000000000, 1.000000000000000000, 0.0000000000000000000 ) ) ;
#2110 = AXIS2_PLACEMENT_3D ( 'NONE', #320, #2246, #820 ) ;
#2111 = ORIENTED_EDGE ( 'NONE', *, *, #2029, .T. ) ;
#2112 = EDGE_LOOP ( 'NONE', ( #349, #39, #406, #560 ) ) ;
#2113 =( NAMED_UNIT ( * ) SI_UNIT ( $, .STERADIAN. ) SOLID_ANGLE_UNIT ( ) );
#2114 = ORIENTED_EDGE ( 'NONE', *, *, #1444, .T. ) ;
#2115 = CARTESIAN_POINT ( 'NONE',  ( 0.4000000000000000222, 9.289999999999999147, 8.400000000000000355 ) ) ;
#2116 = EDGE_CURVE ( 'NONE', #2093, #914, #1894, .T. ) ;
#2117 = DIRECTION ( 'NONE',  ( 0.0000000000000000000, 1.000000000000000000, -0.0000000000000000000 ) ) ;
#2118 = EDGE_CURVE ( 'NONE', #490, #1769, #454, .T. ) ;
#2119 = CARTESIAN_POINT ( 'NONE',  ( 0.4000000000000000222, 8.490000000000000213, 0.5000000000000004441 ) ) ;
#2120 = ORIENTED_EDGE ( 'NONE', *, *, #1037, .T. ) ;
#2121 = FACE_OUTER_BOUND ( 'NONE', #245, .T. ) ;
#2122 = DIRECTION ( 'NONE',  ( 0.0000000000000000000, 0.0000000000000000000, -1.000000000000000000 ) ) ;
#2123 = CARTESIAN_POINT ( 'NONE',  ( 0.1964466094067261748, 3.613553390593272407, -3.149999999999999023 ) ) ;
#2124 = EDGE_LOOP ( 'NONE', ( #1500, #28, #133, #1219 ) ) ;
#2125 = ORIENTED_EDGE ( 'NONE', *, *, #1557, .F. ) ;
#2126 = CARTESIAN_POINT ( 'NONE',  ( -0.2999999999999999889, 0.0000000000000000000, -2.899999999999999911 ) ) ;
#2127 = EDGE_LOOP ( 'NONE', ( #937, #2191, #747, #1031 ) ) ;
#2128 = FACE_OUTER_BOUND ( 'NONE', #2024, .T. ) ;
#2129 = ADVANCED_FACE ( 'NONE', ( #84 ), #1524, .F. ) ;
#2130 = LINE ( 'NONE', #1723, #310 ) ;
#2131 = CARTESIAN_POINT ( 'NONE',  ( -0.2999999999999999889, 4.110000000000001208, 0.0000000000000000000 ) ) ;
#2132 = VERTEX_POINT ( 'NONE', #396 ) ;
#2133 = EDGE_CURVE ( 'NONE', #762, #212, #645, .T. ) ;
#2134 = FACE_OUTER_BOUND ( 'NONE', #1959, .T. ) ;
#2135 = DIRECTION ( 'NONE',  ( 0.0000000000000000000, -0.0000000000000000000, 1.000000000000000000 ) ) ;
#2136 = CARTESIAN_POINT ( 'NONE',  ( 0.3000000000000000999, 6.650000000000001243, -2.899999999999999911 ) ) ;
#2137 = EDGE_LOOP ( 'NONE', ( #1166, #32, #916, #1832 ) ) ;
#2138 = ORIENTED_EDGE ( 'NONE', *, *, #954, .T. ) ;
#2139 = ORIENTED_EDGE ( 'NONE', *, *, #2200, .F. ) ;
#2140 = DIRECTION ( 'NONE',  ( 0.0000000000000000000, 0.0000000000000000000, -1.000000000000000000 ) ) ;
#2141 = VECTOR ( 'NONE', #249, 1000.000000000000000 ) ;
#2142 = CARTESIAN_POINT ( 'NONE',  ( 0.05000000000000000278, 8.939999999999999503, -3.149999999999999911 ) ) ;
#2143 = AXIS2_PLACEMENT_3D ( 'NONE', #899, #1610, #1290 ) ;
#2144 = LINE ( 'NONE', #535, #1288 ) ;
#2145 = VECTOR ( 'NONE', #1034, 1000.000000000000000 ) ;
#2146 = ORIENTED_EDGE ( 'NONE', *, *, #1836, .T. ) ;
#2147 = CARTESIAN_POINT ( 'NONE',  ( -0.4000000000000004108, 9.290000000000000924, 8.000000000000000000 ) ) ;
#2148 = PLANE ( 'NONE',  #2187 ) ;
#2149 = MECHANICAL_DESIGN_GEOMETRIC_PRESENTATION_REPRESENTATION (  '', ( #1839 ), #1727 ) ;
#2150 = EDGE_CURVE ( 'NONE', #527, #1969, #1361, .T. ) ;
#2151 = EDGE_LOOP ( 'NONE', ( #646, #1933, #2044, #1660 ) ) ;
#2152 = ORIENTED_EDGE ( 'NONE', *, *, #1140, .F. ) ;
#2153 = COLOUR_RGB ( '',0.8313725490196077761, 0.8313725490196077761, 0.0000000000000000000 ) ;
#2154 = EDGE_CURVE ( 'NONE', #1469, #1617, #27, .T. ) ;
#2155 = PRODUCT_DEFINITION_FORMATION_WITH_SPECIFIED_SOURCE ( 'ANY', '', #1448, .NOT_KNOWN. ) ;
#2156 =( NAMED_UNIT ( * ) PLANE_ANGLE_UNIT ( ) SI_UNIT ( $, .RADIAN. ) );
#2157 = ORIENTED_EDGE ( 'NONE', *, *, #2289, .F. ) ;
#2158 = FACE_OUTER_BOUND ( 'NONE', #876, .T. ) ;
#2159 = DIRECTION ( 'NONE',  ( -0.0000000000000000000, 1.000000000000000000, 0.0000000000000000000 ) ) ;
#2160 = ORIENTED_EDGE ( 'NONE', *, *, #186, .F. ) ;
#2161 = CARTESIAN_POINT ( 'NONE',  ( 0.7999999999999999334, 7.149999999999996803, 8.400000000000000355 ) ) ;
#2162 = DIRECTION ( 'NONE',  ( 1.000000000000000000, 0.0000000000000000000, 0.0000000000000000000 ) ) ;
#2163 = VERTEX_POINT ( 'NONE', #288 ) ;
#2164 = LINE ( 'NONE', #422, #193 ) ;
#2165 = ORIENTED_EDGE ( 'NONE', *, *, #2316, .T. ) ;
#2166 = EDGE_CURVE ( 'NONE', #2032, #2204, #621, .T. ) ;
#2167 = LINE ( 'NONE', #717, #489 ) ;
#2168 = DIRECTION ( 'NONE',  ( 1.000000000000000000, -0.0000000000000000000, 0.0000000000000000000 ) ) ;
#2169 = ORIENTED_EDGE ( 'NONE', *, *, #1924, .F. ) ;
#2170 = DIRECTION ( 'NONE',  ( -0.0000000000000000000, -0.0000000000000000000, -1.000000000000000000 ) ) ;
#2171 = CARTESIAN_POINT ( 'NONE',  ( 0.0000000000000000000, 2.540000000000000036, 8.400000000000000355 ) ) ;
#2172 = ORIENTED_EDGE ( 'NONE', *, *, #1271, .F. ) ;
#2173 = DIRECTION ( 'NONE',  ( 0.0000000000000000000, 0.7071067811865474617, 0.7071067811865474617 ) ) ;
#2174 = ORIENTED_EDGE ( 'NONE', *, *, #2193, .T. ) ;
#2175 = EDGE_CURVE ( 'NONE', #1826, #1717, #1108, .T. ) ;
#2176 = PLANE ( 'NONE',  #1470 ) ;
#2178 = EDGE_CURVE ( 'NONE', #1354, #2038, #1453, .T. ) ;
#2177 = DIRECTION ( 'NONE',  ( 0.0000000000000000000, 1.000000000000000000, -0.0000000000000000000 ) ) ;
#2179 = ORIENTED_EDGE ( 'NONE', *, *, #1599, .T. ) ;
#2180 = DIRECTION ( 'NONE',  ( 0.0000000000000000000, 0.7071067811865475727, -0.7071067811865475727 ) ) ;
#2181 = CARTESIAN_POINT ( 'NONE',  ( -0.7500000000000000000, 11.02999999999999936, 0.5000000000000000000 ) ) ;
#2182 = VECTOR ( 'NONE', #1699, 1000.000000000000000 ) ;
#2183 = ORIENTED_EDGE ( 'NONE', *, *, #563, .F. ) ;
#2184 = FACE_OUTER_BOUND ( 'NONE', #2217, .T. ) ;
#2185 = CARTESIAN_POINT ( 'NONE',  ( -0.4000000000000000222, 6.750000000000000000, 0.5000000000000004441 ) ) ;
#2186 = AXIS2_PLACEMENT_3D ( 'NONE', #504, #1223, #1363 ) ;
#2187 = AXIS2_PLACEMENT_3D ( 'NONE', #151, #1766, #675 ) ;
#2188 = ORIENTED_EDGE ( 'NONE', *, *, #1695, .F. ) ;
#2189 = VECTOR ( 'NONE', #1328, 1000.000000000000000 ) ;
#2190 = FACE_OUTER_BOUND ( 'NONE', #1701, .T. ) ;
#2191 = ORIENTED_EDGE ( 'NONE', *, *, #214, .F. ) ;
#2192 = CARTESIAN_POINT ( 'NONE',  ( -0.2999999999999999889, 0.0000000000000000000, 0.0000000000000000000 ) ) ;
#2193 = EDGE_CURVE ( 'NONE', #2276, #2311, #524, .T. ) ;
#2194 = DIRECTION ( 'NONE',  ( -0.0000000000000000000, 0.0000000000000000000, -1.000000000000000000 ) ) ;
#2195 = ORIENTED_EDGE ( 'NONE', *, *, #925, .F. ) ;
#2196 = CARTESIAN_POINT ( 'NONE',  ( -0.7500000000000000000, 12.69999999999999929, 0.5000000000000000000 ) ) ;
#2197 = DIRECTION ( 'NONE',  ( 0.5773502691896247319, -0.5773502691896275074, 0.5773502691896250649 ) ) ;
#2198 = VERTEX_POINT ( 'NONE', #812 ) ;
#2199 = CARTESIAN_POINT ( 'NONE',  ( -0.7999999999999996003, 5.549999999999998934, 8.400000000000000355 ) ) ;
#2200 = EDGE_CURVE ( 'NONE', #762, #880, #1147, .T. ) ;
#2201 = LINE ( 'NONE', #730, #566 ) ;
#2202 = CARTESIAN_POINT ( 'NONE',  ( 0.0000000000000000000, 6.400000000000000355, -2.899999999999999911 ) ) ;
#2203 = EDGE_CURVE ( 'NONE', #421, #2311, #1682, .T. ) ;
#2204 = VERTEX_POINT ( 'NONE', #929 ) ;
#2205 = FILL_AREA_STYLE_COLOUR ( '', #2212 ) ;
#2206 = DIRECTION ( 'NONE',  ( 0.0000000000000000000, -1.000000000000000000, -0.0000000000000000000 ) ) ;
#2207 = VERTEX_POINT ( 'NONE', #207 ) ;
#2208 = CARTESIAN_POINT ( 'NONE',  ( 0.3999999999999996891, 4.209999999999998188, 8.000000000000000000 ) ) ;
#2209 = VERTEX_POINT ( 'NONE', #260 ) ;
#2210 = CARTESIAN_POINT ( 'NONE',  ( 0.0000000000000000000, 10.63000000000000078, 8.400000000000000355 ) ) ;
#2211 = DIRECTION ( 'NONE',  ( 0.0000000000000000000, 0.0000000000000000000, -1.000000000000000000 ) ) ;
#2212 = COLOUR_RGB ( '',0.1294117647058823373, 0.1294117647058823373, 0.1294117647058823373 ) ;
#2213 = DIRECTION ( 'NONE',  ( -1.000000000000000000, -0.0000000000000000000, -0.0000000000000000000 ) ) ;
#2214 = LINE ( 'NONE', #608, #354 ) ;
#2215 = EDGE_CURVE ( 'NONE', #1275, #736, #275, .T. ) ;
#2216 = AXIS2_PLACEMENT_3D ( 'NONE', #690, #1970, #334 ) ;
#2217 = EDGE_LOOP ( 'NONE', ( #1843, #2020, #1261, #1422 ) ) ;
#2218 = AXIS2_PLACEMENT_3D ( 'NONE', #1449, #545, #580 ) ;
#2219 = ADVANCED_FACE ( 'NONE', ( #1346 ), #1287, .F. ) ;
#2220 = AXIS2_PLACEMENT_3D ( 'NONE', #2283, #1603, #2135 ) ;
#2221 = CARTESIAN_POINT ( 'NONE',  ( -0.05000000000000000278, 11.38000000000000078, -3.149999999999999911 ) ) ;
#2222 = DIRECTION ( 'NONE',  ( 1.000000000000000000, 0.0000000000000000000, 0.0000000000000000000 ) ) ;
#2223 = VECTOR ( 'NONE', #1888, 1000.000000000000000 ) ;
#2224 = DIRECTION ( 'NONE',  ( -0.0000000000000000000, -1.000000000000000000, -0.0000000000000000000 ) ) ;
#2225 = DIRECTION ( 'NONE',  ( 0.0000000000000000000, 0.0000000000000000000, -1.000000000000000000 ) ) ;
#2226 = DIRECTION ( 'NONE',  ( 0.0000000000000000000, 1.000000000000000000, 0.0000000000000000000 ) ) ;
#2227 = LINE ( 'NONE', #2265, #2254 ) ;
#2228 = EDGE_CURVE ( 'NONE', #6, #700, #2062, .T. ) ;
#2229 = VERTEX_POINT ( 'NONE', #1945 ) ;
#2230 = CARTESIAN_POINT ( 'NONE',  ( -0.4000000000000000222, 11.83000000000000007, 8.400000000000000355 ) ) ;
#2231 = EDGE_CURVE ( 'NONE', #2247, #421, #1979, .T. ) ;
#2232 =( BOUNDED_CURVE ( )  B_SPLINE_CURVE ( 3, ( #378, #1276, #1307, #409 ),
 .UNSPECIFIED., .F., .T. ) 
 B_SPLINE_CURVE_WITH_KNOTS ( ( 4, 4 ),
 ( 3.141592653589793116, 4.712388980384689674 ),
 .UNSPECIFIED. ) 
 CURVE ( )  GEOMETRIC_REPRESENTATION_ITEM ( )  RATIONAL_B_SPLINE_CURVE ( ( 1.000000000000000000, 0.8047378541243649375, 0.8047378541243649375, 1.000000000000000000 ) ) 
 REPRESENTATION_ITEM ( '' )  );
#2233 = CARTESIAN_POINT ( 'NONE',  ( 0.7500000000000000000, 2.540000000000000480, 0.5000000000000001110 ) ) ;
#2234 = PLANE ( 'NONE',  #49 ) ;
#2235 = LINE ( 'NONE', #2210, #2182 ) ;
#2236 = CARTESIAN_POINT ( 'NONE',  ( 0.2999999999999999889, 11.13000000000000078, 1.053775882719999890 ) ) ;
#2237 = CARTESIAN_POINT ( 'NONE',  ( 0.3999999999999998557, 11.83000000000000007, 8.000000000000000000 ) ) ;
#2238 = CARTESIAN_POINT ( 'NONE',  ( 0.1964466094067261748, 9.086446609406726438, -3.149999999999999023 ) ) ;
#2239 = EDGE_LOOP ( 'NONE', ( #2318, #473, #1984, #501, #759, #1189, #12, #1510 ) ) ;
#2240 = CARTESIAN_POINT ( 'NONE',  ( -0.2999999999999999334, 3.509999999999999787, -2.899999999999999911 ) ) ;
#2241 = CARTESIAN_POINT ( 'NONE',  ( -0.3000000000000000999, 9.189999999999999503, -2.899999999999999911 ) ) ;
#2242 = ADVANCED_FACE ( 'NONE', ( #132 ), #117, .F. ) ;
#2243 = SURFACE_STYLE_USAGE ( .BOTH. , #831 ) ;
#2244 = DIRECTION ( 'NONE',  ( 0.0000000000000000000, 0.0000000000000000000, -1.000000000000000000 ) ) ;
#2245 = EDGE_CURVE ( 'NONE', #1, #579, #1044, .T. ) ;
#2246 = DIRECTION ( 'NONE',  ( 0.0000000000000000000, 1.000000000000000000, 0.0000000000000000000 ) ) ;
#2247 = VERTEX_POINT ( 'NONE', #841 ) ;
#2248 = DIRECTION ( 'NONE',  ( 0.0000000000000000000, -1.000000000000000000, -0.0000000000000000000 ) ) ;
#2249 = CARTESIAN_POINT ( 'NONE',  ( -0.7999999999999996003, 10.62999999999999901, 8.400000000000000355 ) ) ;
#2250 = VECTOR ( 'NONE', #890, 1000.000000000000000 ) ;
#2251 = EDGE_LOOP ( 'NONE', ( #1561, #387, #703, #1795 ) ) ;
#2252 = VECTOR ( 'NONE', #2244, 1000.000000000000000 ) ;
#2253 = CARTESIAN_POINT ( 'NONE',  ( -0.2999999999999999889, 3.509999999999999343, -3.046446609406725958 ) ) ;
#2254 = VECTOR ( 'NONE', #968, 1000.000000000000000 ) ;
#2255 = ORIENTED_EDGE ( 'NONE', *, *, #2029, .F. ) ;
#2256 = DIRECTION ( 'NONE',  ( -0.5773502691896250649, 0.5773502691896261751, 0.5773502691896261751 ) ) ;
#2257 = MECHANICAL_DESIGN_GEOMETRIC_PRESENTATION_REPRESENTATION (  '', ( #1063 ), #572 ) ;
#2258 = SURFACE_STYLE_FILL_AREA ( #1698 ) ;
#2259 = VECTOR ( 'NONE', #1718, 1000.000000000000000 ) ;
#2260 = CARTESIAN_POINT ( 'NONE',  ( 1.250000000000000000, 2.540000000000000036, 8.400000000000000355 ) ) ;
#2261 =( GEOMETRIC_REPRESENTATION_CONTEXT ( 3 ) GLOBAL_UNCERTAINTY_ASSIGNED_CONTEXT ( ( #1547 ) ) GLOBAL_UNIT_ASSIGNED_CONTEXT ( ( #1905, #1398, #2113 ) ) REPRESENTATION_CONTEXT ( 'NONE', 'WORKASPACE' ) );
#2262 = FACE_OUTER_BOUND ( 'NONE', #943, .T. ) ;
#2263 = ADVANCED_FACE ( 'NONE', ( #2097 ), #1745, .T. ) ;
#2264 = DIRECTION ( 'NONE',  ( 0.0000000000000000000, 0.0000000000000000000, -1.000000000000000000 ) ) ;
#2265 = CARTESIAN_POINT ( 'NONE',  ( 0.0000000000000000000, 6.049999999999999822, -2.899999999999999467 ) ) ;
#2266 = EDGE_LOOP ( 'NONE', ( #451, #521, #2174, #2287 ) ) ;
#2267 = VERTEX_POINT ( 'NONE', #172 ) ;
#2268 = DIRECTION ( 'NONE',  ( 0.0000000000000000000, 0.7071067811865474617, 0.7071067811865474617 ) ) ;
#2269 = DIRECTION ( 'NONE',  ( -1.000000000000000000, 0.0000000000000000000, -0.0000000000000000000 ) ) ;
#2270 = FACE_OUTER_BOUND ( 'NONE', #1960, .T. ) ;
#2271 = EDGE_LOOP ( 'NONE', ( #398, #481, #884, #308 ) ) ;
#2272 = CYLINDRICAL_SURFACE ( 'NONE', #2063, 0.2500000000000002220 ) ;
#2273 = FACE_BOUND ( 'NONE', #1927, .T. ) ;
#2274 = EDGE_LOOP ( 'NONE', ( #694, #910, #1820, #149 ) ) ;
#2275 = LINE ( 'NONE', #2126, #2259 ) ;
#2276 = VERTEX_POINT ( 'NONE', #1893 ) ;
#2277 = LINE ( 'NONE', #587, #1685 ) ;
#2278 = CARTESIAN_POINT ( 'NONE',  ( 0.0000000000000000000, 4.110000000000001208, 1.053775882719999890 ) ) ;
#2279 = LINE ( 'NONE', #2091, #1612 ) ;
#2280 = LINE ( 'NONE', #497, #536 ) ;
#2281 = ORIENTED_EDGE ( 'NONE', *, *, #776, .T. ) ;
#2282 = PLANE ( 'NONE',  #751 ) ;
#2283 = CARTESIAN_POINT ( 'NONE',  ( 0.0000000000000000000, 12.69999999999999929, 0.0000000000000000000 ) ) ;
#2284 = ORIENTED_EDGE ( 'NONE', *, *, #493, .F. ) ;
#2285 = PRESENTATION_STYLE_ASSIGNMENT (( #1973 ) ) ;
#2286 = EDGE_CURVE ( 'NONE', #1465, #1932, #850, .T. ) ;
#2287 = ORIENTED_EDGE ( 'NONE', *, *, #2203, .F. ) ;
#2288 = MECHANICAL_DESIGN_GEOMETRIC_PRESENTATION_REPRESENTATION (  '', ( #1126 ), #1009 ) ;
#2289 = EDGE_CURVE ( 'NONE', #1156, #1205, #144, .T. ) ;
#2290 = FACE_OUTER_BOUND ( 'NONE', #840, .T. ) ;
#2291 = AXIS2_PLACEMENT_3D ( 'NONE', #1236, #1899, #469 ) ;
#2292 = FACE_OUTER_BOUND ( 'NONE', #513, .T. ) ;
#2293 = AXIS2_PLACEMENT_3D ( 'NONE', #2, #727, #1117 ) ;
#2294 = CARTESIAN_POINT ( 'NONE',  ( -1.250000000000000000, 2.540000000000000480, -2.769322388690903636E-15 ) ) ;
#2295 = VECTOR ( 'NONE', #1743, 1000.000000000000114 ) ;
#2296 = ORIENTED_EDGE ( 'NONE', *, *, #1705, .F. ) ;
#2297 = FACE_OUTER_BOUND ( 'NONE', #598, .T. ) ;
#2298 = DIRECTION ( 'NONE',  ( 0.0000000000000000000, -1.000000000000000000, 0.0000000000000000000 ) ) ;
#2299 = VECTOR ( 'NONE', #2317, 1000.000000000000000 ) ;
#2300 = ORIENTED_EDGE ( 'NONE', *, *, #1058, .F. ) ;
#2301 = ORIENTED_EDGE ( 'NONE', *, *, #1329, .T. ) ;
#2302 = DIRECTION ( 'NONE',  ( 0.0000000000000000000, 0.0000000000000000000, 1.000000000000000000 ) ) ;
#2303 = VERTEX_POINT ( 'NONE', #1733 ) ;
#2304 = DIRECTION ( 'NONE',  ( 0.0000000000000000000, -1.000000000000000000, 0.0000000000000000000 ) ) ;
#2305 = LINE ( 'NONE', #302, #79 ) ;
#2306 = CARTESIAN_POINT ( 'NONE',  ( -0.05000000000000000278, 11.73000000000000043, -3.149999999999999911 ) ) ;
#2307 = ORIENTED_EDGE ( 'NONE', *, *, #1006, .F. ) ;
#2308 = CARTESIAN_POINT ( 'NONE',  ( 0.7500000000000000000, 2.540000000000000480, -3.788906111696335115E-15 ) ) ;
#2309 = CARTESIAN_POINT ( 'NONE',  ( 0.4000000000000000222, 5.949999999999996625, 8.000000000000000000 ) ) ;
#2310 = DIRECTION ( 'NONE',  ( -0.0000000000000000000, -0.0000000000000000000, -1.000000000000000000 ) ) ;
#2311 = VERTEX_POINT ( 'NONE', #1209 ) ;
#2312 = DIRECTION ( 'NONE',  ( 0.0000000000000000000, -0.7071067811865475727, -0.7071067811865475727 ) ) ;
#2313 = ORIENTED_EDGE ( 'NONE', *, *, #228, .F. ) ;
#2314 = PLANE ( 'NONE',  #48 ) ;
#2315 = DIRECTION ( 'NONE',  ( 0.0000000000000000000, -0.0000000000000000000, -1.000000000000000000 ) ) ;
#2316 = EDGE_CURVE ( 'NONE', #2038, #516, #2275, .T. ) ;
#2317 = DIRECTION ( 'NONE',  ( 0.0000000000000000000, -0.0000000000000000000, 1.000000000000000000 ) ) ;
#2318 = ORIENTED_EDGE ( 'NONE', *, *, #1708, .F. ) ;
#2319 = DIRECTION ( 'NONE',  ( -1.000000000000000000, -0.0000000000000000000, 0.0000000000000000000 ) ) ;
#2320 = CARTESIAN_POINT ( 'NONE',  ( 1.250000000000000000, 0.0000000000000000000, 0.0000000000000000000 ) ) ;
#2321 = EDGE_LOOP ( 'NONE', ( #190, #1731, #1081, #1605 ) ) ;
#2322 = MANIFOLD_SOLID_BREP ( 'Body.2.2', #2058 ) ;
ENDSEC;
END-ISO-10303-21;
